	1	2	3	4	5	6	7	8	9	12	17	22	27	32	37	42	47	52	57	62	67	72	77	82	87	92	97	102	107	112	117	122	127	132	137	142	147	150
GLDS-375_rna-seq_FL1-1R_S2_L002_R1_raw	35.63680343092896	35.64083728596527	35.739709391726606	35.92190372107225	36.03386080795948	36.048793936483236	35.93701755914803	36.01190349996114	35.99153176992609	36.101796674033785	36.07930896764852	36.05084884714947	35.96536596976566	35.919452737014026	35.89799970865361	35.88481798329115	35.853427530998644	35.85328840171465	35.86619746131937	35.84081138670153	35.82085008602197	35.75440495588021	35.73394167609369	35.729661469146706	35.74376820305283	35.70554453161352	35.66145776599096	35.62870884610244	35.64631026537559	35.588150070706774	35.59557021789524	35.518622537984776	35.49287976726105	35.513197308817745	35.42124134699583	35.3731588192277	35.30855347165567	34.95461475129716
	1	2	3	4	5	6	7	8	9	12	17	22	27	32	37	42	47	52	57	62	67	72	77	82	87	92	97	102	107	112	117	122	127	132	137	142	147	150
GLDS-375_rna-seq_FL1-1R_S2_L002_R2_raw	33.81541202103027	33.92599907263402	35.029546621438605	34.74912718017986	34.831794931158036	34.91110228111871	34.78853243033293	34.93434601676477	34.96867587290924	35.00613049229412	35.02121679716016	34.993325468714886	34.90243789623191	34.84556270662101	34.84176831816067	34.79204817815831	34.76117678417963	34.7042268313771	34.67625103361311	34.67036691761693	34.57085392294994	34.554503602322576	34.48822051735446	34.48867703861998	34.55227907017579	34.51217819799003	34.45832023195855	34.354974430777105	34.368916071102824	34.43100744233959	34.351028085337184	34.31389115870998	34.1243955944263	34.05468705950523	34.05889863259041	33.95065910618438	33.6711749567614	33.1098786425209
	1	2	3	4	5	6	7	8	9	12	17	22	27	32	37	42	47	52	57	62	67	72	77	82	87	92	97	102	107	112	117	122	127	132	137	142	147	150
GLDS-375_rna-seq_FL1-1S_S1_L002_R1_raw	35.60800876399866	35.630061265352396	35.72777016237288	35.9126551614441	36.02824944405264	36.04821434412374	35.92731073559661	36.014039207137984	36.01015512935842	36.094852727912865	36.06281370496081	36.03455206231293	35.941601583017174	35.89594724606453	35.87032932706843	35.851162396977294	35.81658450518503	35.81774750766647	35.81959390506363	35.7946581096257	35.780655458040556	35.70268397660204	35.67561221196862	35.66607752923409	35.67195018724562	35.62805856339574	35.578796403393866	35.54821949794975	35.557790921308154	35.50959940529434	35.5158473069006	35.428789006587365	35.393266303018166	35.406764507285985	35.29600971156237	35.23463009791747	35.1668878305776	34.805127059111406
	1	2	3	4	5	6	7	8	9	12	17	22	27	32	37	42	47	52	57	62	67	72	77	82	87	92	97	102	107	112	117	122	127	132	137	142	147	150
GLDS-375_rna-seq_FL1-1S_S1_L002_R2_raw	34.08248209709301	34.14592629883959	35.00906051464795	34.757364067034175	34.80625951280211	34.81618587826728	34.736116061426046	34.81841743262942	34.77697648724794	34.77218750061606	34.71125897750426	34.66078609083343	34.555204553584325	34.48293960073982	34.46811739023608	34.420930721433855	34.3730626210782	34.31994219668296	34.29697533176095	34.28084692207355	34.18292776021682	34.16793851908008	34.10933980695724	34.09308043939565	34.13665356403967	34.10127942423274	34.04121794283003	33.95650231996601	33.95943789259451	34.011848939709935	33.952086541147466	33.9021932567276	33.73170679228001	33.65921069375849	33.65169335773213	33.538409453653806	33.26726607151845	32.70979745141895
	1	2	3	4	5	6	7	8	9	10	12	14	16	18	20	22	24	26	28	30	32	34	36	38	40	42	44	46	48	50	52	54	56	58	60	62	64	66	68	70	72	74	76	78	80	82	84	86	88	90	92	94	96	98	100
GLDS-375_rna-seq_FL10-1R_R1_raw	36.42472062703052	36.26940754592095	36.36072972264273	36.40845462390915	36.414975879967706	36.38673180025354	36.36920779641504	36.41565233376838	36.386712177950685	36.40418728176461	36.40718835552332	36.372565843813874	36.39632604390738	36.37752170038087	36.378576598150914	36.36866347304171	36.328870584891014	36.287663568938356	36.29939230385597	36.28989855269424	36.272608915979895	36.262642571863054	36.25646973107513	36.24227509907965	36.2453798491962	36.24505148881887	36.227780893005814	36.226313826514826	36.221674152038794	36.20746572905974	36.20794097292915	36.20384737987405	36.18243463359295	36.183114118987504	36.1682477017075	36.16132371086056	36.13901945449237	36.13492810744688	36.11481199394055	36.09650411890132	36.06637411785722	36.08340588913413	36.072245027814006	36.0407672548824	36.04918592533399	36.037586403453716	36.02789304121504	36.04831172578638	36.04486412178203	35.98135582222277	35.98414978205574	36.01153748148816	35.983653254736154	35.97260255170919	35.860144708081215
	1	2	3	4	5	6	7	8	9	10	12	14	16	18	20	22	24	26	28	30	32	34	36	38	40	42	44	46	48	50	52	54	56	58	60	62	64	66	68	70	72	74	76	78	80	82	84	86	88	90	92	94	96	98	100
GLDS-375_rna-seq_FL10-1R_R2_raw	36.04864413174961	35.95434963642157	35.94806550222315	35.87615959763689	35.903584074179086	35.798569246881826	35.70819141165373	35.72401381922308	35.7237925820843	35.71232148419638	35.70080748025718	35.65483684401249	35.61781114699766	35.607481302315975	35.61236686812577	35.56469632444505	35.55570823691325	35.49967782047503	35.49290949643668	35.50466357423326	35.45288379848746	35.44908898700501	35.45875683678926	35.446128310272975	35.46216362155866	35.44839318429865	35.41393018426173	35.41192972682328	35.39592299073242	35.36962861694499	35.38694662467148	35.35824673651168	35.3271037885891	35.31687541232358	35.28497895758922	35.30019873205316	35.283809665600316	35.235661638962014	35.244508857739376	35.2234655160176	35.23373332722862	35.23989908737604	35.25061868567185	35.19291052081087	35.21569746160422	35.16773017817778	35.140004227619954	35.16264692891407	35.165763711966605	35.17749430183206	35.15039006680962	35.06512921251823	35.097336097620925	35.049870999797164	34.899901698145925
	1	2	3	4	5	6	7	8	9	10	12	14	16	18	20	22	24	26	28	30	32	34	36	38	40	42	44	46	48	50	52	54	56	58	60	62	64	66	68	70	72	74	76	78	80	82	84	86	88	90	92	94	96	98	100
GLDS-375_rna-seq_FL10-1S_R1_raw	36.405007381447476	36.22761250880123	36.33955737206607	36.398990290426866	36.41060877336204	36.37529562826264	36.35368277451363	36.40731582517237	36.3728959018152	36.390779011986936	36.39565909540504	36.370179794853925	36.3829269352226	36.377639180073544	36.37698611700729	36.36371662387325	36.32387278154782	36.2909843836719	36.297315914195536	36.2788385828912	36.26898015079029	36.256119153361155	36.24074549833299	36.224192706848555	36.22810267136772	36.22293635468895	36.20565511501623	36.20427921867698	36.19352228545434	36.17683194978196	36.179092751672734	36.16199757721078	36.14257595476835	36.14417237456925	36.11762839773729	36.11334431931291	36.08780133916664	36.07786908494583	36.06785346070079	36.04825935162866	36.01619305040322	36.030773362923455	36.014719844439156	35.983152760999104	35.98343603389975	35.97863259280104	35.96257000210869	35.98120590167861	35.981350755449895	35.908202272489575	35.90887237992423	35.92908074034111	35.89923059351065	35.8835446098818	35.77457623359434
	1	2	3	4	5	6	7	8	9	10	12	14	16	18	20	22	24	26	28	30	32	34	36	38	40	42	44	46	48	50	52	54	56	58	60	62	64	66	68	70	72	74	76	78	80	82	84	86	88	90	92	94	96	98	100
GLDS-375_rna-seq_FL10-1S_R2_raw	36.202771800804754	36.123658663846555	36.196496330240876	36.15331155810858	36.17152715875909	36.128565139914855	36.07561151948884	36.05259446122331	36.13557655513106	36.12143786291806	36.14037007456403	36.141286083008595	36.09169026686631	36.09675886618058	36.11286864424719	36.06114761664939	36.05813377901773	35.99515649847699	35.975929474047746	35.977710413046424	35.92094661814247	35.928124913567686	35.928903224921925	35.906607347734194	35.934874568399046	35.91299213500723	35.86225188700229	35.850077319337174	35.84020185136244	35.81405466470852	35.81941588095795	35.78173849550579	35.737398664795236	35.73493971840546	35.71614943839634	35.715630589643915	35.71358433952729	35.648450557757315	35.660891184063146	35.62420296659844	35.64898324417538	35.64278804311521	35.66695381451011	35.607581211892054	35.6085317507914	35.559030211709995	35.529902562616755	35.543267781137025	35.546366861847126	35.547881559571685	35.5248150416326	35.42446185241849	35.469676777444334	35.43317668937256	35.23856987581132
	1	2	3	4	5	6	7	8	9	12	17	22	27	32	37	42	47	52	57	62	67	72	77	82	87	92	97	102	107	112	117	122	127	132	137	142	147	150
GLDS-375_rna-seq_FL11-1R_S14_L002_R1_raw	35.61225373623628	35.62686204874282	35.725258972479594	35.90805240673347	36.02495615745914	36.04012573291117	35.927382252519436	36.005018746098955	35.990108298511466	36.084178771362666	36.05896755733319	36.03103284771053	35.94220905503384	35.89594905809816	35.87626707873503	35.862229865354045	35.825104943239445	35.82849707381986	35.83737302911923	35.81085573890423	35.78785134987388	35.71840038517113	35.688085128092055	35.68845454798394	35.705750607117146	35.66552829776812	35.61734682516848	35.58798757137332	35.60580021767241	35.54746386111113	35.549731405125016	35.472358552873494	35.423511190073086	35.43593574546669	35.31204749765369	35.20975544661784	35.065248162692924	34.61687329944732
	1	2	3	4	5	6	7	8	9	12	17	22	27	32	37	42	47	52	57	62	67	72	77	82	87	92	97	102	107	112	117	122	127	132	137	142	147	150
GLDS-375_rna-seq_FL11-1R_S14_L002_R2_raw	33.9807244659461	34.13891093130396	34.97005237745019	34.71284536286056	34.76770480080255	34.785208654453534	34.71276643982133	34.79590885823933	34.77569225454215	34.761007705383136	34.70960401199346	34.661884080659846	34.55849451549535	34.49611926822992	34.492546832710396	34.446094642322834	34.400909734026435	34.35432123036846	34.33295684707631	34.32438390285358	34.22643792500651	34.21179182788637	34.15712311506066	34.14580455009675	34.192455224419454	34.163864193805956	34.112158423735046	34.017807907579616	34.01937690761095	34.07021917954161	33.993940304064765	33.938512903896054	33.75398351317733	33.66254287946704	33.628953450882776	33.480177865499705	33.167788662788844	32.56556725454737
	1	2	3	4	5	6	7	8	9	12	17	22	27	32	37	42	47	52	57	62	67	72	77	82	87	92	97	102	107	112	117	122	127	132	137	142	147	150
GLDS-375_rna-seq_FL11-1S_S13_L002_R1_raw	35.60205209702681	35.597364814417446	35.71085711011841	35.89503716734798	36.01770636144228	36.042239709372275	35.910842948310815	36.00228693691601	35.978242796727024	36.08443829167177	36.058797027741875	36.027009747775246	35.93529427072844	35.89147664280163	35.86278623948397	35.84924135142916	35.80619501078039	35.810534259907364	35.81242511002803	35.78746522674392	35.76816626042811	35.69385627029497	35.66605763721201	35.65819246111706	35.67042719368316	35.6215404388533	35.57486163490336	35.531431553650485	35.550387395372596	35.49431894986365	35.50022877438566	35.40847253338935	35.36992062327017	35.374544339133465	35.24895059055612	35.15718396019953	35.0419884751398	34.641612460991986
	1	2	3	4	5	6	7	8	9	12	17	22	27	32	37	42	47	52	57	62	67	72	77	82	87	92	97	102	107	112	117	122	127	132	137	142	147	150
GLDS-375_rna-seq_FL11-1S_S13_L002_R2_raw	34.03963735954778	34.14873307299188	35.17440857810139	34.90136331270098	34.960512428801785	35.026097736780414	34.93635827571049	35.066438983892326	35.034243163347035	35.07930547698158	35.07007946952801	35.0460716551152	34.94769967123223	34.888947455591875	34.87458811566122	34.83504005754024	34.798923352948485	34.745638133000355	34.714195403222504	34.70747362161601	34.60304955630707	34.58937592760344	34.526100924195795	34.51840390779817	34.5702636469963	34.53486071499107	34.46742662539525	34.37011532458883	34.370743104205005	34.42341894278273	34.34251127850795	34.273997852058606	34.06987117126017	33.96596120780987	33.91465882921123	33.7340634778481	33.3798736909322	32.78542343165882
	1	2	3	4	5	6	7	8	9	10	12	14	16	18	20	22	24	26	28	30	32	34	36	38	40	42	44	46	48	50	52	54	56	58	60	62	64	66	68	70	72	74	76	78	80	82	84	86	88	90	92	94	96	98	100
GLDS-375_rna-seq_FL12-1R_R1_raw	36.4606882235818	36.3098993386501	36.398741213013054	36.43638648122386	36.445186182764836	36.41616697731967	36.39777557726321	36.44491894521068	36.41284134482774	36.431262129442686	36.43549447743456	36.39767034124925	36.42004313523644	36.403773408255304	36.40504979920523	36.39506245196726	36.354845315927356	36.31672848708542	36.329715201059166	36.318418058177	36.299253893890125	36.28973228650668	36.2856511837089	36.26890055608193	36.27194055166574	36.27052349914449	36.25491657639641	36.254796866166416	36.248384857555365	36.23193241950538	36.23165816506547	36.22378810372994	36.208769800539685	36.209363562935025	36.19205585935048	36.184908843831494	36.162522581741726	36.157335816381064	36.14443890990879	36.120540442008874	36.0885664238139	36.09885503942242	36.088662358675926	36.06646107896697	36.071071207451624	36.05880275485785	36.04575431387988	36.06447628050371	36.06527672364962	36.00204348121857	36.003753191851786	36.025368619894465	35.99685868922208	35.986981163802795	35.88020922479269
	1	2	3	4	5	6	7	8	9	10	12	14	16	18	20	22	24	26	28	30	32	34	36	38	40	42	44	46	48	50	52	54	56	58	60	62	64	66	68	70	72	74	76	78	80	82	84	86	88	90	92	94	96	98	100
GLDS-375_rna-seq_FL12-1R_R2_raw	36.31483065050659	36.23920212905009	36.29691314284638	36.24553011639161	36.28296744297144	36.215469812368646	36.16528552908558	36.20306371654393	36.22545274652524	36.23970839411864	36.25845764671235	36.25043857263192	36.2300695637213	36.22555838843906	36.2366389707955	36.194135793830306	36.193109730819394	36.14203328397792	36.13180116185637	36.14467580860799	36.089247756943436	36.094085396613686	36.10708060857584	36.09063567967313	36.104971168631195	36.08788539295023	36.04718920440425	36.032130825080664	36.02621807760666	35.99779264319298	36.015559475646135	35.98588913774772	35.95016174202337	35.94233640739716	35.91430327519123	35.92563904333066	35.9131413739083	35.8590256741934	35.86218762972872	35.843214514730015	35.855843838201444	35.85574194006605	35.87008299935188	35.813329546489214	35.82560131537115	35.7846225730287	35.76023865754099	35.77493612280609	35.77552509644677	35.79073617184052	35.75943643102657	35.66491065034492	35.707523161185364	35.6594642558933	35.48951008829108
	1	2	3	4	5	6	7	8	9	10	12	14	16	18	20	22	24	26	28	30	32	34	36	38	40	42	44	46	48	50	52	54	56	58	60	62	64	66	68	70	72	74	76	78	80	82	84	86	88	90	92	94	96	98	100
GLDS-375_rna-seq_FL12-1S_R1_raw	36.42910328413528	36.25223516416136	36.35822265302015	36.40652596126121	36.418486233753555	36.38247593307215	36.362059457577615	36.41771103225423	36.38556889072058	36.40282134656984	36.4027027239669	36.378208390950135	36.387546946271485	36.384114860401354	36.383411506703894	36.368046685471526	36.3297951718704	36.29795439141119	36.30107946520167	36.28175793138712	36.273477375208685	36.260723182565414	36.24170258781891	36.22828458396272	36.22896288406196	36.22193405706687	36.20506504496173	36.20659781585399	36.195147108810886	36.17614546554708	36.17473080308904	36.162031699257945	36.14307053465377	36.1474847458269	36.11699062658792	36.106212175736346	36.08409512117336	36.082149686231936	36.07112106804755	36.04590932415472	36.01250138170715	36.02515084885471	36.012600795743026	35.98838777607149	35.987882353075854	35.97251686730468	35.94945755976731	35.97523076619501	35.9754700535238	35.902318620534615	35.89792646525909	35.91339489148741	35.883466886554956	35.8689371723278	35.77090993194094
	1	2	3	4	5	6	7	8	9	10	12	14	16	18	20	22	24	26	28	30	32	34	36	38	40	42	44	46	48	50	52	54	56	58	60	62	64	66	68	70	72	74	76	78	80	82	84	86	88	90	92	94	96	98	100
GLDS-375_rna-seq_FL12-1S_R2_raw	36.198101502841425	36.02594225636984	36.04607883975909	35.98634141854259	35.986602994600084	35.9136505255008	35.82722909648547	35.827635968860626	35.84703674771563	35.86543318529866	35.86526348536965	35.840027730767986	35.783595812904906	35.78773191216066	35.78990596300473	35.74083456916532	35.733300188207096	35.670873839237444	35.65907327918936	35.66014694107547	35.597224996523536	35.6007240601447	35.60058729611731	35.59162803723583	35.600284523504236	35.57658773892329	35.53849109681946	35.520330716033484	35.50961385871338	35.48444629937545	35.49580410680328	35.46084079429326	35.41576705250728	35.40083988101321	35.37600493062574	35.37819820943947	35.387697874191765	35.3285244863537	35.341717449235006	35.29589408826857	35.329341000824165	35.31580590716989	35.33898811073129	35.28498424305722	35.274429353732806	35.22436410087229	35.19530103928243	35.20041720231566	35.20495742362902	35.20258082911665	35.17527974610077	35.07885056148096	35.12085023889345	35.08444830172305	34.88901349611385
	1	2	3	4	5	6	7	8	9	10	12	14	16	18	20	22	24	26	28	30	32	34	36	38	40	42	44	46	48	50	52	54	56	58	60	62	64	66	68	70	72	74	76	78	80	82	84	86	88	90	92	94	96	98	100
GLDS-375_rna-seq_FL2-1R_R1_raw	36.449334542035125	36.306615284159655	36.39534383333021	36.43443713475264	36.4427552792549	36.418858252758376	36.40130866232419	36.44665319824144	36.41555363978943	36.43626999569103	36.43927995808214	36.4086386129356	36.43024545644364	36.41912077570116	36.417544550018384	36.409730690166654	36.37714327921319	36.34309839174854	36.353242537223394	36.33866577739698	36.324170222126234	36.31093611733637	36.304280330055875	36.283734728657066	36.286159456486374	36.282239290839115	36.2674506591559	36.26890474812494	36.263634315116875	36.24447623632614	36.243509216502936	36.236657711852004	36.22275301261108	36.22557523263136	36.2066040319638	36.19704182996479	36.17424022580075	36.17195599223143	36.16169834094467	36.14020131090474	36.10665859377045	36.11782036771377	36.10904987444372	36.089134965490246	36.09400924897781	36.080420362807615	36.06594962764932	36.08735374334945	36.08936016759552	36.02995100417977	36.03077291141956	36.05083872418742	36.02232748330009	36.01540203917538	35.913421012235716
	1	2	3	4	5	6	7	8	9	10	12	14	16	18	20	22	24	26	28	30	32	34	36	38	40	42	44	46	48	50	52	54	56	58	60	62	64	66	68	70	72	74	76	78	80	82	84	86	88	90	92	94	96	98	100
GLDS-375_rna-seq_FL2-1R_R2_raw	36.1417907549468	36.07850692234981	36.105491558488005	36.06872370830336	36.098617463792245	36.025433242142604	35.97267590744442	35.9601204415537	36.00033450242635	35.97841358977588	35.99482325683967	35.99818994516835	35.95646389073354	35.93975865097052	35.957479011340496	35.909796149210294	35.905614633527776	35.846985040791296	35.8374888534237	35.84782173669749	35.793743623231606	35.79801678774841	35.810464076068364	35.792405868170604	35.80686894470569	35.79111134864203	35.75430676021541	35.74691088371229	35.73217135209918	35.70604651505906	35.72522993868402	35.69579969773401	35.66332646778595	35.65515992158279	35.625693756481226	35.63632955855935	35.619474557023494	35.568378800180874	35.56843718705505	35.55278548062081	35.55616622454869	35.56273242715783	35.57509853021337	35.51739935023855	35.54157939469375	35.497260415945576	35.46851160340836	35.493088974149835	35.493154595239915	35.50320434866581	35.47791012307404	35.38434998579354	35.4244059703679	35.37213295774262	35.215638305965626
	1	2	3	4	5	6	7	8	9	10	12	14	16	18	20	22	24	26	28	30	32	34	36	38	40	42	44	46	48	50	52	54	56	58	60	62	64	66	68	70	72	74	76	78	80	82	84	86	88	90	92	94	96	98	100
GLDS-375_rna-seq_FL2-1S_R1_raw	36.415969954601664	36.24698782575476	36.34588842488516	36.40107755215691	36.41130550926913	36.3761811491561	36.35864346551328	36.4145875397699	36.382332550003326	36.3992189406337	36.39954563959071	36.37205961512206	36.38762892159635	36.382414392554615	36.382153786678586	36.3664526379534	36.327810651672145	36.29469750016004	36.30059399245343	36.283095663840584	36.27090810965129	36.259959049719804	36.245012276175515	36.233489701002455	36.233306404681	36.229226997683156	36.21162991272324	36.21257836977444	36.2032604842641	36.18470213881619	36.18518638219833	36.17302520557492	36.15459739717318	36.156977792252434	36.129011846079486	36.120583095029886	36.10070163247963	36.097842413725445	36.08351755158511	36.060349078038605	36.02784780649988	36.04116282138854	36.02626495780149	36.00228963155728	36.00294998227615	35.98883098614017	35.97012569121467	35.9950303895166	35.99324326177704	35.9216701109569	35.91773636894947	35.936853039542115	35.90900333945951	35.89306966126208	35.794659558065966
	1	2	3	4	5	6	7	8	9	10	12	14	16	18	20	22	24	26	28	30	32	34	36	38	40	42	44	46	48	50	52	54	56	58	60	62	64	66	68	70	72	74	76	78	80	82	84	86	88	90	92	94	96	98	100
GLDS-375_rna-seq_FL2-1S_R2_raw	36.12263884218811	35.987156246885895	35.996874478047594	35.9346519381565	35.94492862291165	35.86313556166999	35.79505220508123	35.80533233723424	35.80917655877182	35.81509283216787	35.81072416279922	35.76696824354043	35.72655839268389	35.729122709754165	35.73410912630217	35.68220573382649	35.672023603902275	35.611504090988106	35.595632880302986	35.60226005106044	35.53853451199535	35.540306254893224	35.54510344990469	35.53364949120841	35.54040076000206	35.51847867823783	35.4825991142425	35.46546494189042	35.453030210931445	35.427801527669615	35.441309174201116	35.410250709109434	35.36755036898966	35.35172148422909	35.326324259674415	35.328361261606744	35.33615091398514	35.27782620432586	35.28462795346593	35.246461364179254	35.27635528832697	35.26469343330787	35.28926682507294	35.235274541526124	35.23231686475738	35.184978456870965	35.153856355797984	35.16313480755171	35.16741818282769	35.164823017347416	35.1416906751824	35.04558930925458	35.087921486342275	35.04704090408009	34.866687032003824
	1	2	3	4	5	6	7	8	9	10	12	14	16	18	20	22	24	26	28	30	32	34	36	38	40	42	44	46	48	50	52	54	56	58	60	62	64	66	68	70	72	74	76	78	80	82	84	86	88	90	92	94	96	98	100
GLDS-375_rna-seq_FL3-1R_R1_raw	36.44511125219043	36.30309907898585	36.38961334148183	36.428996348207136	36.43329400104585	36.4040580733036	36.38236167931562	36.43191147912609	36.402687818253604	36.42172346892597	36.42484569787989	36.38565032499458	36.41087925259548	36.394243731377856	36.39257295586914	36.38366830444134	36.343438730187906	36.30630777580524	36.31625346177598	36.310017932692716	36.28864337624127	36.279445476652114	36.28086357463626	36.264106923434866	36.267254828560894	36.26411898323872	36.24962991432277	36.24875110877544	36.24262781298228	36.22516168259155	36.22651052060088	36.2198610560651	36.20512289757687	36.20713929107018	36.18811927030347	36.17832501734052	36.15807128006692	36.15487559269848	36.13993123584093	36.12111118361591	36.0902551651001	36.10223754059286	36.09140586602997	36.06967198954326	36.0768807390859	36.061711030262906	36.051011106736624	36.070788913740046	36.071125381553735	36.01028814084514	36.01419281829898	36.03727663952659	36.00867851046985	35.997656228172175	35.89344768793032
	1	2	3	4	5	6	7	8	9	10	12	14	16	18	20	22	24	26	28	30	32	34	36	38	40	42	44	46	48	50	52	54	56	58	60	62	64	66	68	70	72	74	76	78	80	82	84	86	88	90	92	94	96	98	100
GLDS-375_rna-seq_FL3-1R_R2_raw	36.193620879280516	36.111647000844236	36.15627426575876	36.09946007279909	36.13039486918108	36.04988681741983	35.985478039736215	36.015926595394056	36.053428829653015	36.03540494225899	36.05136329370851	36.02740083829846	36.00100318075363	35.988542807901766	36.00283926625583	35.956406754378406	35.95033049467638	35.894215898864275	35.88646852806395	35.90193525150571	35.85178768099104	35.85037248549966	35.860169690936786	35.84317107608631	35.859736462654176	35.845072608694586	35.80714224782848	35.79889065370128	35.788010040182996	35.75747472748145	35.776532484224134	35.745232987663464	35.71366713651824	35.705338988698266	35.67508920559801	35.68745655587753	35.67234274413832	35.61948303512261	35.62251842135039	35.60948931700233	35.61654989304011	35.62033731050052	35.62977994413776	35.5706678194573	35.59516762873889	35.55235601049379	35.52231139043334	35.542635790731744	35.54593225493363	35.56041242358581	35.53094801289883	35.43371489462677	35.476272642933296	35.42449680611196	35.27063725367377
	1	2	3	4	5	6	7	8	9	10	12	14	16	18	20	22	24	26	28	30	32	34	36	38	40	42	44	46	48	50	52	54	56	58	60	62	64	66	68	70	72	74	76	78	80	82	84	86	88	90	92	94	96	98	100
GLDS-375_rna-seq_FL3-1S_R1_raw	36.410175552222036	36.24944851051128	36.353589813804255	36.40728492975151	36.416030949609095	36.386416316486354	36.36613990912047	36.4210922148462	36.389292429749126	36.409676260231	36.407934141632225	36.37943497365239	36.39637907386705	36.38851444328063	36.388171840424796	36.376024940443315	36.33509982579759	36.302247122355496	36.30955985326097	36.29258492634885	36.28209269026543	36.26871410973722	36.259616531518134	36.24059491720547	36.240965834062926	36.23329218983607	36.216340542943485	36.21845583338316	36.20605720423098	36.18759140682765	36.18894308685517	36.17989515692868	36.16069670896205	36.16526445067053	36.13522189900411	36.12366629433812	36.10449295614903	36.10112820300748	36.085959504947205	36.06648023637587	36.029381545148496	36.045575478947534	36.035129712703856	36.012036216803715	36.01000870320524	35.99378702666706	35.98045342983711	35.99758218098167	36.0007653413804	35.93647381770509	35.93597071157063	35.946138002392374	35.91743159928657	35.911378575150614	35.80227989478153
	1	2	3	4	5	6	7	8	9	10	12	14	16	18	20	22	24	26	28	30	32	34	36	38	40	42	44	46	48	50	52	54	56	58	60	62	64	66	68	70	72	74	76	78	80	82	84	86	88	90	92	94	96	98	100
GLDS-375_rna-seq_FL3-1S_R2_raw	36.09559200389572	36.0318113993356	36.06057307315938	36.01214301281955	36.02886049793625	35.9489260424447	35.86797817591803	35.905679274160256	35.93600753008124	35.898529103937356	35.88016961719152	35.86614597395213	35.83080473950616	35.824010873848	35.835994809397505	35.79095035972226	35.78344356708933	35.72365411570945	35.71162348696946	35.7162024005102	35.66965794443939	35.67012371663846	35.66965903542186	35.65339886524251	35.6710717159729	35.65280013492446	35.618161166750596	35.60339498538242	35.59683680200327	35.567633705506395	35.58304212333982	35.55040819624372	35.51886578851398	35.50928758527155	35.478867059723314	35.48890174892822	35.48434477530259	35.43048228804142	35.43756551747012	35.40384032442485	35.42707785148648	35.41817923153033	35.439471910538884	35.38886966545331	35.39133689652788	35.34590260531509	35.31667728541949	35.32743404179873	35.323278777366355	35.33091078815606	35.3012058096586	35.211709773374	35.249217608797174	35.21027075461634	35.03556579643519
	1	2	3	4	5	6	7	8	9	10	12	14	16	18	20	22	24	26	28	30	32	34	36	38	40	42	44	46	48	50	52	54	56	58	60	62	64	66	68	70	72	74	76	78	80	82	84	86	88	90	92	94	96	98	100
GLDS-375_rna-seq_FL4-1R_R1_raw	36.43768682691753	36.28059711295881	36.368179367252985	36.41481638071372	36.424512797385646	36.397354394674146	36.379604852602135	36.42720291063017	36.397268934762096	36.41515866949882	36.41712200953516	36.383846590599035	36.40569821619315	36.38862510140524	36.38975818089517	36.37971365601771	36.340500786566494	36.302727184075536	36.310507226492795	36.29961057661969	36.281910524788515	36.27385641593348	36.27065899868133	36.25493849840569	36.25728927710183	36.253956921312394	36.23672227985672	36.2362978958145	36.2314668166309	36.21188751403349	36.21156489047553	36.20474739103921	36.18886604167304	36.190721886985834	36.17367923994203	36.163436537276496	36.14039842749115	36.13727713120089	36.122152430390926	36.10331752188154	36.0689604457594	36.08291222941021	36.071979706662646	36.04988924090295	36.05991501044271	36.046797541186066	36.03214166186897	36.05485863489437	36.0526189866076	35.992714581216504	35.99313007544548	36.01576730731065	35.98678226480088	35.97745448498861	35.87340461053438
	1	2	3	4	5	6	7	8	9	10	12	14	16	18	20	22	24	26	28	30	32	34	36	38	40	42	44	46	48	50	52	54	56	58	60	62	64	66	68	70	72	74	76	78	80	82	84	86	88	90	92	94	96	98	100
GLDS-375_rna-seq_FL4-1R_R2_raw	36.10846872339517	35.98819530371455	35.97778849184403	35.92892157559302	35.938990760409766	35.85171201425195	35.77407474293243	35.74618137413607	35.76831417492106	35.773412548642014	35.7399931155056	35.70329184673798	35.66426620542681	35.64056951767753	35.653328478886124	35.60127126575166	35.5919862313829	35.53012125047056	35.52232606517018	35.52867513030061	35.48149879246833	35.483197780588426	35.487921504435796	35.47180415685654	35.487492590305806	35.46930712989119	35.437218884339124	35.43135424046531	35.41520376516734	35.391167967438136	35.408095221143824	35.3779732466336	35.346388293831964	35.33799965541907	35.307756572690785	35.32144855387247	35.304568397592035	35.256656632922365	35.261578611995205	35.241674219458716	35.250876055087446	35.25400499444886	35.26690307194234	35.21160227337924	35.22957823465825	35.18651477124942	35.15959338892466	35.17738774789056	35.17897517582374	35.18784379058663	35.163972663483534	35.077257553168266	35.111190984775334	35.06269797887076	34.913062001623075
	1	2	3	4	5	6	7	8	9	10	12	14	16	18	20	22	24	26	28	30	32	34	36	38	40	42	44	46	48	50	52	54	56	58	60	62	64	66	68	70	72	74	76	78	80	82	84	86	88	90	92	94	96	98	100
GLDS-375_rna-seq_FL4-1S_R1_raw	36.13892864143237	35.948053504057626	36.12674933395513	36.2276432093009	36.25576096416307	36.22510366155381	36.22606192051408	36.29677655750219	36.26399168427637	36.286618198998035	36.29677573280914	36.263480890019395	36.28460659654617	36.274374561167726	36.27510829315024	36.25935602022103	36.213992288621746	36.174003558395874	36.177490910400735	36.15850249899604	36.14576592237231	36.13661486629316	36.12637018562131	36.10888793862105	36.10892466752865	36.104183563030816	36.08735738082711	36.09010868140026	36.07875675151931	36.05874298034807	36.05718441357284	36.04853111988239	36.02743777396722	36.03160639115464	36.000390874438104	35.98791999931069	35.965387624159575	35.96002445627235	35.94836078812375	35.922892462766846	35.88573605491088	35.90019693584095	35.88725530702218	35.86147145066866	35.86015060166469	35.84125430675542	35.822245316682	35.844618440169214	35.84909465497793	35.77312224329704	35.767982348166896	35.785409426638424	35.751448846089914	35.74087009171369	35.62006860724558
	1	2	3	4	5	6	7	8	9	10	12	14	16	18	20	22	24	26	28	30	32	34	36	38	40	42	44	46	48	50	52	54	56	58	60	62	64	66	68	70	72	74	76	78	80	82	84	86	88	90	92	94	96	98	100
GLDS-375_rna-seq_FL4-1S_R2_raw	36.03129579543049	35.881628284607444	35.90959350561784	35.844099785556615	35.85320974872745	35.75508171346509	35.6370009858604	35.65665615300434	35.721070590400416	35.70211349155991	35.660443087644936	35.64321814058056	35.59955734858333	35.58931147811994	35.60500356993299	35.54358543566992	35.53300888047515	35.46357088550737	35.45056055374427	35.45695538256837	35.3975049401476	35.39907893126001	35.39848278556777	35.38254198437143	35.39447548607215	35.37330240264784	35.33128003949798	35.31480499613137	35.303726353204674	35.269955812860545	35.2842915638016	35.25257697034181	35.21279507914592	35.20067545882807	35.16866450418977	35.17497107797183	35.17275487003366	35.11401158901624	35.120154242169065	35.082490124064506	35.10873219619788	35.102850859064276	35.125746219424514	35.066186865978025	35.071486326327246	35.018495631536496	34.98335894849987	34.99699629181066	34.997791789866284	35.00438302878951	34.971416525510286	34.870414520879066	34.91336282533035	34.870928811490955	34.681818525830764
	1	2	3	4	5	6	7	8	9	12	17	22	27	32	37	42	47	52	57	62	67	72	77	82	87	92	97	102	107	112	117	122	127	132	137	142	147	150
GLDS-375_rna-seq_FL5-1R_S6_L002_R1_raw	35.62062397045584	35.63791274400539	35.71224050906767	35.900586104474634	36.000235521386	36.01898247209328	35.912971909190595	35.98452214391903	35.97761154653035	36.083693964305624	36.05968636615521	36.0405590351116	35.956679424923294	35.90343366408662	35.88240204101461	35.87380556624407	35.84390863976697	35.83318123657954	35.857077407799025	35.826475847828554	35.80603309717387	35.72910397821002	35.71641433678731	35.71577165530162	35.73749567119047	35.70201503271968	35.65435212361455	35.62579828960843	35.63574821283003	35.57423294907088	35.56651771764049	35.50693680254945	35.47418311625231	35.494547300676366	35.399856329656124	35.34480948198002	35.267305090620894	34.88631172885667
	1	2	3	4	5	6	7	8	9	12	17	22	27	32	37	42	47	52	57	62	67	72	77	82	87	92	97	102	107	112	117	122	127	132	137	142	147	150
GLDS-375_rna-seq_FL5-1R_S6_L002_R2_raw	34.163842243290475	34.19881767804545	35.011367477619146	34.750079598873555	34.77542764960656	34.79331863948689	34.662047069932385	34.78328335330706	34.760420770628734	34.75903512473292	34.70206333873711	34.65215852739934	34.566105579840816	34.50437797580516	34.48496430880745	34.43950694765105	34.40558622054435	34.36815266225028	34.341706608385984	34.335379373796805	34.245266028349974	34.23166347806018	34.16352887146446	34.16240701083434	34.21700832809269	34.17749654064625	34.129326621931504	34.037534688346895	34.05216431282638	34.10879912560593	34.02936718230626	34.00738940878747	33.824164947318955	33.75879899919336	33.733638334567964	33.61327863861087	33.31944833030835	32.76408773649369
	1	2	3	4	5	6	7	8	9	12	17	22	27	32	37	42	47	52	57	62	67	72	77	82	87	92	97	102	107	112	117	122	127	132	137	142	147	150
GLDS-375_rna-seq_FL5-1S_S5_L002_R1_raw	35.650618637868945	35.63747562130025	35.731569363763526	35.90916643441124	36.022129830896276	36.041023988571986	35.912217698689716	36.00852680243231	35.985018162837285	36.09356185799479	36.063388895759616	36.03489593868356	35.93943455310406	35.89484761776667	35.86544810488776	35.85436018343169	35.81371892100343	35.81852562127679	35.819445175925225	35.79578861942768	35.776654398118986	35.70144282494579	35.672995887103184	35.66690894128228	35.67626019242839	35.63304699183725	35.583582277586125	35.54665329346973	35.5599908452328	35.5034612331444	35.511971233071144	35.42761233400624	35.39371872107671	35.40836143344283	35.30156556696024	35.24465767475192	35.18095526935561	34.81857794144983
	1	2	3	4	5	6	7	8	9	12	17	22	27	32	37	42	47	52	57	62	67	72	77	82	87	92	97	102	107	112	117	122	127	132	137	142	147	150
GLDS-375_rna-seq_FL5-1S_S5_L002_R2_raw	34.188182973944606	34.309888292569156	35.22429284313226	34.96554432593714	35.01519890561413	35.06385165033192	34.98588542618296	35.07245651079588	35.0658936816408	35.08212990379374	35.05928491986313	35.02454502506716	34.93116786471731	34.87091747201829	34.86212332353416	34.81494451510246	34.78413026445577	34.733826724089184	34.70416295427889	34.698148379043595	34.59697256814136	34.585051320359	34.52317682980675	34.51211624851007	34.56350516000399	34.528525331491316	34.46549023385039	34.37459101723473	34.37587635838749	34.42973588056334	34.364114669449854	34.31247322236005	34.12573182833022	34.04869239083595	34.03758094009802	33.90484209163335	33.60335187611559	33.037237398147894
	1	2	3	4	5	6	7	8	9	10	12	14	16	18	20	22	24	26	28	30	32	34	36	38	40	42	44	46	48	50	52	54	56	58	60	62	64	66	68	70	72	74	76	78	80	82	84	86	88	90	92	94	96	98	100
GLDS-375_rna-seq_FL6-1R_R1_raw	36.432824818137554	36.28536122153952	36.37578156573373	36.41895540680172	36.422187443734636	36.39371152475893	36.374102837159384	36.42200342035159	36.38973207624378	36.405734575033286	36.411181838232565	36.375317997574605	36.398741247764804	36.37855916636744	36.37793662200181	36.36859311823184	36.327748273796445	36.28590568241984	36.299455699858115	36.2911700798477	36.27166835335106	36.261808293039785	36.25444875127585	36.23966734842618	36.24489810507012	36.24473535003584	36.225101003273984	36.22487496301265	36.21862830262083	36.20673787629835	36.20870828245096	36.20318150165514	36.18165395848727	36.18165278244233	36.16617919788264	36.16134877578404	36.13994317262373	36.1349962778362	36.11319550145631	36.097119933040794	36.06974347230357	36.08511827277502	36.07046802289939	36.038675483921665	36.04644579348228	36.03942043650084	36.031542222052046	36.0502467817862	36.04535572148333	35.97927303006961	35.98610067140811	36.013421961259695	35.98560036935626	35.972763916263276	35.85571561785247
	1	2	3	4	5	6	7	8	9	10	12	14	16	18	20	22	24	26	28	30	32	34	36	38	40	42	44	46	48	50	52	54	56	58	60	62	64	66	68	70	72	74	76	78	80	82	84	86	88	90	92	94	96	98	100
GLDS-375_rna-seq_FL6-1R_R2_raw	36.18741558329149	36.1213773788191	36.15218780967263	36.10336631324636	36.12470961183151	36.0453595961643	35.999744971521245	35.97723207228062	36.035230103588766	35.997895849150495	36.00399505046556	35.99313242106016	35.96601921742962	35.95569229677072	35.96507338236549	35.924517671712096	35.9194615853916	35.86447871948157	35.85670796752161	35.86986932238407	35.82289553265063	35.8224144675972	35.83143628067965	35.81495551132595	35.83270086078895	35.8184116567097	35.7835727889863	35.775168878762955	35.76343673555466	35.733984444899676	35.75479582093942	35.72537301251447	35.69470013836556	35.686918942094266	35.655186646848065	35.671281363782114	35.65782050455955	35.60814222068503	35.612213146325814	35.59594411667445	35.60790207157109	35.61177501612933	35.62231679171933	35.56797462698158	35.58376440910352	35.543926539322456	35.5184514814992	35.537451055240055	35.536152956006646	35.552276336731936	35.52434726021971	35.43586611090396	35.47618654620958	35.430681455958975	35.27769600394455
	1	2	3	4	5	6	7	8	9	10	12	14	16	18	20	22	24	26	28	30	32	34	36	38	40	42	44	46	48	50	52	54	56	58	60	62	64	66	68	70	72	74	76	78	80	82	84	86	88	90	92	94	96	98	100
GLDS-375_rna-seq_FL6-1S_R1_raw	36.404808525645144	36.21596342920859	36.3323995818831	36.38812455775241	36.39867552585251	36.365712256806475	36.34755744022985	36.40104691398328	36.37102637236882	36.388650710214975	36.388948691187764	36.35924470877657	36.37307752190847	36.368303950859925	36.368624902255185	36.354800828184466	36.3133898576854	36.27892615652348	36.28392345742674	36.26590261918687	36.255605524728175	36.2431333228536	36.228316943013276	36.213840966292786	36.21639170913029	36.21156548534117	36.1944865168276	36.19454304260802	36.18265443367307	36.165503237086696	36.166181777186026	36.1534113059208	36.13427650313747	36.13988155403631	36.11291228797538	36.10494964356002	36.08142680200265	36.07482955658111	36.062367618262115	36.0414540642477	36.00851108333803	36.021658640354694	36.008142584198325	35.98446321414775	35.985631438331296	35.9730568316352	35.95140341164378	35.97187794011107	35.973888678188196	35.90440413908307	35.90210412201203	35.91902653319062	35.88954150525842	35.878096062727025	35.77155417540559
	1	2	3	4	5	6	7	8	9	10	12	14	16	18	20	22	24	26	28	30	32	34	36	38	40	42	44	46	48	50	52	54	56	58	60	62	64	66	68	70	72	74	76	78	80	82	84	86	88	90	92	94	96	98	100
GLDS-375_rna-seq_FL6-1S_R2_raw	36.102488553354355	35.92917570636913	35.948304312288705	35.88843599135828	35.88585345663202	35.79650520452502	35.70256253830395	35.716860796059	35.75733581763843	35.72898103337779	35.7055424386775	35.669122139591146	35.615197983039515	35.601497178762415	35.61063962527829	35.556036112816805	35.549749143209425	35.483533832914816	35.46924298337853	35.471848982957866	35.41786495085837	35.417890034971734	35.41645957302884	35.402542636647524	35.41090021575964	35.388364962279724	35.3487679423515	35.33241380088363	35.320375614325926	35.29484847052997	35.307076254748715	35.271844167203646	35.23215576001617	35.22034516399225	35.19398222643888	35.19810517623699	35.195756700845116	35.140966631470896	35.15008815945137	35.10761050845696	35.133932066287855	35.128565907782686	35.14902437137514	35.090266512771294	35.087468550504454	35.036428003963486	35.00503003633043	35.01794554469724	35.022547144536276	35.023192100435864	34.99847658510089	34.90062665619836	34.94056843023586	34.902011185536836	34.72500754583528
	1	2	3	4	5	6	7	8	9	10	12	14	16	18	20	22	24	26	28	30	32	34	36	38	40	42	44	46	48	50	52	54	56	58	60	62	64	66	68	70	72	74	76	78	80	82	84	86	88	90	92	94	96	98	100
GLDS-375_rna-seq_FL7-1R_R1_raw	36.430406089567946	36.290839858958684	36.3765812198903	36.41697920633812	36.4255857197125	36.3965399649311	36.37746131493602	36.427140704858395	36.39682933606919	36.41303931733346	36.4146685201031	36.37820619180889	36.402016545852746	36.388359545073925	36.38764294467788	36.376354422865795	36.33705862946921	36.298029292990805	36.30955271373375	36.298658948530864	36.2801311934891	36.27007299969351	36.26798071380422	36.25046027411199	36.2524303898424	36.24921410207851	36.23315088279482	36.23307979062558	36.226454477291185	36.20880859026448	36.20727650199894	36.20131776011394	36.18793080120597	36.190857574780466	36.16916765739096	36.157425641232294	36.13725660208701	36.13686990837017	36.1203536802474	36.09995930060009	36.06405860911258	36.07573916088907	36.06707601219817	36.04758230097678	36.052781253972924	36.03497175525456	36.02327299694692	36.04558509219406	36.04791191721847	35.986987631800545	35.98756723238463	36.00809524363564	35.97860960172225	35.97363695590822	35.864614101648485
	1	2	3	4	5	6	7	8	9	10	12	14	16	18	20	22	24	26	28	30	32	34	36	38	40	42	44	46	48	50	52	54	56	58	60	62	64	66	68	70	72	74	76	78	80	82	84	86	88	90	92	94	96	98	100
GLDS-375_rna-seq_FL7-1R_R2_raw	36.289460965648054	36.18075767502389	36.21256607150152	36.16379771038826	36.17760751164715	36.10445362616186	36.0323261035256	36.072627699395674	36.08171411959145	36.08992424210372	36.092136014855974	36.07800426143802	36.04448940581027	36.02742118600743	36.041808463755096	35.99450844203904	35.98545582530275	35.92543438008981	35.92074595990138	35.9303078740022	35.88701854302252	35.88688481171638	35.88975014691803	35.87202066156917	35.887619228503624	35.87114592878035	35.838010440908086	35.829667701155984	35.81756619703989	35.78971432253359	35.80871665681896	35.77901302203934	35.75054460936518	35.742818503148484	35.71339769382551	35.723632542991865	35.708702597909	35.662868964890386	35.66310960321345	35.64816195011161	35.661070181287805	35.65979434127834	35.67210418879917	35.621758153734284	35.63582768416461	35.598397678740106	35.57059316722411	35.583666453609794	35.58201151894281	35.597388889528524	35.56594556434455	35.47609926786856	35.515023006466336	35.470176262803264	35.31609428135978
	1	2	3	4	5	6	7	8	9	10	12	14	16	18	20	22	24	26	28	30	32	34	36	38	40	42	44	46	48	50	52	54	56	58	60	62	64	66	68	70	72	74	76	78	80	82	84	86	88	90	92	94	96	98	100
GLDS-375_rna-seq_FL7-1S_R1_raw	36.409465069121964	36.25050473858883	36.352647969902144	36.40104125089567	36.41054182882282	36.380935395529676	36.36002153998061	36.416127528938894	36.38342522718332	36.403173311688874	36.4037183155674	36.37530196458174	36.39091474477465	36.3833409406719	36.3846400337915	36.37101273267902	36.33030810701675	36.296532407756395	36.30410190778494	36.28846746439523	36.2778252452612	36.264927953735196	36.25462682958667	36.23618475174054	36.23785553158382	36.23096507549894	36.21353009311407	36.21295250951691	36.20069980618001	36.18566848132097	36.18767375914274	36.17800986572554	36.157533450801495	36.16288871503089	36.1340182359648	36.12517869821265	36.10541667468293	36.10190507511416	36.08530726411303	36.06601656565976	36.03111610951591	36.046097422190755	36.034922138641434	36.009135136936266	36.009426516969604	35.9946439869003	35.97884907295569	35.997349431440675	35.99882795234245	35.93381877551583	35.9331085994121	35.9460953577792	35.91580700472598	35.90840864858431	35.798848011258315
	1	2	3	4	5	6	7	8	9	10	12	14	16	18	20	22	24	26	28	30	32	34	36	38	40	42	44	46	48	50	52	54	56	58	60	62	64	66	68	70	72	74	76	78	80	82	84	86	88	90	92	94	96	98	100
GLDS-375_rna-seq_FL7-1S_R2_raw	36.242323114285114	36.092367733059014	36.13125381209729	36.07728675115015	36.09209628687248	36.01695662410376	35.9587873893575	35.978559835309056	35.991735822395015	35.99693954847104	36.01421888935647	35.99580188708524	35.948137048454754	35.95068346613866	35.95382155699001	35.90759129138253	35.897561254426016	35.83981042973452	35.82685020994154	35.83159024633016	35.77433001661504	35.771834684238755	35.77614376506484	35.75904204926863	35.77550501343195	35.75857666497262	35.71883628317723	35.703513829195	35.69583754566449	35.6657143879974	35.68069008028476	35.644068480839216	35.609666714419376	35.60179745009814	35.570972535328075	35.57906603998523	35.57443012745094	35.518481748671775	35.52828289766427	35.49465398084479	35.5182927245412	35.50934825230191	35.52950247928571	35.47711721386028	35.47996692401968	35.432291242210326	35.40178091859304	35.4135033136662	35.41023964421218	35.419666570358345	35.38678756223074	35.29315361300279	35.33518505928691	35.29582594126281	35.115154775743605
	1	2	3	4	5	6	7	8	9	10	12	14	16	18	20	22	24	26	28	30	32	34	36	38	40	42	44	46	48	50	52	54	56	58	60	62	64	66	68	70	72	74	76	78	80	82	84	86	88	90	92	94	96	98	100
GLDS-375_rna-seq_FL8-1R_R1_raw	36.45741495552648	36.31025630034137	36.395030016453234	36.4362403133844	36.44574039758582	36.41597914786197	36.39501149251943	36.44080401136997	36.409601141038	36.42757308355887	36.42942224962809	36.39960682042465	36.418056877935484	36.4033131508466	36.40198639678879	36.393809252894116	36.35762524909035	36.32091980941384	36.32895317337952	36.31668844124313	36.30122837971083	36.29268595186251	36.28378155060838	36.26606394896293	36.26887587152063	36.265400125483005	36.24767558871282	36.24764890002225	36.24056955269883	36.22455426878871	36.22440457149196	36.218566721215666	36.2015214029186	36.20350144345559	36.18400502582776	36.177513416136875	36.15541786661413	36.15318458241185	36.13628096312803	36.11591110948338	36.08481515660348	36.09687919387291	36.08673681799452	36.06101419823961	36.06744852221119	36.05678144909753	36.04472240602594	36.06420445020106	36.06328731873663	36.00029689749458	36.00245055829268	36.02384070007152	35.995385467134	35.98749713164679	35.877177692537586
	1	2	3	4	5	6	7	8	9	10	12	14	16	18	20	22	24	26	28	30	32	34	36	38	40	42	44	46	48	50	52	54	56	58	60	62	64	66	68	70	72	74	76	78	80	82	84	86	88	90	92	94	96	98	100
GLDS-375_rna-seq_FL8-1R_R2_raw	36.198473493162545	36.155101662004725	36.19068210564915	36.133396076096595	36.16872705955895	36.08927464611095	36.035101220093885	36.04863463360427	36.085756369938544	36.066087330889175	36.04713495922975	36.042163265548574	36.017911221398805	36.00438266588086	36.01812005453816	35.976474157617865	35.97330193017045	35.919294296387704	35.91256260955312	35.91996311406547	35.875124997772474	35.87885500523237	35.885535562074836	35.86721278472272	35.88595692103314	35.8675899563806	35.833024488859934	35.823158231586326	35.81572647928613	35.786673925153096	35.80446589872804	35.77644417351341	35.74450345585248	35.736134508276386	35.70328589463355	35.718694160280684	35.70915978637092	35.65750776058618	35.66331823736144	35.64373655515594	35.661666277787646	35.65634634096122	35.672771883089915	35.62307123417336	35.627885254975176	35.59099374737781	35.56548550734864	35.57798247346804	35.573863705541186	35.587397361194505	35.55714687682352	35.47026920353252	35.50833545239922	35.467540710563114	35.29960916618424
	1	2	3	4	5	6	7	8	9	10	12	14	16	18	20	22	24	26	28	30	32	34	36	38	40	42	44	46	48	50	52	54	56	58	60	62	64	66	68	70	72	74	76	78	80	82	84	86	88	90	92	94	96	98	100
GLDS-375_rna-seq_FL8-1S_R1_raw	36.421233148528756	36.24759820113828	36.351965313877834	36.40476424413069	36.41565352479172	36.383271116870134	36.36506116832364	36.419236722069556	36.38800486250376	36.40704841514359	36.40753135407002	36.38086181082777	36.3951782115642	36.3887487373659	36.38769540623181	36.37451759072128	36.33606200031576	36.303830902767174	36.30984479157334	36.29270587130304	36.28264445688511	36.26901231110075	36.25631345448275	36.2382657738761	36.23701568629233	36.23368285118606	36.21762863024381	36.218945280728335	36.20767955871165	36.18248624727492	36.184937740909106	36.172662529539764	36.154265665244594	36.158734897901425	36.130071891156746	36.11637854419524	36.09283264056436	36.08847025090073	36.07735262682852	36.056378454538944	36.01695519776001	36.02849824792536	36.01553412223925	36.00197055048175	36.005198438580116	35.98793735007516	35.96831447797706	35.99045518400453	35.99287649155705	35.925655108208105	35.92100577997642	35.93356703181553	35.905126369645956	35.895084337263945	35.79377053996863
	1	2	3	4	5	6	7	8	9	10	12	14	16	18	20	22	24	26	28	30	32	34	36	38	40	42	44	46	48	50	52	54	56	58	60	62	64	66	68	70	72	74	76	78	80	82	84	86	88	90	92	94	96	98	100
GLDS-375_rna-seq_FL8-1S_R2_raw	35.97228171590385	35.88579615477602	35.88616921099194	35.833731477451835	35.84871838916598	35.76037386435087	35.66663617482219	35.6936015147986	35.679386959944324	35.670009059739286	35.634405438048134	35.60839626187847	35.575985913120945	35.56921202206355	35.58856619773552	35.53469713346674	35.52948921496015	35.4675197454203	35.4577464785489	35.461110566708314	35.40974481327508	35.41083696221337	35.41002897694967	35.39738733379885	35.4102428394853	35.38924617251999	35.35367378469185	35.338600989449475	35.326200861818194	35.30203470617202	35.31524837269194	35.28374933272064	35.24648043337035	35.236402818640826	35.208285775062514	35.21188644687689	35.210356451990364	35.154106509944576	35.161020270216746	35.12161240776377	35.145393267726206	35.13758028077654	35.15702551747503	35.10422535521553	35.10669992690555	35.05692913080235	35.02703321164434	35.03608932399696	35.04040954909693	35.04245095723155	35.018177352183926	34.92179082151523	34.95751995052446	34.915564290666	34.736864982327575
	1	2	3	4	5	6	7	8	9	12	17	22	27	32	37	42	47	52	57	62	67	72	77	82	87	92	97	102	107	112	117	122	127	132	137	142	147	150
GLDS-375_rna-seq_FL9-1R_S10_L002_R1_raw	35.66887323315667	35.65140951684186	35.735607153512404	35.91625340229456	36.01693757429524	36.02310956166661	35.90687496572754	35.99076668364261	35.975870428722956	36.082855418130904	36.056709712239815	36.037396372889575	35.95074105376928	35.897304175095044	35.877663043798314	35.866846651417134	35.83565652115156	35.81981552793126	35.84487870971422	35.815752888618725	35.79756093270652	35.72472336722939	35.707556942761144	35.704827765063875	35.722646630109885	35.68992237082141	35.645917342128904	35.6188668356307	35.62904983087664	35.56499793848999	35.557425730382946	35.48788544137996	35.456855849629314	35.460464352549344	35.34418327225538	35.259542022797525	35.129804318303265	34.70847126126556
	1	2	3	4	5	6	7	8	9	12	17	22	27	32	37	42	47	52	57	62	67	72	77	82	87	92	97	102	107	112	117	122	127	132	137	142	147	150
GLDS-375_rna-seq_FL9-1R_S10_L002_R2_raw	34.123984932889456	34.283015803686425	35.175737170513074	34.89884478959558	34.9459258007825	34.98422441985758	34.88294638307284	35.00552573400043	34.99608576952372	35.0045785559977	34.97570524024297	34.936946672319024	34.8585509913412	34.80556713245602	34.79730634711821	34.7390158455973	34.70409583914547	34.66645899117019	34.6378263646443	34.634951569619425	34.54728121206846	34.533005872798824	34.46191105763991	34.45853581012296	34.5169457193821	34.475684820166045	34.42765482605574	34.33201375533092	34.34744340254464	34.39616031427646	34.31628990605005	34.28627882490794	34.09599975281764	34.02144488946276	33.98011932666976	33.84350718415781	33.531272774217356	32.95920464412204
	1	2	3	4	5	6	7	8	9	12	17	22	27	32	37	42	47	52	57	62	67	72	77	82	87	92	97	102	107	112	117	122	127	132	137	142	147	150
GLDS-375_rna-seq_FL9-1S_S9_L002_R1_raw	35.60419925005915	35.61332187845231	35.7178696467018	35.90392350458624	36.01544774249507	36.03553554530174	35.9006389112483	36.00010266878095	35.97622335764518	36.09250420980769	36.06193217347548	36.04043731085587	35.94679852379221	35.9003220659569	35.870964519245845	35.85360833275074	35.81651215736637	35.82198304653487	35.827864126235696	35.798275836446884	35.77798864040043	35.70212291126536	35.67589343484512	35.67367089157208	35.67937266596515	35.63690326920917	35.583075720196625	35.55340121835343	35.55882350622739	35.50269570485251	35.50649275044689	35.423454098267655	35.39042910510686	35.40615305828266	35.2929370986048	35.23769381236127	35.165121244141446	34.803250626706
	1	2	3	4	5	6	7	8	9	12	17	22	27	32	37	42	47	52	57	62	67	72	77	82	87	92	97	102	107	112	117	122	127	132	137	142	147	150
GLDS-375_rna-seq_FL9-1S_S9_L002_R2_raw	34.18126499568326	34.22688266050284	35.19226728980392	34.94397337486433	34.99308229513378	35.048031027293874	34.97370755253262	35.07216158295747	35.0553317209575	35.109875489711996	35.09932274141281	35.06594517887693	34.97486286384259	34.910979111264396	34.901596651382434	34.854103262179365	34.82558025952652	34.772093022955296	34.73872184410447	34.73588005107465	34.63357490756903	34.613607393289406	34.54318940277267	34.54328144930844	34.597385312381235	34.55984424325355	34.49596386989326	34.40396729873333	34.40681145010834	34.46355985163489	34.38992755292805	34.34152008851354	34.15279505256654	34.08059687326072	34.078853338970966	33.95657157086594	33.65521038571284	33.12255626979314
	1	2	3	4	5	6	7	8	9	12	17	22	27	32	37	42	47	52	57	62	67	72	77	82	87	92	97	102	107	112	117	122	127	132	137	142	147	150
GLDS-375_rna-seq_GC1-1R_S4_L002_R1_raw	35.61916745632383	35.629408710517716	35.726960384018405	35.915435648780644	36.0158176611767	36.01935050106781	35.91108877120491	35.99052591548707	35.984720817072656	36.08767084799486	36.056686816854956	36.048402550657514	35.96670801737505	35.91138562428563	35.88728396560102	35.881035737081795	35.85017612140858	35.834357501498786	35.86078980982735	35.82887888529262	35.8127158420417	35.731470789707544	35.715346291191366	35.718066919265354	35.73997959486199	35.70304822473315	35.65488607182163	35.63434259533631	35.636316767249674	35.568166543542745	35.568072080852346	35.50590265408773	35.47691206112198	35.49153531794139	35.40661039758265	35.36112488704735	35.30594455133504	34.91793285845512
	1	2	3	4	5	6	7	8	9	12	17	22	27	32	37	42	47	52	57	62	67	72	77	82	87	92	97	102	107	112	117	122	127	132	137	142	147	150
GLDS-375_rna-seq_GC1-1R_S4_L002_R2_raw	34.19222342267413	34.256283098619285	35.13067690984443	34.86256280045329	34.882725995758065	34.9219494158369	34.799266630240915	34.92410995447392	34.899410730269146	34.91805903567022	34.865106032370065	34.82189463675847	34.74055542706293	34.68316341010374	34.66358095669045	34.61035911119335	34.57973013495085	34.54210800678014	34.51031647199652	34.51167862411418	34.421825772852614	34.407839505635685	34.332763644352156	34.33386254179381	34.39061320294563	34.35828436848266	34.308563474314425	34.212773714103044	34.22633261229886	34.28162928447214	34.1994635186024	34.185223584040514	34.001017081479034	33.92744591211012	33.88157317110592	33.75626909317741	33.44390577485557	32.912262501734645
	1	2	3	4	5	6	7	8	9	12	17	22	27	32	37	42	47	52	57	62	67	72	77	82	87	92	97	102	107	112	117	122	127	132	137	142	147	150
GLDS-375_rna-seq_GC1-1S_S3_L002_R1_raw	35.62796259577994	35.632283052337065	35.72949382158206	35.90828631594842	36.0296268174891	36.050667742004755	35.9271235309909	36.015479763783254	36.002955574980724	36.09771314133902	36.06686800981529	36.03677009001218	35.94379960075246	35.89748679459308	35.87228514004575	35.85305771757963	35.8143596377749	35.815345820307115	35.81534681372633	35.79131001197682	35.77467180677049	35.69751025456979	35.66531002282801	35.65880708540204	35.66162346706819	35.6160374311188	35.564540573800464	35.53141206822467	35.540821115996444	35.49356385855331	35.50191989724683	35.41221848314515	35.37545504904166	35.385758158818234	35.2749158669451	35.20404547812005	35.13142452417321	34.74449601818477
	1	2	3	4	5	6	7	8	9	12	17	22	27	32	37	42	47	52	57	62	67	72	77	82	87	92	97	102	107	112	117	122	127	132	137	142	147	150
GLDS-375_rna-seq_GC1-1S_S3_L002_R2_raw	34.17437139680166	34.24957495030802	35.146949549663965	34.89299942832545	34.933209675566864	34.9642232680634	34.88553930856648	34.95515109638711	34.95847266992951	34.94965796958716	34.91130857992482	34.86582531701344	34.765458852308896	34.69705124904507	34.688895139788215	34.63781975203187	34.59808295310213	34.54461933207536	34.51774036561037	34.5043954673491	34.40555738573941	34.39319438302439	34.330963944461146	34.31683284659613	34.36450007286348	34.33151837172173	34.265622002309776	34.176211025776404	34.17807978485902	34.22892133701693	34.16519926422788	34.10933974531942	33.92695622391271	33.84228906863663	33.826149429964595	33.687361361662894	33.394732142468236	32.83407358347782
	1	2	3	4	5	6	7	8	9	10	12	14	16	18	20	22	24	26	28	30	32	34	36	38	40	42	44	46	48	50	52	54	56	58	60	62	64	66	68	70	72	74	76	78	80	82	84	86	88	90	92	94	96	98	100
GLDS-375_rna-seq_GC10-1R_R1_raw	36.435179115776045	36.29534593261752	36.38095727455003	36.4215722708421	36.42928583632225	36.402175682505764	36.38390633690939	36.42969502413294	36.398428218277765	36.41776154034499	36.419295426020255	36.38579455666192	36.40804222780274	36.39330248361539	36.391363651588435	36.38168917256425	36.34691697680746	36.30792310688997	36.319512173094736	36.307834577083455	36.29103971080614	36.27863413596283	36.271787728438966	36.252129529134564	36.25477765905232	36.25276588133936	36.237423457315984	36.23648925096864	36.231705922437726	36.2159407268219	36.21674764865182	36.20972133658871	36.19226150585396	36.193147659619605	36.17552500501585	36.16888242089647	36.14737843495112	36.14528616953423	36.128198327718295	36.108670661629596	36.07721366060367	36.089713599574814	36.079204605159106	36.05351420657982	36.06275073736746	36.05134991785535	36.03853510334072	36.059452860384006	36.05830689225084	35.99739552191872	35.99750595913875	36.02163944962562	35.995063530721296	35.98547881875019	35.87884273499085
	1	2	3	4	5	6	7	8	9	10	12	14	16	18	20	22	24	26	28	30	32	34	36	38	40	42	44	46	48	50	52	54	56	58	60	62	64	66	68	70	72	74	76	78	80	82	84	86	88	90	92	94	96	98	100
GLDS-375_rna-seq_GC10-1R_R2_raw	36.26146286149983	36.12198719814324	36.14814896172899	36.09300187493232	36.106267662111286	36.02933871638811	35.97159188564517	35.97007282840689	36.01404960880079	35.98602197369141	36.008592806964145	35.97870293427985	35.94175394397713	35.92838138316148	35.936804261349764	35.89374015402712	35.88688127031645	35.82804541071211	35.82156129046416	35.83515635562553	35.78516492707702	35.78453555383182	35.79132365518579	35.77415078045179	35.790215904635524	35.77585139065661	35.741517928454535	35.73499655374974	35.71949386555008	35.691735153758145	35.70850753474631	35.68085219601521	35.64975945296929	35.643380394957106	35.6111382757935	35.62521318887934	35.609593262307925	35.563295392562736	35.56313358738475	35.55236145952094	35.55853784617557	35.56104305189044	35.57137920592612	35.514879912367974	35.535863462034115	35.49844481812583	35.469134469504496	35.48712576060751	35.487050666409516	35.49907006845063	35.47641670268326	35.38298537354537	35.42911719294924	35.38414638867105	35.23336023591372
	1	2	3	4	5	6	7	8	9	10	12	14	16	18	20	22	24	26	28	30	32	34	36	38	40	42	44	46	48	50	52	54	56	58	60	62	64	66	68	70	72	74	76	78	80	82	84	86	88	90	92	94	96	98	100
GLDS-375_rna-seq_GC10-1S_R1_raw	36.35421498739648	36.19433249250747	36.31006146493513	36.37002861303292	36.3802678905075	36.34041558303789	36.323688697936255	36.378701681968074	36.343942235360934	36.36342815959188	36.368952158430645	36.34119384440609	36.35531941729428	36.350728519625235	36.347793313301224	36.332732257706574	36.29394128629416	36.25950795056302	36.26356268315547	36.24565337171939	36.23578798220686	36.22108489331381	36.20466745276597	36.1872498333146	36.19137176781782	36.18817413122471	36.171496083148185	36.167140926571236	36.155591786155206	36.14120263436102	36.145386457775	36.12952624360344	36.108991609451394	36.10866222119057	36.0806994453636	36.0810216047513	36.057320010150576	36.05170314911888	36.034477578208644	36.01272063474296	35.98472796331245	36.00223096329479	35.98510024140889	35.95156458980402	35.950305945424404	35.946637731364966	35.9329265503028	35.95764136238802	35.9518456333127	35.87431060720495	35.875875888852036	35.90197430725442	35.874404414029755	35.85759464524106	35.74455700001943
	1	2	3	4	5	6	7	8	9	10	12	14	16	18	20	22	24	26	28	30	32	34	36	38	40	42	44	46	48	50	52	54	56	58	60	62	64	66	68	70	72	74	76	78	80	82	84	86	88	90	92	94	96	98	100
GLDS-375_rna-seq_GC10-1S_R2_raw	36.351447011960815	36.18462566810532	36.244142683586546	36.19543875845035	36.20372772143347	36.147094715888876	36.055044329844876	36.1009195570111	36.16499213738088	36.17032366636382	36.188916434492704	36.16107684221179	36.124866321283235	36.134802584796674	36.1392840426484	36.099806838301106	36.08973086683591	36.02741480063433	36.01400636300492	36.02157077115578	35.96299054667399	35.963453300991745	35.9685039993408	35.95616569215839	35.96177891657907	35.946621929846586	35.907937165215586	35.89201491578186	35.87960046151255	35.85127107981536	35.861547512810844	35.82540687246751	35.78953883603434	35.779093358279894	35.75483201384964	35.76378344318412	35.76435712300784	35.70861178760453	35.71454569459404	35.685369918290675	35.70961171815413	35.69374446137489	35.72126803215793	35.6625924486393	35.66384904409905	35.622237246649064	35.5942852564782	35.60114987423091	35.6015424020419	35.60502386725554	35.579813291955205	35.48185555948684	35.530582381967804	35.4969253651224	35.314293588752335
	1	2	3	4	5	6	7	8	9	12	17	22	27	32	37	42	47	52	57	62	67	72	77	82	87	92	97	102	107	112	117	122	127	132	137	142	147	150
GLDS-375_rna-seq_GC11-1R_S16_L002_R1_raw	35.63073484281754	35.642248165542995	35.74165392743213	35.92168013571678	36.037336140375636	36.05858360729135	35.949332601975215	36.03042000500652	36.00649487656452	36.10847489417554	36.08884284559238	36.05954532971781	35.976769059213254	35.934127660940604	35.91227640419963	35.899532754137425	35.86579481905177	35.86957623504534	35.877849538155445	35.85047704341974	35.82875671964193	35.761327465596835	35.7342904160802	35.7389965407031	35.75203962001964	35.71133198476527	35.665644059592864	35.63335475298659	35.65157103648321	35.590474402779236	35.59118950876133	35.514314903465504	35.46971883830907	35.48976816882861	35.383122662957234	35.31911051485404	35.23314648801321	34.83667032948281
	1	2	3	4	5	6	7	8	9	12	17	22	27	32	37	42	47	52	57	62	67	72	77	82	87	92	97	102	107	112	117	122	127	132	137	142	147	150
GLDS-375_rna-seq_GC11-1R_S16_L002_R2_raw	34.27616132144245	34.429689078319576	35.25900428041172	34.999341864462835	35.05883646380349	35.086064128229275	34.99017406246055	35.09672459348815	35.080434365116126	35.113292363877946	35.09349293252672	35.06448451327977	34.97982612119846	34.928832713978295	34.92112390923543	34.885128031295494	34.85302057602695	34.80696022799169	34.78757665413495	34.781380982674015	34.686944679160014	34.67248506830596	34.62031658329464	34.61273695446226	34.66489428978123	34.63411902752123	34.58773307520808	34.495792003429074	34.50145734866679	34.55371368631244	34.48748243851147	34.44297797147617	34.275265882563225	34.20286624461731	34.196528758035626	34.08124425071392	33.81621103084907	33.240343133589946
	1	2	3	4	5	6	7	8	9	12	17	22	27	32	37	42	47	52	57	62	67	72	77	82	87	92	97	102	107	112	117	122	127	132	137	142	147	150
GLDS-375_rna-seq_GC11-1S_S15_L002_R1_raw	35.64699494907403	35.62743742402195	35.728920508971996	35.91244293171808	36.02618890232607	36.04641632377806	35.907617156612375	36.011390892510484	35.997576746385	36.09316099464771	36.04904402930991	36.020988506027365	35.92810445938871	35.884434064008026	35.84906841858093	35.82679896581529	35.78537105651155	35.78420729603259	35.787040863265744	35.75902162949355	35.74654884351649	35.657282113044644	35.63978942464291	35.62953034855427	35.631884091502975	35.5835655455646	35.53274624103781	35.49571888267782	35.5057185584274	35.45184862961902	35.442455443140446	35.34913373306527	35.3084810725242	35.29747471945497	35.14569641320152	35.023383215653645	34.85634912598754	34.408088895368365
	1	2	3	4	5	6	7	8	9	12	17	22	27	32	37	42	47	52	57	62	67	72	77	82	87	92	97	102	107	112	117	122	127	132	137	142	147	150
GLDS-375_rna-seq_GC11-1S_S15_L002_R2_raw	33.980536474399436	34.00687149673747	35.10746786873182	34.84903460033979	34.897483543047066	34.96602684843266	34.91095021876952	35.02462030980262	35.002601549883856	35.032718020470234	35.016245435511856	34.97969678190161	34.87881673639709	34.80629541734637	34.800952889896415	34.74989775330945	34.70336329788721	34.64724550923529	34.613820838455204	34.59834829653671	34.494211300649724	34.47810362595732	34.40884560131909	34.39731169861529	34.4504869022317	34.40908818375893	34.33574251398237	34.241825310954916	34.24471818035637	34.30063209759092	34.233314790521376	34.17712997076522	33.979037077414	33.900856775768226	33.89980731563689	33.7721448402594	33.47482506440849	32.897628004489086
	1	2	3	4	5	6	7	8	9	10	12	14	16	18	20	22	24	26	28	30	32	34	36	38	40	42	44	46	48	50	52	54	56	58	60	62	64	66	68	70	72	74	76	78	80	82	84	86	88	90	92	94	96	98	100
GLDS-375_rna-seq_GC12-1R_R1_raw	36.43501627948957	36.29752753134116	36.37922708018338	36.421849094981745	36.43017837742509	36.40177166830921	36.380354054235866	36.42593196162492	36.39517400563576	36.41370299703429	36.41682417575426	36.38248112784329	36.40280915524864	36.3888888988534	36.38720528654312	36.3772824217064	36.34165747408697	36.30250829937631	36.313745051587794	36.30252961032707	36.28448417218931	36.27275205247348	36.26856404708653	36.24683742658719	36.25405980456003	36.24959572442006	36.23388850114339	36.23131625758672	36.22523016157221	36.20778422903551	36.208669499618125	36.20249900468656	36.186008534349014	36.18611549974571	36.16679230136877	36.159294736009194	36.13903478564544	36.134704664773125	36.11963213022641	36.100011026942006	36.06887914046757	36.08176191464341	36.07023513998024	36.048453568852175	36.05195513978313	36.040708824784	36.03216357721286	36.05256960789002	36.05018381509235	35.98759034309111	35.990174433931585	36.01415257643872	35.98613640760562	35.974383467822506	35.86813973118881
	1	2	3	4	5	6	7	8	9	10	12	14	16	18	20	22	24	26	28	30	32	34	36	38	40	42	44	46	48	50	52	54	56	58	60	62	64	66	68	70	72	74	76	78	80	82	84	86	88	90	92	94	96	98	100
GLDS-375_rna-seq_GC12-1R_R2_raw	36.35081748240707	36.15702439994829	36.211338069616225	36.16820653665341	36.17915328529334	36.11424481155522	36.030003855134474	36.08249849945418	36.09435149450512	36.11874088880155	36.1328795883421	36.11681117395028	36.079651908676716	36.066665954570965	36.078224155216446	36.034055739478475	36.023404403568364	35.95292397761292	35.94259485006219	35.949986936835586	35.89913305636303	35.90497663706192	35.90975882385226	35.886095955975456	35.900325369837745	35.88124963809144	35.84522412483831	35.83665220907852	35.81951131341971	35.78990833544114	35.808846530134474	35.77942347982876	35.74652175547406	35.74234579561232	35.71398640483119	35.72315757131022	35.70790964976276	35.66285480231396	35.66095028300093	35.647220541313445	35.65807359729057	35.6565911244832	35.66581458893219	35.61235534442867	35.63059735779705	35.59566395642979	35.56541702901576	35.58153658968941	35.57516872184158	35.586693976654	35.5594853583337	35.466055252106706	35.51327737840736	35.469256633634046	35.31339939882257
	1	2	3	4	5	6	7	8	9	10	12	14	16	18	20	22	24	26	28	30	32	34	36	38	40	42	44	46	48	50	52	54	56	58	60	62	64	66	68	70	72	74	76	78	80	82	84	86	88	90	92	94	96	98	100
GLDS-375_rna-seq_GC12-1S_R1_raw	36.41400064433418	36.25461107053747	36.35855076839829	36.409379668038625	36.41524450682769	36.37684236285288	36.35819033908487	36.40808853006791	36.374279793427	36.393671441531865	36.396172900599424	36.372377749274165	36.37977768446443	36.377756128610834	36.37525425374085	36.36231859789133	36.3257820964559	36.28950566054539	36.29203185355798	36.27368733039303	36.26473456209758	36.25049916662691	36.23002594078011	36.21782724645184	36.22160153978279	36.21630806814399	36.20012268103935	36.19630871427577	36.18459216597462	36.16946471047328	36.17265730459337	36.15802540579777	36.13470137963501	36.13672408209533	36.1065414073162	36.10237603289211	36.07755007372261	36.072489451449144	36.06171869829376	36.03858650825585	36.00905445929173	36.02516566136137	36.004817692849024	35.978059083947244	35.97574835219804	35.967855733118874	35.95106444626148	35.97191019749263	35.9671742791231	35.88899226129503	35.89010801883738	35.910750879478854	35.88218896060319	35.86241966728396	35.7612014971811
	1	2	3	4	5	6	7	8	9	10	12	14	16	18	20	22	24	26	28	30	32	34	36	38	40	42	44	46	48	50	52	54	56	58	60	62	64	66	68	70	72	74	76	78	80	82	84	86	88	90	92	94	96	98	100
GLDS-375_rna-seq_GC12-1S_R2_raw	36.198941676114416	36.07383625654627	36.08595252959125	36.02987238115969	36.02258153320908	35.953546879217484	35.862078885685754	35.89369101784665	35.89590556483187	35.90410403390441	35.89164053642345	35.86028615977393	35.8185823218393	35.823644993724784	35.828764483543424	35.78673625670672	35.782224111449295	35.718706034404704	35.702841432581025	35.70878332922193	35.65063226204733	35.65864891205376	35.65596185809795	35.64371725750051	35.65027752796731	35.625178995599555	35.59364170787752	35.575817903765866	35.5657330146321	35.54119842377108	35.55318140483449	35.51765366531403	35.47381314885078	35.45785541988104	35.43487940355887	35.43798111754608	35.45123361485342	35.39545854781074	35.410936121565044	35.36412788030024	35.396808507126366	35.37659674541268	35.401581305912146	35.344114019546964	35.338025227044724	35.29584605552293	35.26438414564288	35.2676246326438	35.273384231415776	35.268083796136146	35.24773728923237	35.15431300822976	35.19381274884043	35.16380201046947	34.977223375646986
	1	2	3	4	5	6	7	8	9	10	12	14	16	18	20	22	24	26	28	30	32	34	36	38	40	42	44	46	48	50	52	54	56	58	60	62	64	66	68	70	72	74	76	78	80	82	84	86	88	90	92	94	96	98	100
GLDS-375_rna-seq_GC2-1R_R1_raw	36.42403841573385	36.284075482801626	36.37415653219272	36.4195712433393	36.42475976740726	36.39922297547771	36.379665795231396	36.431320648449216	36.39921673980956	36.41967621041988	36.419663399096706	36.38739548929384	36.40794426054461	36.39288523399577	36.392798475529816	36.38216571477428	36.344706572599	36.309993307281324	36.3190457820515	36.30594124725649	36.29200243106061	36.281426401749414	36.27631176300845	36.25354755235924	36.258252812145315	36.24846321108397	36.230937390530514	36.2309044311222	36.219300266082215	36.19995029623867	36.202594211808645	36.19553727834257	36.177346254173486	36.18352230872098	36.150516700830835	36.13957275937163	36.12526525833033	36.12530430659428	36.10160165106893	36.08617524166981	36.04629759907845	36.062706999359776	36.05351889301205	36.034949030753474	36.04147008697057	36.02505043299452	36.021410637949415	36.039265527151755	36.041009764075	35.98330550914327	35.98643139086346	35.99947411759211	35.971202645190516	35.96930274837267	35.85288991731481
	1	2	3	4	5	6	7	8	9	10	12	14	16	18	20	22	24	26	28	30	32	34	36	38	40	42	44	46	48	50	52	54	56	58	60	62	64	66	68	70	72	74	76	78	80	82	84	86	88	90	92	94	96	98	100
GLDS-375_rna-seq_GC2-1R_R2_raw	36.189235583195114	36.08058527038595	36.09611314268287	36.028587571324316	36.050626176600844	35.96140596622084	35.89370054181156	35.89902354613794	35.91952638439077	35.92167381868957	35.92845419602321	35.89003255103773	35.85146348697559	35.839067299356465	35.83941880327483	35.79550087656727	35.78502372548101	35.7310257523436	35.723054424208485	35.73448847604868	35.6856422465822	35.6841020829102	35.68621278703729	35.666613684092624	35.686198526906466	35.6727878880298	35.63965602910875	35.63627920617549	35.62753657534246	35.59437227085687	35.613298365942	35.58157752591019	35.55267400633913	35.54727777734206	35.5173837601334	35.53243185301379	35.52069142664785	35.4747325201646	35.47976461164054	35.45890162684873	35.47628778620761	35.469803742196774	35.48316884215117	35.438165623286906	35.45076568711944	35.410348570372626	35.384324766578736	35.39815541286324	35.39302322230045	35.412767121014035	35.37753105635116	35.298214497171216	35.33773679553804	35.29118203503232	35.13272882767546
	1	2	3	4	5	6	7	8	9	10	12	14	16	18	20	22	24	26	28	30	32	34	36	38	40	42	44	46	48	50	52	54	56	58	60	62	64	66	68	70	72	74	76	78	80	82	84	86	88	90	92	94	96	98	100
GLDS-375_rna-seq_GC2-1S_R1_raw	36.41502760877946	36.25838286531684	36.359209093919	36.411962616997165	36.41545904684241	36.38108411094415	36.362548212274454	36.417808474402904	36.38611594843729	36.40648611210415	36.40362021168977	36.3778570530798	36.38912782364642	36.38437506271292	36.38325040049873	36.36946834317753	36.3298551568825	36.29830852908646	36.304302330554016	36.28417934821658	36.27685270542086	36.26399566724466	36.24908165299236	36.232544357338384	36.23568051858572	36.22419034331658	36.20641984588424	36.20700921993217	36.19267576783236	36.17734071355373	36.17613257203972	36.16553214534628	36.14672466022806	36.15247151407297	36.11460444317069	36.10559504251039	36.0861739314755	36.08701485831924	36.06913861814169	36.05055825771265	36.01072567437761	36.02996310719908	36.01587375226529	35.991478460352226	35.98968134707246	35.97262475492682	35.96138825113967	35.985690382161714	35.985130704201396	35.916836169860765	35.9157472034856	35.92379928365727	35.89442509075505	35.888300486277934	35.78059013677495
	1	2	3	4	5	6	7	8	9	10	12	14	16	18	20	22	24	26	28	30	32	34	36	38	40	42	44	46	48	50	52	54	56	58	60	62	64	66	68	70	72	74	76	78	80	82	84	86	88	90	92	94	96	98	100
GLDS-375_rna-seq_GC2-1S_R2_raw	36.174283529877044	36.045551116514275	36.07066890339647	36.00302749142033	36.001260507160445	35.932914932788954	35.87331286587995	35.86043243403701	35.90614039462748	35.88573954257696	35.87853562649707	35.85662311294121	35.810478791120126	35.80279149276934	35.81841407536471	35.76951267237533	35.76584680127468	35.69639014650174	35.684765965290616	35.68987066566521	35.64146630338466	35.64236899778413	35.63668548614235	35.616668074143476	35.634666355241514	35.61015893004341	35.57985420098341	35.56565514178274	35.561640580148534	35.527049021041705	35.543598542242776	35.50680897842034	35.46810105346823	35.454965911872144	35.43106510138695	35.43982113706599	35.45040839572263	35.394473690274	35.409748206831	35.36692728754143	35.40196416919339	35.37825600589867	35.40386494484478	35.35788081562015	35.35032946565961	35.309576521990394	35.28060228569687	35.28345393765946	35.2810567879383	35.28857205893392	35.25426083687092	35.16910756042468	35.213811673718624	35.17623484749563	34.992787735607
	1	2	3	4	5	6	7	8	9	10	12	14	16	18	20	22	24	26	28	30	32	34	36	38	40	42	44	46	48	50	52	54	56	58	60	62	64	66	68	70	72	74	76	78	80	82	84	86	88	90	92	94	96	98	100
GLDS-375_rna-seq_GC3-1R_R1_raw	36.44298542585221	36.28415801517167	36.36901337380737	36.41515667146205	36.42258188406878	36.394473290125866	36.37524566785268	36.42253229373329	36.39213037898902	36.40901167227899	36.41069785641153	36.3773515887692	36.39777247679927	36.38006646349449	36.379698833085925	36.36914510067235	36.33161758047103	36.291453218854656	36.30183812859583	36.28930629279984	36.27229263236232	36.2632289096199	36.256555032529874	36.23838787148992	36.24238061043313	36.241578110928714	36.22386488317251	36.22416004441649	36.22036622593523	36.20474347566045	36.204313828023814	36.19898663200027	36.180125125100844	36.18079361617001	36.16472576580546	36.157274743498746	36.134409842813156	36.1332067473662	36.113924083337665	36.095827267708145	36.06507756680577	36.07846406258999	36.06694663277293	36.03894185027701	36.04998175555415	36.03807820378773	36.02528590825912	36.046025129449355	36.04456101514979	35.98049748007328	35.98330842423738	36.007791517359834	35.97961254193423	35.96809292072756	35.86030357401579
	1	2	3	4	5	6	7	8	9	10	12	14	16	18	20	22	24	26	28	30	32	34	36	38	40	42	44	46	48	50	52	54	56	58	60	62	64	66	68	70	72	74	76	78	80	82	84	86	88	90	92	94	96	98	100
GLDS-375_rna-seq_GC3-1R_R2_raw	36.18365554846956	35.960516687107315	35.94769728327747	35.86937573766639	35.87417046208435	35.76880757436598	35.657452264094154	35.67898584147675	35.66767535819886	35.63467326948893	35.57684394930542	35.55159076309255	35.50446405454587	35.466258542744654	35.47967487479455	35.42488357814282	35.411949649405614	35.34050089232844	35.33295955861698	35.336355630864006	35.29384108504195	35.29017165272134	35.29054738135163	35.27135387892466	35.284543118079775	35.26428270650362	35.23799206864854	35.23428550444824	35.21418251671124	35.18704279203166	35.20168834936976	35.17269413191491	35.14352810229933	35.137190729768996	35.10641284741574	35.116355763790274	35.10239917754532	35.06081382150376	35.067586396798326	35.04658721186901	35.05795373790738	35.06189188599846	35.07100331430095	35.01972205568363	35.03262913313442	34.99578833852824	34.965887178857486	34.977996283872145	34.981369680196536	34.988059081884224	34.96600476088864	34.879665705226785	34.91794843420342	34.876308667671	34.735973248705896
	1	2	3	4	5	6	7	8	9	10	12	14	16	18	20	22	24	26	28	30	32	34	36	38	40	42	44	46	48	50	52	54	56	58	60	62	64	66	68	70	72	74	76	78	80	82	84	86	88	90	92	94	96	98	100
GLDS-375_rna-seq_GC3-1S_R1_raw	36.419535736218485	36.25113418430683	36.345792517142606	36.398218680481115	36.409527015496366	36.374399619571875	36.35859155148553	36.4060179942274	36.37462678894969	36.39213036533302	36.3933019913177	36.365672470971255	36.37860074717301	36.37437217577235	36.37124956140999	36.35932845596414	36.321604232734984	36.288014108791	36.28970055326749	36.27320408252057	36.26122919650717	36.252511400694814	36.23569098892224	36.21718820264196	36.22053912597339	36.21643044771325	36.19747709960838	36.200975205221056	36.192289667981306	36.18154479979478	36.17947423166417	36.173035345684625	36.148693989750925	36.151915142127585	36.12965837129698	36.12482068429769	36.10293557487678	36.097784943907484	36.08207794535603	36.063786952111485	36.032279223627405	36.04849275421422	36.034956168267655	36.00360658656072	36.00568646677992	35.99593664491228	35.98201516201752	36.00755493247047	36.002419600513846	35.92997987848132	35.93345958376511	35.95302569009068	35.92309199354519	35.90626286389947	35.803872156094044
	1	2	3	4	5	6	7	8	9	10	12	14	16	18	20	22	24	26	28	30	32	34	36	38	40	42	44	46	48	50	52	54	56	58	60	62	64	66	68	70	72	74	76	78	80	82	84	86	88	90	92	94	96	98	100
GLDS-375_rna-seq_GC3-1S_R2_raw	36.07692869410615	35.94615322219632	35.94291206185311	35.869070789089214	35.87140676395439	35.792921282367395	35.68565136981108	35.70990501384746	35.72107368381381	35.70671548512827	35.68987318099359	35.64986314119459	35.59547861876493	35.581651689385026	35.59681819608157	35.54576455238707	35.537460078184914	35.46741505659719	35.45205378561431	35.45195396962981	35.404092565253706	35.41071956926055	35.40490845968653	35.39037138180284	35.3931320619809	35.37050421988609	35.33158879819234	35.32100523100878	35.312477999274975	35.282058486835254	35.29847052200972	35.26914520439851	35.228989296918186	35.22236612682194	35.18817678951338	35.19114433399499	35.19282344845769	35.144461246632254	35.154379036111735	35.116572697192325	35.14389241558467	35.13205201761987	35.15486113612446	35.10241384557798	35.09924306313502	35.05872345917392	35.02637663336496	35.034610579078006	35.033405664818616	35.030553565001654	35.01307871038806	34.91677341177302	34.96102038675855	34.92805632169326	34.75629477855971
	1	2	3	4	5	6	7	8	9	10	12	14	16	18	20	22	24	26	28	30	32	34	36	38	40	42	44	46	48	50	52	54	56	58	60	62	64	66	68	70	72	74	76	78	80	82	84	86	88	90	92	94	96	98	100
GLDS-375_rna-seq_GC4-1R_R1_raw	36.42024121690126	36.26052663510258	36.355051161925424	36.40093198728824	36.409063707305975	36.38209121775332	36.364230526696126	36.41185229037965	36.382312692585465	36.399785112580574	36.40441166328257	36.36895800377397	36.388058526581055	36.37067621774281	36.37087792948218	36.36045511364492	36.32130405509265	36.28047049715087	36.29120118137915	36.280334185224476	36.26158669321436	36.25334394093658	36.2494689988136	36.23165423077437	36.23645176961852	36.23335808285027	36.21741107022741	36.21633746638501	36.21168933224915	36.19583723802194	36.19393845989128	36.187762918571835	36.1717793153839	36.17245026917888	36.15477704761494	36.14601099427902	36.12240182417662	36.116980895426295	36.105268239736496	36.08567142614358	36.05309396964755	36.0663953216106	36.055297885657595	36.03252172671095	36.03842181111153	36.02601450300783	36.01405444758126	36.03453253273422	36.031769977119595	35.97061351596591	35.97252408785571	35.99592435458952	35.96586457937413	35.95472302792494	35.84774837225186
	1	2	3	4	5	6	7	8	9	10	12	14	16	18	20	22	24	26	28	30	32	34	36	38	40	42	44	46	48	50	52	54	56	58	60	62	64	66	68	70	72	74	76	78	80	82	84	86	88	90	92	94	96	98	100
GLDS-375_rna-seq_GC4-1R_R2_raw	36.24606821281254	36.07550689363169	36.11768802529553	36.05704872902675	36.075819804282055	35.99314124535841	35.90709982420633	35.936950426847766	35.97382147827797	35.956104350599816	35.94200436457969	35.9219983630946	35.89078750844001	35.87262887540575	35.885560475927065	35.83896972181377	35.83242593318418	35.76910689827399	35.75717869027023	35.76564478899846	35.711593952358584	35.715667627869436	35.723608571013614	35.70471023426012	35.716730822437455	35.698447948987514	35.661809520910325	35.655129193879986	35.6385088259793	35.61109892042835	35.6271548971303	35.597270767737314	35.56115823449066	35.55401265648118	35.52671276191909	35.53706559290586	35.52593708723445	35.473632239720835	35.47951900486517	35.45646387223742	35.46797341888378	35.47157050260506	35.4810488263509	35.421687494986585	35.438966796448724	35.39918167378363	35.37123879287354	35.390228787646514	35.39188957113602	35.402098749008616	35.37252256919557	35.28304101960022	35.322550078566096	35.273330106686174	35.118700861366605
	1	2	3	4	5	6	7	8	9	10	12	14	16	18	20	22	24	26	28	30	32	34	36	38	40	42	44	46	48	50	52	54	56	58	60	62	64	66	68	70	72	74	76	78	80	82	84	86	88	90	92	94	96	98	100
GLDS-375_rna-seq_GC4-1S_R1_raw	36.39601742952152	36.20888924971671	36.32505902341078	36.38327181705845	36.391845193792605	36.355262810918965	36.33874234486986	36.39389780694845	36.36165961937636	36.3796133727302	36.37974309776479	36.35467654002302	36.36414380362396	36.360485524589706	36.360530695979214	36.34539386753124	36.30495490664464	36.269176037106426	36.27530779856305	36.25431103271306	36.24728459636013	36.232142828312504	36.21404781394077	36.20148997930135	36.20588585780703	36.19865980396747	36.180913256247905	36.1793112921862	36.16765989522513	36.15257902456092	36.15354993458586	36.14029917598252	36.1158944669334	36.120949964584796	36.09012465243093	36.08379305437703	36.06193690582094	36.05729022635052	36.04320174239861	36.018686655400536	35.98714196839933	36.00584755188444	35.98860421674979	35.96119956005657	35.95739573004861	35.944984376642125	35.927328821345405	35.95387269609961	35.94974877619016	35.874942206684075	35.87249688574579	35.89148663267453	35.86365311878634	35.84484187399723	35.740168759019575
	1	2	3	4	5	6	7	8	9	10	12	14	16	18	20	22	24	26	28	30	32	34	36	38	40	42	44	46	48	50	52	54	56	58	60	62	64	66	68	70	72	74	76	78	80	82	84	86	88	90	92	94	96	98	100
GLDS-375_rna-seq_GC4-1S_R2_raw	36.04461287261976	35.79027127973764	35.78663836372167	35.69208522373926	35.6781392385882	35.587276175592045	35.48729282031305	35.44813555676053	35.45884919859704	35.450750876807774	35.41395414221757	35.35604498595271	35.287292812624955	35.272173597597686	35.28005559567458	35.21977696919543	35.21444239377381	35.136503618362454	35.119256550658726	35.12601345016466	35.06405230763104	35.07034438119963	35.058420798843585	35.043957032171676	35.04638018449424	35.01821637476131	34.984138107515975	34.97117354585682	34.95636574087422	34.931022346441296	34.94589162925833	34.90907021973415	34.86183046801957	34.84773203183147	34.822449588598616	34.82128465417459	34.835119196575846	34.7833578083769	34.79219919971567	34.73688863036395	34.77241467312497	34.76142664709893	34.78077919897299	34.72880619217449	34.72318327483079	34.67605694554993	34.64075701728753	34.6458687802464	34.653793989249124	34.64891113925465	34.625827317592886	34.535627314163996	34.57303244982539	34.535523202010715	34.360670592360634
	1	2	3	4	5	6	7	8	9	12	17	22	27	32	37	42	47	52	57	62	67	72	77	82	87	92	97	102	107	112	117	122	127	132	137	142	147	150
GLDS-375_rna-seq_GC5-1R_S8_L002_R1_raw	35.56273728317128	35.594369944920224	35.70297768266329	35.889594315127546	36.01235683452997	36.03208083130917	35.92687166620677	36.0008888021674	35.985955516065644	36.080529035483565	36.06239981609834	36.03377086741536	35.944752626732814	35.901504082725594	35.8826197304311	35.868793085375955	35.83489439681974	35.84005381105334	35.84895484095005	35.82209422894109	35.79970568198329	35.73434424111885	35.70464925323451	35.71005364635695	35.72502671082204	35.687813081889416	35.63975591996258	35.61117443314785	35.629468586189034	35.57493726533383	35.57888447232745	35.50711145715961	35.46712892614191	35.49366577716663	35.39750313306951	35.3469415393445	35.27675749532535	34.89635262416467
	1	2	3	4	5	6	7	8	9	12	17	22	27	32	37	42	47	52	57	62	67	72	77	82	87	92	97	102	107	112	117	122	127	132	137	142	147	150
GLDS-375_rna-seq_GC5-1R_S8_L002_R2_raw	34.14082057041056	34.220258939000786	34.96484632501659	34.71874914075246	34.746210413026425	34.72844403512276	34.62103767373898	34.69123559831334	34.66381626778738	34.636106904142096	34.56263541566785	34.51080293812762	34.402001633285636	34.33744855855075	34.32799091071376	34.27925780273533	34.24026881659648	34.19317163917144	34.17380481720167	34.16102324047389	34.065794110820285	34.04899682457002	33.99791798650578	33.983761976602224	34.02804422069929	34.002283613031054	33.95605576033271	33.86427318160889	33.8687594691696	33.92090142237657	33.85813292365806	33.815428415066705	33.65305668109714	33.578314371615605	33.562287906302835	33.43788623220599	33.168295827919636	32.61725647860433
	1	2	3	4	5	6	7	8	9	12	17	22	27	32	37	42	47	52	57	62	67	72	77	82	87	92	97	102	107	112	117	122	127	132	137	142	147	150
GLDS-375_rna-seq_GC5-1S_S7_L002_R1_raw	35.670457817376594	35.6255889573818	35.69490819078051	35.866638713545996	35.98180564046489	36.00097845687391	35.87693130144641	35.957401218542905	35.95791890509253	36.050315349368525	36.01395054348299	35.985629406403945	35.885863583191096	35.84261185544885	35.81360900428077	35.792574692501724	35.7513857092063	35.75315075668448	35.75395738514808	35.72682197207355	35.71519821410277	35.632840243521095	35.60270043216155	35.59147723886669	35.59144738295848	35.54858567365041	35.49223792421839	35.46259794612779	35.46733931042979	35.429199270735765	35.433916755333215	35.34579088610528	35.309664575943984	35.32655844158018	35.215238549292465	35.153151217036296	35.08671482393133	34.724892725470276
	1	2	3	4	5	6	7	8	9	12	17	22	27	32	37	42	47	52	57	62	67	72	77	82	87	92	97	102	107	112	117	122	127	132	137	142	147	150
GLDS-375_rna-seq_GC5-1S_S7_L002_R2_raw	33.95590838128246	33.911537329008596	34.744348553624796	34.49559958062786	34.512737014228385	34.519755454415794	34.35080616811178	34.462119573623816	34.40924477693192	34.375582319945515	34.257563530225525	34.18196683056308	34.05312470077132	33.969597913652066	33.94853675917674	33.89349368866021	33.84433162104775	33.78687346116941	33.75975127274724	33.73624231882059	33.638560642229294	33.62994572703112	33.56797498096655	33.54819705301177	33.5920054800281	33.55693641386265	33.49316345737276	33.41280009079812	33.41481433927293	33.47155494458034	33.419115021330185	33.376598107167226	33.20466561550211	33.13299329794707	33.12852236104574	33.007812689372	32.7346768798927	32.21810621890114
	1	2	3	4	5	6	7	8	9	10	12	14	16	18	20	22	24	26	28	30	32	34	36	38	40	42	44	46	48	50	52	54	56	58	60	62	64	66	68	70	72	74	76	78	80	82	84	86	88	90	92	94	96	98	100
GLDS-375_rna-seq_GC6-1R_R1_raw	36.44831336772729	36.29791907683496	36.388184609419895	36.429258407114546	36.43705117000001	36.407548696354525	36.388541116258644	36.431087020847485	36.40344297435783	36.420874525149955	36.425102317026465	36.38941664697867	36.409138498883166	36.39220270628444	36.39139848394343	36.382268908053355	36.34749307714325	36.30925095087642	36.31840163454525	36.30650923387613	36.29058133673962	36.27706749329698	36.268986193814406	36.25079684688815	36.25530331286023	36.25195941457531	36.23446101534266	36.23270018488451	36.22812830388446	36.21318704641598	36.21447651006487	36.20737795900267	36.18788348995352	36.188516976500736	36.173434360405366	36.16735250003781	36.14392322006718	36.13982391337065	36.12398753650908	36.104738255012954	36.075245312781874	36.0871959029891	36.07483760039604	36.04823345965204	36.05561064975352	36.04654861563938	36.03300230618161	36.051851455239756	36.050714856469554	35.98895580951938	35.99211312656965	36.01672808021445	35.98831620759799	35.97667436977895	35.86822623275991
	1	2	3	4	5	6	7	8	9	10	12	14	16	18	20	22	24	26	28	30	32	34	36	38	40	42	44	46	48	50	52	54	56	58	60	62	64	66	68	70	72	74	76	78	80	82	84	86	88	90	92	94	96	98	100
GLDS-375_rna-seq_GC6-1R_R2_raw	36.25334983253496	36.0635754610959	36.11126066382005	36.04888674521004	36.067007962193806	35.982913021329125	35.91778536920333	35.93120408157367	35.94801593851919	35.94760666807624	35.95219947378335	35.93838996173716	35.89332211578952	35.885000470416394	35.88875822762247	35.84137109290984	35.83207636296558	35.77480345713242	35.76518843738705	35.77577264266562	35.71861777913464	35.714857482295464	35.72328817998121	35.70801041333705	35.72095592818101	35.70591666892001	35.668047502575064	35.65985848681384	35.64505063019554	35.61761346252961	35.632452293323354	35.60254530130912	35.5689085075286	35.56109419671323	35.532318358059584	35.543634893028745	35.530672181129376	35.47944222708248	35.481647750412094	35.467232816322465	35.47770850292298	35.479700689282126	35.490083503993176	35.431676889585766	35.44833725274286	35.41174849773496	35.381697891806155	35.398506578105454	35.40008679858285	35.41302070200616	35.38524535414829	35.29222763052411	35.33673528482636	35.2914934233747	35.1321218956267
	1	2	3	4	5	6	7	8	9	10	12	14	16	18	20	22	24	26	28	30	32	34	36	38	40	42	44	46	48	50	52	54	56	58	60	62	64	66	68	70	72	74	76	78	80	82	84	86	88	90	92	94	96	98	100
GLDS-375_rna-seq_GC6-1S_R1_raw	36.38815626360067	36.196695250867705	36.31531699042689	36.374461352497384	36.38617459042187	36.35365793143725	36.33585344563735	36.393788644196896	36.3632799098981	36.38283521098775	36.3809570912644	36.35118071655576	36.36498037473265	36.36362013557916	36.362564119346345	36.345450956949165	36.30305590200154	36.269453523899855	36.276653096806285	36.259064643753376	36.25015780845816	36.23504719744203	36.22136848313015	36.206791828090374	36.21179134829633	36.205325275998106	36.18771148991723	36.18610336661982	36.174502866941324	36.162208413854	36.16159668252811	36.14632076955952	36.12517393039553	36.13006027132373	36.098189667267654	36.09141314095737	36.06960019812605	36.06300578962259	36.05083988718714	36.03088045126826	35.998988499655	36.01546821496825	35.998287489737514	35.969576611422134	35.96886160582605	35.96033686995513	35.94518507304352	35.967125308169955	35.96385695913128	35.8927963874042	35.89334656040277	35.91011864337844	35.88118258394101	35.86423310907716	35.76151341006121
	1	2	3	4	5	6	7	8	9	10	12	14	16	18	20	22	24	26	28	30	32	34	36	38	40	42	44	46	48	50	52	54	56	58	60	62	64	66	68	70	72	74	76	78	80	82	84	86	88	90	92	94	96	98	100
GLDS-375_rna-seq_GC6-1S_R2_raw	36.14334259111664	36.01985932170217	36.03824470706417	35.979929557592996	35.984070392946705	35.90951282754318	35.81445047220262	35.814517339096106	35.84246579887471	35.87092813756774	35.837333026375205	35.812567853145765	35.77327718051823	35.76845085632918	35.782884467360404	35.73058837816652	35.717190160074146	35.63915006198155	35.62291010207029	35.62985004886713	35.57428269335089	35.57440716142406	35.56775335119828	35.551130381475986	35.55970781457677	35.53258994309298	35.496654081966106	35.479283996296374	35.46491011472669	35.43527586150138	35.44738704362536	35.41430276458634	35.372309526016416	35.35962858746386	35.338277275441214	35.33930335815849	35.349450265605526	35.294323881188525	35.307409444156065	35.26346734274493	35.2958091386934	35.28478148671218	35.30495650625394	35.2453659575798	35.24490618396004	35.20074544407281	35.16458734743072	35.168901245277944	35.16994754667286	35.170992108217575	35.14572400094525	35.052519206772686	35.09543626128432	35.06323921277913	34.88372053982486
	1	2	3	4	5	6	7	8	9	10	12	14	16	18	20	22	24	26	28	30	32	34	36	38	40	42	44	46	48	50	52	54	56	58	60	62	64	66	68	70	72	74	76	78	80	82	84	86	88	90	92	94	96	98	100
GLDS-375_rna-seq_GC7-1R_R1_raw	36.44087477411313	36.302252350409276	36.384584655976035	36.42565321474413	36.435090723014454	36.40467938093923	36.382620243237106	36.43171733882926	36.40100257699262	36.420334409152936	36.41990291932474	36.385178079934576	36.40585538240067	36.39424632700556	36.39125479666637	36.38014038300176	36.343824691314765	36.305355925999976	36.31588887811826	36.303574413726594	36.28591672516875	36.27438351467842	36.26785080925879	36.24833535808534	36.250839275614766	36.24524483677803	36.22798562098785	36.228833077608	36.22131530367129	36.20328015685179	36.20253016579149	36.195543510914035	36.18064734521397	36.18446068925749	36.16259805625413	36.1521981558649	36.12995771937591	36.12896627224372	36.11251269280177	36.09133842837893	36.05666172364808	36.06629549977746	36.057945009481536	36.03708249836633	36.042223461424655	36.028283758822425	36.01259056328816	36.034978077233795	36.036490852712696	35.972407231051776	35.97341100589131	35.994967015775885	35.963823698514844	35.95804075534428	35.849785095666135
	1	2	3	4	5	6	7	8	9	10	12	14	16	18	20	22	24	26	28	30	32	34	36	38	40	42	44	46	48	50	52	54	56	58	60	62	64	66	68	70	72	74	76	78	80	82	84	86	88	90	92	94	96	98	100
GLDS-375_rna-seq_GC7-1R_R2_raw	36.27886521635452	36.13624369402243	36.159692021034125	36.10358065666064	36.12184327798098	36.04543613180613	35.990885236005305	35.98983463916042	36.04617497534338	36.03600811318093	36.01956197612563	36.007383056301265	35.97797989669261	35.96316179175354	35.97791666450567	35.93169561781836	35.92455107917095	35.857740742060386	35.85441735513828	35.86199723727689	35.819168895274764	35.818389174810164	35.81854314871788	35.799369172227884	35.81765794627155	35.795296135455224	35.76114330008013	35.74859225690881	35.737223866781825	35.70697030009228	35.724640954620405	35.69352171071037	35.66085229071925	35.65311199584434	35.622774744454375	35.63509696835705	35.62292843736583	35.573894975383844	35.5838375262605	35.563562385641546	35.58515452763092	35.577925609820895	35.59056436798185	35.53726484888206	35.54558532074896	35.51171914972973	35.481077964756615	35.48775410270998	35.4840732122749	35.49907414943757	35.47002865792541	35.375895661528546	35.419587336439506	35.38342533364974	35.20980787659492
	1	2	3	4	5	6	7	8	9	10	12	14	16	18	20	22	24	26	28	30	32	34	36	38	40	42	44	46	48	50	52	54	56	58	60	62	64	66	68	70	72	74	76	78	80	82	84	86	88	90	92	94	96	98	100
GLDS-375_rna-seq_GC7-1S_R1_raw	36.415198113519516	36.22831383574873	36.338069779895996	36.394931536324655	36.40518846877452	36.37081074086205	36.35210710653839	36.40519423013385	36.3736287503796	36.39228643724792	36.38945265570186	36.36278557298255	36.37278355158955	36.368473485228606	36.36755878952939	36.35193445015467	36.31273495620363	36.2796847954572	36.28629129621283	36.2637274241073	36.25536396281211	36.245043675898046	36.22925580570664	36.212280497229074	36.21661435890556	36.209540098057026	36.194017897830776	36.19476116235711	36.18360161831093	36.16675519463786	36.16467900725796	36.1538141940307	36.13364990350133	36.13844234643365	36.10574489479434	36.09558624146415	36.07285073330098	36.07024296832445	36.06269145302343	36.04077639357182	36.00472576933508	36.01905768747478	36.002933892335435	35.98089155027813	35.97776499251371	35.9634930892167	35.942623757461035	35.96891237705941	35.96931412328399	35.89639227448427	35.89526064270791	35.90900040702405	35.87671128250768	35.862192103798876	35.762053732830196
	1	2	3	4	5	6	7	8	9	10	12	14	16	18	20	22	24	26	28	30	32	34	36	38	40	42	44	46	48	50	52	54	56	58	60	62	64	66	68	70	72	74	76	78	80	82	84	86	88	90	92	94	96	98	100
GLDS-375_rna-seq_GC7-1S_R2_raw	36.14381071631686	36.003633721293546	36.035943539170255	35.98452833254992	35.98173852337016	35.91090838811713	35.799098523465226	35.85479973887848	35.853332149372626	35.859013214370144	35.85759178539978	35.84221283649709	35.78839970376943	35.78208147586521	35.79487710664043	35.743406314785844	35.73466847986944	35.65815121912782	35.63433901698671	35.63478632138559	35.57717898933055	35.582594925258654	35.580913472946996	35.561124998427516	35.56433932472361	35.5367192656373	35.50190769835211	35.48646727992499	35.470912494827175	35.442497716456955	35.44998259504	35.41491809342605	35.36715037225716	35.35508841330402	35.33120791897611	35.32637889182179	35.342873016157256	35.28572412193872	35.30358481530233	35.253705191242915	35.285988378199065	35.27182027771473	35.2961580789153	35.237676347894805	35.23281335494567	35.18335099917993	35.14739870323521	35.15537421524529	35.1563808714183	35.14257156511834	35.11864882765148	35.02294870714236	35.07257924870645	35.03720578907614	34.848814448702456
	1	2	3	4	5	6	7	8	9	10	12	14	16	18	20	22	24	26	28	30	32	34	36	38	40	42	44	46	48	50	52	54	56	58	60	62	64	66	68	70	72	74	76	78	80	82	84	86	88	90	92	94	96	98	100
GLDS-375_rna-seq_GC8-1R_R1_raw	36.39043289074547	36.28165957566581	36.38029791339626	36.432135002291695	36.425544717377576	36.402668832224386	36.3761332916704	36.434847313541866	36.40596727414179	36.42820797446689	36.423218404275445	36.39854098697436	36.41342538859453	36.39673133422326	36.40100076741636	36.390460069603364	36.345263582392285	36.32330997382908	36.337780847056756	36.321108474428044	36.31439986753084	36.3069999730683	36.29874405029578	36.27311233853683	36.28316964158677	36.25643934055914	36.242663432544376	36.24030892513671	36.215686085912495	36.21296197045582	36.211938536223364	36.2117405805142	36.19813662560236	36.2054776241022	36.160082853618206	36.1552688367531	36.14131502290868	36.14526958693365	36.106812890689014	36.100394826884525	36.06235576251285	36.09640780426953	36.08152485881912	36.05503015950937	36.05668899893099	36.02187317379486	36.048030509240256	36.05974326589376	36.06215206848231	36.02005912573377	36.020742203360314	36.01585742676899	35.99099353933504	36.005016534643985	35.87648545248281
	1	2	3	4	5	6	7	8	9	10	12	14	16	18	20	22	24	26	28	30	32	34	36	38	40	42	44	46	48	50	52	54	56	58	60	62	64	66	68	70	72	74	76	78	80	82	84	86	88	90	92	94	96	98	100
GLDS-375_rna-seq_GC8-1R_R2_raw	36.28112007220982	36.08415998413781	36.15880749308158	36.08922847932649	36.10080626780257	36.022114019510624	35.95356873144552	35.975002960878534	36.00722649114554	36.02396906664211	36.04352402709307	36.01992389550536	35.98927151584343	35.993618647158605	35.99344446364431	35.95370696037121	35.9450725019485	35.89980168158843	35.89414660012112	35.90169123905015	35.8579105925577	35.841884717617944	35.8444562866351	35.80832784505229	35.84623679812364	35.8454113225782	35.816784275553395	35.819104210095915	35.829499472580665	35.782404419904665	35.80941770623589	35.76259067515571	35.7430241755271	35.73713310224326	35.71731556371048	35.73373488440686	35.719065662393525	35.668995249884865	35.685608264983784	35.664790221681216	35.70093756964825	35.66393484254302	35.687180082627776	35.67634420520604	35.66862453407481	35.63544016700844	35.60722623147682	35.60352191424731	35.58847954351859	35.622675308338444	35.569743936148754	35.51714064585781	35.549795839637795	35.50316384299367	35.3363828972747
	1	2	3	4	5	6	7	8	9	10	12	14	16	18	20	22	24	26	28	30	32	34	36	38	40	42	44	46	48	50	52	54	56	58	60	62	64	66	68	70	72	74	76	78	80	82	84	86	88	90	92	94	96	98	100
GLDS-375_rna-seq_GC8-1S_R1_raw	36.37241405810365	36.212405679855884	36.325370351058396	36.381154608476386	36.38553434901726	36.348258440249154	36.331759166967906	36.39014696048652	36.35749779491223	36.37868122514443	36.37804748982197	36.34763831033774	36.35750399878074	36.35692648368562	36.35647421462547	36.34148012334401	36.299452706074405	36.26206284836255	36.2686332341394	36.24984121909257	36.241113030870665	36.22687671912844	36.20742548606874	36.198286296737734	36.200090196871585	36.192497034782924	36.17653770941703	36.17219716058263	36.1597811682976	36.14150672662629	36.143031158438546	36.12758241932571	36.106882045421	36.109480301809874	36.07596683830454	36.06615708413903	36.04088349768156	36.03932817499693	36.03002986078983	36.00478609185674	35.96881016084422	35.9857733152361	35.96846303430124	35.942749735711885	35.94266559185992	35.93050121057905	35.908344498224565	35.93553099801653	35.93486206599712	35.85421070605196	35.85227563367606	35.86913665424053	35.84004128170979	35.82317241617331	35.71877280501869
	1	2	3	4	5	6	7	8	9	10	12	14	16	18	20	22	24	26	28	30	32	34	36	38	40	42	44	46	48	50	52	54	56	58	60	62	64	66	68	70	72	74	76	78	80	82	84	86	88	90	92	94	96	98	100
GLDS-375_rna-seq_GC8-1S_R2_raw	36.2346096775409	36.083505877131444	36.11895558582148	36.06483678322297	36.06495924435506	35.99706636173306	35.8957868447254	35.93554715211105	35.949742025990005	35.968517530541064	35.973306457031114	35.954112122975744	35.915290050206664	35.91433185711929	35.93414298500448	35.88817416759542	35.88554795442831	35.812405202443955	35.799853902004536	35.80446823746131	35.74659133272241	35.75038163944681	35.75002247400065	35.734220081228656	35.741695589458104	35.71813699345165	35.684485905183706	35.66572715149207	35.653874820239075	35.62386018109859	35.637110222793396	35.598229215345484	35.55156856091949	35.53407173707639	35.513805737572994	35.5158406893311	35.535611904418886	35.472442992084424	35.48831135224392	35.439426509421104	35.47732240305359	35.45979438995566	35.48435147725755	35.426194287789514	35.42473851295104	35.37431365197695	35.343204405093104	35.34402961492269	35.349746249759406	35.34238305351441	35.317392727322215	35.219776866119915	35.26649657540656	35.234139783194976	35.03793910935788
	1	2	3	4	5	6	7	8	9	12	17	22	27	32	37	42	47	52	57	62	67	72	77	82	87	92	97	102	107	112	117	122	127	132	137	142	147	150
GLDS-375_rna-seq_GC9-1R_S12_L002_R1_raw	35.60601797476499	35.645078917697894	35.739378986478506	35.92842757342698	36.04074054677186	36.062876519303714	35.95012873793843	36.029767768808476	36.01249155430634	36.11285655228039	36.09423949548656	36.06636884984602	35.97776249069645	35.93382240492966	35.91462897366687	35.90047421328831	35.86541298098967	35.86897998184263	35.87738834597499	35.85139932015928	35.82749192754539	35.758886906093565	35.72774075170175	35.731177802362865	35.74446006091868	35.6992515305473	35.65005862412555	35.61077909868086	35.62448455462569	35.561169660857615	35.558290072387	35.47910430054075	35.433856404278586	35.45544405011675	35.35709348544011	35.30356781089702	35.22818325514064	34.830386760595026
	1	2	3	4	5	6	7	8	9	12	17	22	27	32	37	42	47	52	57	62	67	72	77	82	87	92	97	102	107	112	117	122	127	132	137	142	147	150
GLDS-375_rna-seq_GC9-1R_S12_L002_R2_raw	34.28053484958579	34.426342835056296	35.31755425649741	35.05701593497282	35.114774016554485	35.163166413818544	35.08563138799192	35.22719173309544	35.21502301509534	35.232080737090584	35.21970992997562	35.19442198603563	35.10874382362506	35.058621318525574	35.057418661873605	35.02275813699093	34.98747683147444	34.937264591495065	34.92099278661398	34.91353208964195	34.81912603447266	34.80417579395989	34.75178331479138	34.74458336199895	34.80015589972802	34.76911054519284	34.71816569349812	34.62121809136634	34.624010386339826	34.673806269302176	34.595901345860064	34.53933623977889	34.35028763595451	34.255791108990245	34.225054825637734	34.07509740076553	33.76281223893307	33.1461108378775
	1	2	3	4	5	6	7	8	9	12	17	22	27	32	37	42	47	52	57	62	67	72	77	82	87	92	97	102	107	112	117	122	127	132	137	142	147	150
GLDS-375_rna-seq_GC9-1S_S11_L002_R1_raw	35.64208177802042	35.64684350497096	35.75319761543928	35.929936238072	36.04788711357529	36.066264101743904	35.93639230802765	36.03684686744513	36.010991593262766	36.10906992456322	36.074990844247736	36.04810866346618	35.957109986566664	35.91110885679005	35.88257381210208	35.866185319047844	35.82505256625022	35.82564844891164	35.822960732077576	35.799764498048646	35.78169058321453	35.70313780644178	35.6741030443819	35.66168509436174	35.66775134356411	35.621681134073505	35.56516794988221	35.53208343902379	35.54105204789944	35.49140087700242	35.50240250434427	35.41098132925519	35.37512685154511	35.387492129547965	35.27909354097776	35.22049050919594	35.15655014749453	34.77781385100229
	1	2	3	4	5	6	7	8	9	12	17	22	27	32	37	42	47	52	57	62	67	72	77	82	87	92	97	102	107	112	117	122	127	132	137	142	147	150
GLDS-375_rna-seq_GC9-1S_S11_L002_R2_raw	34.24558505119036	34.361590455797355	35.361140209838254	35.1046461556969	35.16145881714119	35.227676473331144	35.1761168500239	35.26537789298319	35.24840921678449	35.29645776774758	35.28839337563159	35.262158645872056	35.17658702618407	35.11659894199787	35.1131159025346	35.06552149711771	35.025473362968974	34.9748735255376	34.94813363369964	34.93410701202784	34.83747855457021	34.82077906024733	34.761676099559395	34.746600332605354	34.8005339859133	34.762910824720365	34.696615011239814	34.606680664099684	34.60805285890319	34.65983296523316	34.59031577090515	34.53531382387074	34.34865766830811	34.265721792419455	34.2583858873207	34.13066115659914	33.837084595104216	33.26012354425379
	1	2	3	4	5	6	7	8	9	10	12	14	16	18	20	22	24	26	28	30	32	34	36	38	40	42	44	46	48	50	52	54	56	58	60	62	64	66	68	70	72	74	76	78	80	82	84	86	88	90	92	94	96	98	100
GLDS-375_rna-seq_Plantctrl_rep1_R1_raw	36.45302108153388	36.3032015243245	36.39524887053075	36.43008304918352	36.430400572440625	36.38601857440099	36.368675551661184	36.421591962865506	36.38939412157428	36.40814956477732	36.402086171406864	36.38392871555575	36.38880329623436	36.3884482999113	36.383336851761044	36.364088870561496	36.330308623736535	36.284232347909466	36.294611518720835	36.26873232372566	36.25402592290618	36.25123882482218	36.22696642611373	36.20778424820929	36.199321991022195	36.19580262340435	36.17369218038964	36.17055137573603	36.15672988991285	36.13860805195225	36.138640014925365	36.12195832527946	36.109898258334674	36.10121940017433	36.07060458896792	36.07363210226946	36.042176153772786	36.02849640778903	36.01769572041917	35.974574351056674	35.95867852777651	35.9622084351561	35.94974095394275	35.911407215920015	35.91277301308935	35.89417867450537	35.87272960154024	35.89577762879544	35.88766869383881	35.80957653543338	35.80906632522766	35.83740678371586	35.79241245582243	35.77906548470753	35.66412528447748
	1	2	3	4	5	6	7	8	9	10	12	14	16	18	20	22	24	26	28	30	32	34	36	38	40	42	44	46	48	50	52	54	56	58	60	62	64	66	68	70	72	74	76	78	80	82	84	86	88	90	92	94	96	98	100
GLDS-375_rna-seq_Plantctrl_rep1_R2_raw	36.25727379557427	36.08628979070487	36.127713907347186	36.0561043491403	36.08005189997461	35.99671745550698	35.936056211550195	35.94276320298067	36.00124851829871	35.98751864192642	35.97499984035143	35.97621125883662	35.92729711520364	35.91517644093325	35.92827091232118	35.88758149689687	35.888389399938404	35.82007640351636	35.81071206172108	35.82178678659191	35.77915323228919	35.778373962513456	35.77551926139242	35.75585329290243	35.778374029033685	35.751172818270796	35.70590733172435	35.68025907650873	35.67438196936202	35.639975286697776	35.66731116028616	35.62324675202386	35.584064552093835	35.585259917028864	35.54777853973833	35.56321182564815	35.54693804917258	35.47327941272033	35.49181768952812	35.46227717642827	35.49680047645636	35.48150465461304	35.48619936457506	35.43702106539164	35.406437175007994	35.374081181857036	35.34214432531836	35.35717937305654	35.34582598752837	35.3653188555835	35.317546528096045	35.21048909032662	35.25985646219253	35.21040873757779	34.9825484605828
	1	2	3	4	5	6	7	8	9	10	12	14	16	18	20	22	24	26	28	30	32	34	36	38	40	42	44	46	48	50	52	54	56	58	60	62	64	66	68	70	72	74	76	78	80	82	84	86	88	90	92	94	96	98	100
GLDS-375_rna-seq_Plantctrl_rep2_R1_raw	36.43167526210598	36.28554729249077	36.37953517345078	36.41638542881727	36.41839069639002	36.37243071739175	36.352108388098905	36.40628323118899	36.373860732966676	36.396558759795326	36.39165388148201	36.37524659536891	36.38045938908331	36.37687521304124	36.37316233962109	36.35683702591176	36.32258473276504	36.27575412683456	36.28379573130158	36.258480985202134	36.24202103583491	36.24076289171548	36.21680739808673	36.197665706793416	36.19001018104833	36.18458371320497	36.16257839962815	36.159309334666744	36.146229202029915	36.12588872594404	36.126532591730815	36.10873187534558	36.09603723799721	36.089882819531745	36.059843630304975	36.06204852601333	36.02889428149822	36.01747922106695	36.00405575124012	35.96249183955952	35.94603999455275	35.95048720618567	35.934961424350774	35.89803560428958	35.90119884313591	35.886132823647635	35.862625276161026	35.88454391298252	35.87644220145493	35.798387040475134	35.801889012751886	35.83086095461104	35.78409819797047	35.76592869462452	35.651463519074795
	1	2	3	4	5	6	7	8	9	10	12	14	16	18	20	22	24	26	28	30	32	34	36	38	40	42	44	46	48	50	52	54	56	58	60	62	64	66	68	70	72	74	76	78	80	82	84	86	88	90	92	94	96	98	100
GLDS-375_rna-seq_Plantctrl_rep2_R2_raw	36.2764323447822	36.05983939202959	36.11073368926039	36.04351894026591	36.071185570426636	35.98820596599359	35.95648289721424	35.96573695692377	35.99873839551649	35.983566171016676	35.98430739307389	35.9661225829818	35.92671724440318	35.916175312291315	35.92706812934468	35.88495784562346	35.883350905522626	35.81355262590432	35.80692862060895	35.81459495663872	35.76963911360038	35.767643476033086	35.76306430784199	35.74378955683177	35.766459448083864	35.73908692875165	35.6913069357224	35.66616139203794	35.662548077852584	35.62867440620907	35.64909738448314	35.60636128117619	35.56403629058171	35.56492529902156	35.52694457758166	35.545200144071856	35.52897757836305	35.45563840407821	35.472792803585435	35.443656273130074	35.48011872965179	35.46180389101444	35.46463438835922	35.41500270823785	35.38862690453057	35.35651727754086	35.323631338658544	35.338310880410035	35.327072506437	35.34691230271222	35.30063377574066	35.19514753413148	35.24447908131786	35.193342340652094	34.96206010549135
	1	2	3	4	5	6	7	8	9	10	12	14	16	18	20	22	24	26	28	30	32	34	36	38	40	42	44	46	48	50	52	54	56	58	60	62	64	66	68	70	72	74	76	78	80	82	84	86	88	90	92	94	96	98	100
GLDS-375_rna-seq_Plantctrl_rep3_R1_raw	36.433066085967205	36.29839064055954	36.389884541129526	36.43536365291057	36.430362598743024	36.39275713780847	36.369871923188356	36.42881401527127	36.398715965099	36.420587333193694	36.41364619802006	36.39440242623286	36.403168393122215	36.39619396057245	36.39461014031828	36.38005851790129	36.34102377380147	36.305412471409	36.31617137730109	36.295483831849964	36.28288061548886	36.28008131538248	36.26107427820011	36.2391802836985	36.23693975844923	36.22469294399043	36.20491257771783	36.2050422215246	36.184435995634004	36.172182216815145	36.17305420155636	36.16191083306518	36.149955113047966	36.15029132479902	36.11321086143414	36.11098915153137	36.087471470260475	36.08108806543109	36.05864138530002	36.03294742478968	36.008828386413164	36.02608659007079	36.0119696374453	35.97702498550414	35.98081484796822	35.95354959853499	35.95597870916933	35.97078749629805	35.967109089001966	35.908473504982815	35.90542776759406	35.92079246705005	35.88647193130281	35.882918436452556	35.76536695786217
	1	2	3	4	5	6	7	8	9	10	12	14	16	18	20	22	24	26	28	30	32	34	36	38	40	42	44	46	48	50	52	54	56	58	60	62	64	66	68	70	72	74	76	78	80	82	84	86	88	90	92	94	96	98	100
GLDS-375_rna-seq_Plantctrl_rep3_R2_raw	36.15660778200021	36.025483866629415	36.0521117966616	35.966195442312745	35.98541339487129	35.89826808927737	35.83517735020954	35.8174470098019	35.86377427731595	35.85075966121603	35.83769908090434	35.80585641195786	35.77131219801651	35.76449658505837	35.768428255669505	35.72930222679188	35.72495784374334	35.66923863278393	35.6617462150157	35.67038174201009	35.631903246175455	35.62157859791573	35.62287474803668	35.59873586109285	35.627089360243104	35.609049369764094	35.569616838468704	35.558540939862155	35.56382130523704	35.52396221465136	35.54980825341088	35.50593666667987	35.47408862272668	35.474533802575934	35.443377531019806	35.45966816007163	35.44823403589978	35.385183541630084	35.40487733190177	35.38003760506007	35.41571807396481	35.3886644851818	35.40100536508101	35.375375088801945	35.34690401702595	35.319192692850024	35.2889729032926	35.29635846739543	35.2853986734506	35.31279227093006	35.26085158805871	35.18688019806764	35.22581221856236	35.1743501625358	34.98047511310352

