	1	2	3	4	5	6	7	8	9	12	17	22	27	32	37	42	47	52	57	62	67	72	77	82	87	92	97	102	107	112	117	122	127	132	137	140
GLDS-375_rna-seq_FL1-1R_S2_L002_R1_raw - illumina_universal_adapter	2.4387253985446338e-05	2.4387253985446338e-05	4.4709965639984954e-05	9.754901594178535e-05	0.00012193626992723168	0.00015038806624358576	0.00015445260857449347	0.00018290440489084753	0.00020322711654538613	0.00026663397690754656	0.0003812540706391444	0.0004446609310013049	0.00048611926277656366	0.0006381331459525125	0.0009722385255531273	0.0016680881726045295	0.0028630636178914	0.005401776757776364	0.009723198163997453	0.017944954390957595	0.03283987621680204	0.05765959750625695	0.10310524530813621	0.18096561819900453	0.3193527167563522	0.541031229667127	0.9005773926253594	1.4707001775717254	2.2785816177984035	3.3522654295717245	4.771271131962033	6.529881539726675	8.612753818474939	11.040956116924852	13.666379764172003	15.29714893491107
	1	2	3	4	5	6	7	8	9	12	17	22	27	32	37	42	47	52	57	62	67	72	77	82	87	92	97	102	107	112	117	122	127	132	137	140
GLDS-375_rna-seq_FL1-1R_S2_L002_R2_raw - illumina_universal_adapter	2.4387253985446338e-05	2.4387253985446338e-05	4.064542330907723e-05	9.754901594178535e-05	0.00012193626992723168	0.00015445260857449347	0.00015851715090540119	0.00017477532022903207	0.00018696894722175524	0.00024468544832064495	0.0003430473727286118	0.0004023896907598645	0.00044303511406894173	0.0005974877226434352	0.000940535095372047	0.001640449284754357	0.0028663152517561263	0.005421286560964721	0.009660604212101475	0.01771246256962967	0.03228953718519713	0.05664508774046238	0.10118840714488013	0.17734573679909812	0.31313396699006335	0.5303626189569604	0.8812602487434873	1.4391764001616711	2.231753212695549	3.28454608979647	4.671897949422136	6.381411124554811	8.399949827289467	10.75604470606368	13.304235545755853	14.880240698945203
	1	2	3	4	5	6	7	8	9	12	17	22	27	32	37	42	47	52	57	62	67	72	77	82	87	92	97	102	107	112	117	122	127	132	137	140
GLDS-375_rna-seq_FL1-1S_S1_L002_R1_raw - illumina_universal_adapter	2.8162983692707086e-05	2.8162983692707086e-05	3.620955046205197e-05	6.83958175394315e-05	9.253551784746614e-05	0.00011667521815550079	0.0001287450683095181	0.000136791635078863	0.00014886148523288032	0.00020679676597216344	0.0002985276271426951	0.00037657932480534043	0.0004626775892373308	0.0006244135813011628	0.0009551274755212374	0.0016503508443926353	0.0028460706663172844	0.0054909771634009475	0.010326963791777222	0.019019669872700498	0.03492612306234146	0.06295151046329275	0.1131081751066502	0.19676672049417507	0.34505287620304725	0.5777177450253006	0.9599698994030291	1.5566960491075532	2.406817437602194	3.521724784805636	4.962707180486625	6.725046117891618	8.786240982363495	11.12666217426844	13.615152264579484	15.17781645225986
	1	2	3	4	5	6	7	8	9	12	17	22	27	32	37	42	47	52	57	62	67	72	77	82	87	92	97	102	107	112	117	122	127	132	137	140
GLDS-375_rna-seq_FL1-1S_S1_L002_R2_raw - illumina_universal_adapter	2.4139700308034646e-05	2.4139700308034646e-05	3.2186267077379526e-05	6.0349250770086616e-05	8.448895107812126e-05	0.0001086286513861559	0.00012069850154017323	0.0001287450683095181	0.00014081491846353543	0.00019633622917201513	0.00028967640369641576	0.00038060260819001296	0.0004731381260374791	0.0006501625949630665	0.001001797562783438	0.0017284025420552808	0.0029611365711189165	0.005610066351587252	0.010412257399532278	0.01906312133325496	0.03483519685784787	0.06259021961534916	0.1121353451842364	0.19468748764097635	0.3412042033172695	0.5709248333586197	0.9488052880105633	1.5392285619646593	2.3802557206965864	3.485530522820446	4.9117868966568565	6.647251910365592	8.676029571293807	10.983661003613673	13.443568884103325	14.983182071959561
	1	2	3	4	5	6	7	8	9	10	12	14	16	18	20	22	24	26	28	30	32	34	36	38	40	42	44	46	48	50	52	54	56	58	60	62	64	66	68	70	72	74	76	78	80	82	84	86	88	90
GLDS-375_rna-seq_FL10-1R_R1_raw - illumina_universal_adapter	6.090873549277642e-05	7.198305103691758e-05	0.00010935886599839401	0.00019241623257945276	0.00023532920531299978	0.0003266923085521644	0.00035853096574157023	0.0004118261092977496	0.00046027623980336724	0.0005381425209731098	0.0006506160382182935	0.0007727795815646008	0.0008762552174301698	0.0009780004914919668	0.0010793996931930093	0.0011832214014193326	0.001307115306569412	0.0014365463694915618	0.0015902024976665206	0.0017708522699803235	0.0020189861526412364	0.002319030889415311	0.0026484917768535106	0.0031132669573466854	0.003689131365642026	0.004485443867737927	0.005389730946389204	0.006436945910032053	0.007771054860740309	0.009597624780802092	0.011886893447192525	0.014577259979697318	0.01788294316962346	0.021674165881688037	0.02604194514676946	0.03135138730546364	0.03745852625569674	0.044541589263257284	0.052684671911808575	0.06189123492495818	0.07206299375225185	0.08381249647222488	0.0968531951701726	0.11087224043197305	0.12636832252947333	0.14378787480804664	0.1632430247125774	0.18490196341039222	0.20886332152430617	0.2276436303253658
	1	2	3	4	5	6	7	8	9	10	12	14	16	18	20	22	24	26	28	30	32	34	36	38	40	42	44	46	48	50	52	54	56	58	60	62	64	66	68	70	72	74	76	78	80	82	84	86	88	90
GLDS-375_rna-seq_FL10-1R_R2_raw - illumina_universal_adapter	6.021659077126759e-05	7.059876159389993e-05	0.00011628031321348224	0.00020487483756661157	0.00024917209974317626	0.0003488409396404467	0.00038621675460192315	0.00044989406898073486	0.0005018049230938966	0.0005883230132824994	0.0007087561948250346	0.0008471851391267991	0.0009600047287327373	0.0010793996931930093	0.0011894507039129122	0.001312998536702237	0.0014590410729405988	0.0016210029377736633	0.0018082280849417997	0.0020221008038880262	0.002306918356788907	0.0026457231979674757	0.0030191352752214854	0.0035295920073342424	0.004179169828470273	0.005045388947438565	0.006023389438930531	0.007154353913875948	0.008587785632120721	0.010495336484599035	0.012861087142716193	0.01564281677846015	0.01905993526854921	0.022941828939131444	0.027421389576736545	0.032835345588378556	0.039067416660844	0.0462882164679848	0.054569381988477106	0.06392890898508016	0.07422490778988466	0.08611353159888097	0.09929473567529498	0.11343490626335948	0.12912824960648978	0.1467388338281995	0.1663559455975633	0.18824813706652663	0.21242129146522226	0.23138190396623495
	1	2	3	4	5	6	7	8	9	10	12	14	16	18	20	22	24	26	28	30	32	34	36	38	40	42	44	46	48	50	52	54	56	58	60	62	64	66	68	70	72	74	76	78	80	82	84	86	88	90
GLDS-375_rna-seq_FL10-1S_R1_raw - illumina_universal_adapter	0.00026333188155352354	0.0002939123581210295	0.00031090151176964395	0.0003712130072222251	0.00039329890696542387	0.00043916962181668283	0.0004612555215598816	0.0005105240671408634	0.0005419540013908001	0.0006128837178737653	0.0006961305707519759	0.0007887214581369246	0.0008706941244914891	0.0009526667908460537	0.0010796607143694465	0.0012266168934299613	0.0014304867372133343	0.0017668719794558998	0.00218522988805303	0.0026919313956229552	0.0033094871307500894	0.003997547853518973	0.004928128744621828	0.006133084467149807	0.007780182913382975	0.009909773323236792	0.0123515394313839	0.015095287745635129	0.01878108462970203	0.023805202092438527	0.030055936448604992	0.03745598704910022	0.046881569493351496	0.05677053110336874	0.06771706752801222	0.08135171278870773	0.09724803912887503	0.11577980792878365	0.1378576378239993	0.16258195312882787	0.1901812579598432	0.22207117354481615	0.25747869339273466	0.2963205706507206	0.3387365411075338	0.3858143353255268	0.4389895367880075	0.4993762092454838	0.5637268759780232	0.6133764033295751
	1	2	3	4	5	6	7	8	9	10	12	14	16	18	20	22	24	26	28	30	32	34	36	38	40	42	44	46	48	50	52	54	56	58	60	62	64	66	68	70	72	74	76	78	80	82	84	86	88	90
GLDS-375_rna-seq_FL10-1S_R2_raw - illumina_universal_adapter	0.00025993405082380065	0.0002930629004385988	0.0003151488001817975	0.00037630975331680945	0.0004017934837897311	0.00045700823314772797	0.00047994359057335745	0.0005326099668840621	0.0005699861049110139	0.0006451631098061326	0.0007309583357316355	0.0008290706980523838	0.0009191132123900403	0.0010091557267276965	0.001143794769392966	0.0012966971522304959	0.0015196797938685602	0.0018904680722495698	0.0023309118805898985	0.002870742237774622	0.00349806673624971	0.0042052402568732855	0.005134122232611279	0.006303400732477166	0.007920343430984043	0.010075842300151999	0.012567301682721303	0.015334410083239377	0.019032099374860306	0.024094867162147406	0.030349848806726018	0.037768587476234725	0.047206911785722463	0.05714556667016191	0.06815071567489311	0.08179810280082508	0.09771014410811735	0.11623086995815435	0.13837368336607597	0.16317020257391116	0.1908162275774602	0.22270189587402095	0.2581030447893212	0.29697167996430374	0.3393749085558805	0.3865253314057213	0.43971752202185066	0.5001003719197561	0.5645164468938424	0.6142369039618775
	1	2	3	4	5	6	7	8	9	12	17	22	27	32	37	42	47	52	57	62	67	72	77	82	87	92	97	102	107	112	117	122	127	132	137	140
GLDS-375_rna-seq_FL11-1R_S14_L002_R1_raw - illumina_universal_adapter	5.00568959193243e-05	6.257111989915538e-05	9.594238384537158e-05	0.00021274180765712828	0.00027948433554956067	0.0003629124954151012	0.0003754267193949323	0.00040462657534787145	0.0004338264313008106	0.0005322716599421484	0.0006690938421216348	0.0007717104787562497	0.0008793328049827969	0.0010478576879111886	0.0014007588041424252	0.0022100119548381677	0.0036833532580636133	0.007260752753097991	0.013554573133354366	0.025334629306368685	0.047122727536853246	0.08587093638640353	0.15700762545895394	0.2812513439755128	0.5046761275034235	0.8615651097762328	1.4455705716510028	2.353725303022548	3.6397879072634267	5.286745714013858	7.360391838707004	9.831095936085017	12.66602485383282	15.809023097544914	19.08631314734777	21.08775219967729
	1	2	3	4	5	6	7	8	9	12	17	22	27	32	37	42	47	52	57	62	67	72	77	82	87	92	97	102	107	112	117	122	127	132	137	140
GLDS-375_rna-seq_FL11-1R_S14_L002_R2_raw - illumina_universal_adapter	4.5885487926047275e-05	5.839971190587835e-05	8.34281598655405e-05	0.00018771335969746614	0.00024611307160334446	0.00032119841548233096	0.000329541231468885	0.0003545696794285471	0.00038376953538148633	0.00048138048242416865	0.000611528411814412	0.0006949565716799524	0.0007934018003212904	0.0009677666544402698	0.0013056507018957089	0.0021257495133739724	0.0036032622245926946	0.007234055741941017	0.013542893190973187	0.0252520354281018	0.04682071759813998	0.08506335179890509	0.15511964620119675	0.2775988591365995	0.4977524245161824	0.8489365892173859	1.4228764436043786	2.3164579440106112	3.581632639865955	5.204130144425408	7.243876070638789	9.662371659854548	12.431202949385678	15.505046757103628	18.71990084062631	20.677852964625917
	1	2	3	4	5	6	7	8	9	12	17	22	27	32	37	42	47	52	57	62	67	72	77	82	87	92	97	102	107	112	117	122	127	132	137	140
GLDS-375_rna-seq_FL11-1S_S13_L002_R1_raw - illumina_universal_adapter	3.026027263967688e-05	4.370928270175549e-05	6.724505031039307e-05	0.0001008675754655896	0.00013112784810526647	0.000164750373260463	0.00017147487829150232	0.0002017351509311792	0.00021854641350877748	0.0002857914638191705	0.0004007804998499427	0.00046062859462619245	0.0005164419863838188	0.000698676072724984	0.0010611268938980026	0.0017288702434802058	0.00296483426818523	0.005877889847631458	0.011225216248313916	0.021298524784810795	0.040056531568894944	0.0738350652408116	0.13460979681033863	0.23987856081874348	0.4299789731452185	0.7350993542256085	1.2382523737670872	2.039348037718825	3.1654148216025804	4.632681645860264	6.511084707715691	8.782161206155639	11.389775645631497	14.324650226551938	17.39695822394525	19.285668607112253
	1	2	3	4	5	6	7	8	9	12	17	22	27	32	37	42	47	52	57	62	67	72	77	82	87	92	97	102	107	112	117	122	127	132	137	140
GLDS-375_rna-seq_FL11-1S_S13_L002_R2_raw - illumina_universal_adapter	3.026027263967688e-05	4.7071535217275146e-05	6.724505031039307e-05	0.0001008675754655896	0.00013112784810526647	0.00017483713080702196	0.00017819938332254163	0.00020509740344669885	0.00022190866602429712	0.0002857914638191705	0.0003954008958251112	0.00046130104512929647	0.0005406502044955602	0.0007383506524081158	0.0011048361765997581	0.0017900632392626632	0.003055615086104261	0.0059760676210846315	0.011319359318748464	0.021324077903928745	0.03983731270488306	0.0732211179314777	0.13317411498621173	0.23700786962099274	0.42432299196361123	0.7247409266757954	1.219027686333849	2.007619133180369	3.11737159540832	4.564088332291147	6.412557932451405	8.634378103989494	11.18158967702404	14.053637879889981	17.065796524681655	18.9129629157669
	1	2	3	4	5	6	7	8	9	10	12	14	16	18	20	22	24	26	28	30	32	34	36	38	40	42	44	46	48	50	52	54	56	58	60	62	64	66	68	70	72	74	76	78	80	82	84	86	88	90
GLDS-375_rna-seq_FL12-1R_R1_raw - illumina_universal_adapter	0.00022281311069306112	0.0002668575628068058	0.00037567326802899844	0.000573441494186793	0.0006753482657440845	0.0009206154108480743	0.00101734048215669	0.0011658825559520641	0.001319606329996114	0.001667643863365508	0.0019746596030995513	0.002296788635225566	0.0026348945764516647	0.002979045834634552	0.0033361513434391286	0.003637985382924496	0.0040067497172885935	0.004429058287555674	0.004935569486863738	0.005589327334905006	0.006394649915220043	0.0074063768887740015	0.008664666432494118	0.010222630973929319	0.012255152896472419	0.014925455757956702	0.018207199248784733	0.021988976813609985	0.02691677375010071	0.033503578382875814	0.04211858685465345	0.0519841123197782	0.06383422898014579	0.0770484282309773	0.09259050631852642	0.11202360948447704	0.13372845640111797	0.1587072742582139	0.1875382544418463	0.22002924223446002	0.25598160579318924	0.29711351055882396	0.3425375903637786	0.391172597089496	0.44390676052027	0.5034298148935175	0.571019049320537	0.6444830364044929	0.7229123877517423	0.783749434946383
	1	2	3	4	5	6	7	8	9	10	12	14	16	18	20	22	24	26	28	30	32	34	36	38	40	42	44	46	48	50	52	54	56	58	60	62	64	66	68	70	72	74	76	78	80	82	84	86	88	90
GLDS-375_rna-seq_FL12-1R_R2_raw - illumina_universal_adapter	0.00021590417702816	0.0002625394792662426	0.0003774005014452237	0.0005958955285977216	0.0007090293173604774	0.0009465239120914535	0.0010613849342704345	0.001223744875395611	0.0013886956666451253	0.0017561645759470534	0.002078293608073068	0.0024202858244856736	0.002773073249749687	0.0031271561000758693	0.003499806709626474	0.0038262538252930517	0.0042304264446897675	0.004695052233654368	0.005239994376473444	0.005927001467777048	0.006792777217659971	0.00784768502661956	0.009144405513850689	0.01071661973096975	0.012797504189167155	0.015542078087549127	0.018890320064901833	0.022750686750165332	0.027779526841505236	0.034447079636488874	0.04317047200513465	0.05313704062510857	0.06508258693172261	0.07840344284600603	0.09405735929725574	0.11360316444361507	0.1354207133406647	0.16053598263764243	0.18957509444792997	0.22222498771483642	0.25829566676257704	0.2995519323341801	0.34516428058150317	0.393940920447351	0.44682276233521234	0.506492631548839	0.5741949997646212	0.6478623685833376	0.7264437164712148	0.7873697161867913
	1	2	3	4	5	6	7	8	9	10	12	14	16	18	20	22	24	26	28	30	32	34	36	38	40	42	44	46	48	50	52	54	56	58	60	62	64	66	68	70	72	74	76	78	80	82	84	86	88	90
GLDS-375_rna-seq_FL12-1S_R1_raw - illumina_universal_adapter	0.00026484539441523137	0.00029200902461166533	0.00039969341574752864	0.0005529739004274061	0.0006189427166187458	0.0007712530716487507	0.0008294608506411092	0.0009128920005301564	0.000984681594620732	0.0011423276627250364	0.0013824347510685152	0.0016414593675845109	0.0018641041222302822	0.0020964501733747804	0.0023069683073971437	0.0025698734425126293	0.0028478155872011415	0.0031999726501049106	0.003623434242274319	0.00412305101195873	0.004772552812548464	0.005568544190268967	0.006471249829475461	0.007677120984267155	0.00942626474298753	0.011821999913348018	0.014724627825766966	0.01815888678631612	0.022746629900563847	0.029088367421781308	0.03719671103541686	0.046647714084476134	0.05847941529432288	0.07130355913598935	0.08579875129956144	0.10349731156701297	0.12424256399988956	0.14849920070048017	0.17578506723279813	0.2062447129146744	0.24083468558088347	0.28027191104268123	0.3239422972316982	0.3714810753995823	0.42316570262619724	0.4808889018584444	0.5456858014327379	0.6176223701652691	0.6936727736780853	0.7532251523651674
	1	2	3	4	5	6	7	8	9	10	12	14	16	18	20	22	24	26	28	30	32	34	36	38	40	42	44	46	48	50	52	54	56	58	60	62	64	66	68	70	72	74	76	78	80	82	84	86	88	90
GLDS-375_rna-seq_FL12-1S_R2_raw - illumina_universal_adapter	0.00022312981947070773	0.00024156228281828796	0.0003502168036040239	0.0005093180661831372	0.0005801375306238401	0.0007402089228528261	0.0008042374797444205	0.0008944595371825762	0.0009934127614695857	0.0011670659687967888	0.0014202698074135484	0.0016894807852532068	0.0019242521605223862	0.0021711501564149736	0.0023933098462358086	0.002677072768823557	0.0029807233492336934	0.003361499236808706	0.0038242510797979563	0.0043612178410024635	0.005045159244162677	0.00588189606717783	0.006848145198450983	0.008085060502038601	0.009880770483952863	0.012331803044356094	0.015288758217167906	0.018782195086359293	0.023444153118822274	0.029864956206504357	0.03803296279360707	0.04757903854835387	0.05955916959463113	0.07246722965101157	0.08702256985287576	0.10481911321496445	0.1256735052334517	0.15003491593622859	0.17744689932302993	0.2080782579529337	0.24280938448319922	0.2824222034116239	0.3262473252797956	0.37389039238504107	0.42570841243851343	0.4836319434434593	0.5486461520593242	0.6206351077929486	0.6967713677797785	0.7563256867261603
	1	2	3	4	5	6	7	8	9	10	12	14	16	18	20	22	24	26	28	30	32	34	36	38	40	42	44	46	48	50	52	54	56	58	60	62	64	66	68	70	72	74	76	78	80	82	84	86	88	90
GLDS-375_rna-seq_FL2-1R_R1_raw - illumina_universal_adapter	0.000750043503680688	0.0007855393896573461	0.0008904837481970309	0.0010725930762511898	0.0011705925875345718	0.0013874261518702438	0.0014730792680313102	0.001592684970778745	0.001711519023831035	0.0019098329954832334	0.0021498160506732474	0.0024206650936690515	0.002663734747639645	0.0029137492488665413	0.003151417354971121	0.0034033609804358794	0.0037012177627617493	0.004146073812012692	0.00467465385318684	0.005347146562505481	0.006215252469543315	0.007315239109972142	0.008635531738364795	0.01033586184161623	0.012632677159214551	0.0155491271820141	0.018911590728607305	0.022738201566830075	0.027802152691217438	0.034870849723590835	0.043607853396867166	0.05378552705097872	0.06618709512649742	0.07969096479153039	0.0950946360060097	0.11383839292592302	0.13447462072317884	0.1583201396025416	0.18621952015534726	0.2165507547224016	0.24974403800874778	0.2876540300566661	0.32851172394003747	0.3721523724489483	0.4196200176209295	0.47237230573010935	0.5313155393434356	0.595410306321548	0.6637530048714322	0.7170994632458736
	1	2	3	4	5	6	7	8	9	10	12	14	16	18	20	22	24	26	28	30	32	34	36	38	40	42	44	46	48	50	52	54	56	58	60	62	64	66	68	70	72	74	76	78	80	82	84	86	88	90
GLDS-375_rna-seq_FL2-1R_R2_raw - illumina_universal_adapter	0.0007268940128263458	0.0007639331981932933	0.0008827672512455835	0.0010741363756414791	0.0011798523838763087	0.0014098039930294413	0.001503173606141955	0.0016451571500485872	0.0017794241970037722	0.0019958719364918717	0.0022586186576886566	0.0025472156436727894	0.0028022458679181263	0.0030723232612187854	0.003328125135159267	0.0036009033023929327	0.003919980451335283	0.0044080488835143315	0.0049856286803301696	0.0057283415119069835	0.006652006196995238	0.007826071208157962	0.00924359169813885	0.011021472595752332	0.01338619308652339	0.016418776388442222	0.01988541264387997	0.02382159773881329	0.02898239089994132	0.03614870161875053	0.0449520671658093	0.05520497666519747	0.06771689064712187	0.08131181497618192	0.09677065914386407	0.11562321867079281	0.1363713356738446	0.16032874375900336	0.1883191789758361	0.21876461769777186	0.25212071906979355	0.29014260032350797	0.33104119164072193	0.3746594623084736	0.4221344381525586	0.4749434425143316	0.5339484081032694	0.5980057500711673	0.666369668987668	0.7197562531462569
	1	2	3	4	5	6	7	8	9	10	12	14	16	18	20	22	24	26	28	30	32	34	36	38	40	42	44	46	48	50	52	54	56	58	60	62	64	66	68	70	72	74	76	78	80	82	84	86	88	90
GLDS-375_rna-seq_FL2-1S_R1_raw - illumina_universal_adapter	9.364325937380421e-05	0.00010441637770884364	0.00013424962848279895	0.00018811522015799607	0.00021214756105923785	0.0002527539301682326	0.00027264276401753616	0.00029998991056032854	0.0003240222514615703	0.00035717030787707623	0.0004155937573094054	0.0004806468180248358	0.0005307832533532885	0.0006169682000336039	0.0006948661326100428	0.0007922385483305913	0.0009426478543159495	0.0011912582774322438	0.001428681231508305	0.0017154119195024312	0.002073825279495089	0.002498120401613565	0.003016473133811038	0.0037362003087327107	0.004711996219464166	0.005862648127787415	0.007196028697101141	0.008734512865485808	0.010801294182992603	0.013730339318007745	0.01746488222391968	0.021752583321265367	0.02722242698052904	0.032790057406218445	0.039047996106760775	0.04705863829027297	0.05634092278802502	0.06700838169324003	0.07963074722555946	0.09349119266499809	0.10921663062851408	0.12741367054851124	0.14758053372099986	0.1694346329650377	0.19326062721509296	0.22042421639548448	0.25138532978897743	0.28574204721153373	0.3228024029854797	0.35194783158881326
	1	2	3	4	5	6	7	8	9	10	12	14	16	18	20	22	24	26	28	30	32	34	36	38	40	42	44	46	48	50	52	54	56	58	60	62	64	66	68	70	72	74	76	78	80	82	84	86	88	90
GLDS-375_rna-seq_FL2-1S_R2_raw - illumina_universal_adapter	6.546741142062419e-05	7.292572411411301e-05	0.00010607378052961892	0.00015662456656326544	0.00018231431028528254	0.00022374938080466493	0.0002452956174747438	0.000277614972479862	0.00030910562607459267	0.00034764024165761826	0.00041103589955227335	0.0004814755194352234	0.0005386559167519711	0.0006281556690738371	0.0007097827579970204	0.000821243097694159	0.0009940273417599838	0.001273299717060621	0.0015525720923612583	0.001882809604400736	0.002280586281386807	0.002755432189538929	0.0033168773950765606	0.004076796588402033	0.005097342375294422	0.0063018598752928685	0.007680819022177914	0.009284770601983208	0.01140790361539636	0.0144040735646529	0.018223144014424375	0.022598273110565965	0.02818040581093716	0.033855353069271774	0.04020734937989309	0.048276829363542814	0.057661044134772535	0.06841344493455227	0.08111826625720531	0.09508188502223716	0.11090552410288411	0.12923929975559523	0.14953295424387314	0.17155030766575738	0.19550972284288504	0.22284775367016316	0.25396341987669335	0.28838436165855474	0.3255400180946953	0.354771217294004
	1	2	3	4	5	6	7	8	9	10	12	14	16	18	20	22	24	26	28	30	32	34	36	38	40	42	44	46	48	50	52	54	56	58	60	62	64	66	68	70	72	74	76	78	80	82	84	86	88	90
GLDS-375_rna-seq_FL3-1R_R1_raw - illumina_universal_adapter	0.0007211605624078463	0.0007332989085077804	0.0008168392904896794	0.001015336950241542	0.0010924511489940642	0.0012616739740343211	0.0013423582745809416	0.0014444631858921515	0.0015458540768445417	0.0017061516473995532	0.001926783938274825	0.002183474257270489	0.0023944672733016955	0.002599391116282935	0.002782537338320175	0.0029674686112544646	0.0031859588410532774	0.003450146373816548	0.0037728835760030294	0.004133820867386362	0.004603646263489692	0.005194498110412952	0.00585103983034762	0.006795688765066017	0.00809377777740014	0.009775652732599826	0.011780264889985993	0.01411047033099392	0.017119352123059924	0.021410257469386608	0.026766481191072212	0.03307378003070559	0.0405777769917207	0.048805076576220116	0.058647133202190165	0.07082760650329457	0.08417478907071028	0.09937663952016004	0.11671805197481287	0.13620902271969226	0.1574996817789766	0.1818238563327062	0.20873421262608055	0.23746353578354798	0.2689571887601857	0.3043072656948083	0.3439425358128871	0.38711720484963486	0.4344374760896895	0.47132769493828613
	1	2	3	4	5	6	7	8	9	10	12	14	16	18	20	22	24	26	28	30	32	34	36	38	40	42	44	46	48	50	52	54	56	58	60	62	64	66	68	70	72	74	76	78	80	82	84	86	88	90
GLDS-375_rna-seq_FL3-1R_R2_raw - illumina_universal_adapter	0.0007247306642019446	0.0007411531324547965	0.0008304056773072527	0.001038185601723771	0.0011231540244233092	0.001313083439869336	0.0014123322697452672	0.0015322876900269685	0.001649387028873391	0.001829320159295943	0.0020610197657329192	0.0023344895631608447	0.0025654751492390016	0.002783251358678995	0.002982820048969087	0.0031963121362561624	0.0034387220480754334	0.003740038639497326	0.004094549747651282	0.004501898362357892	0.0050202771428609575	0.005659325364004545	0.006369061600671276	0.007362620929968819	0.008740680222490744	0.01049717030518708	0.012587821915811016	0.015005137840594939	0.01810577124876927	0.02248949924174251	0.027945685813662864	0.03433938111671342	0.041941912887245636	0.05027702954592682	0.06021976304249045	0.0725219768147736	0.08597554841565344	0.10132163097758476	0.11880192039202803	0.13846175695176827	0.15994948563008682	0.18448643825074468	0.21157601365418277	0.24050097838996676	0.2722309721053738	0.3077795466997483	0.34762509581349943	0.39100897281538133	0.43857486705886994	0.4756510882109391
	1	2	3	4	5	6	7	8	9	10	12	14	16	18	20	22	24	26	28	30	32	34	36	38	40	42	44	46	48	50	52	54	56	58	60	62	64	66	68	70	72	74	76	78	80	82	84	86	88	90
GLDS-375_rna-seq_FL3-1S_R1_raw - illumina_universal_adapter	0.0007920360891501733	0.0008178073284934545	0.0008556051461969335	0.0009346369468496622	0.0009741528471760266	0.001284266760606843	0.0013289369088018636	0.0013804793874884259	0.0014423303619123006	0.0015230802451879147	0.0016751305573132734	0.0018469388196018142	0.0020084385861530427	0.0021553346504097452	0.0022764594753231665	0.002466307605152004	0.0026866517015370576	0.003024684457589762	0.00337989803987132	0.0038283176044444115	0.004360923217538889	0.005037418250300018	0.005844058041744717	0.006984864903340628	0.008409584918368355	0.010305489092722404	0.012606001724765965	0.015228654848600542	0.018756307994040006	0.023711687799097245	0.02980615638312751	0.03721538769432084	0.046577219906423425	0.056477241500144874	0.06734024840399358	0.08069447511102615	0.09612027994060279	0.11386678487304189	0.13464527611421803	0.1574622723874477	0.18268415481206124	0.2115642646614535	0.24341493936581465	0.2783139221638302	0.3160417280004266	0.358148926442758	0.4055379403884947	0.45816023400354045	0.5147328290892554	0.5583467859918573
	1	2	3	4	5	6	7	8	9	10	12	14	16	18	20	22	24	26	28	30	32	34	36	38	40	42	44	46	48	50	52	54	56	58	60	62	64	66	68	70	72	74	76	78	80	82	84	86	88	90
GLDS-375_rna-seq_FL3-1S_R2_raw - illumina_universal_adapter	0.0007739962216098766	0.0008006265022646004	0.0008401424025909648	0.0009226103684894645	0.0009689985993073704	0.001168296183562078	0.0012164024970028693	0.0012739582648695306	0.001339245404539176	0.0014281561802734959	0.0015840721783003469	0.0017610346884575439	0.0019328429507460847	0.002090477031395821	0.0022249169966366044	0.002437100200562952	0.0026840745776027294	0.003051314738244486	0.003441319493639473	0.0039417110575548486	0.004522422984090117	0.0052371453552104465	0.006088455294850166	0.007282522717755526	0.008775106996387224	0.010735439269099475	0.013090930545075371	0.01579347451087412	0.019390280481884722	0.02441524263316882	0.030566837464410024	0.03804865776642026	0.047557815563435274	0.05754932505682537	0.06849222280263825	0.0819164613765534	0.09743547218842158	0.11529837721856116	0.13621044938366664	0.15916317418410425	0.18451090616084415	0.21353018070269011	0.2454719137860642	0.2805199402516151	0.31845434552361346	0.36073077510429896	0.4082649670316696	0.4610668002808069	0.5177596611501238	0.5614496432087883
	1	2	3	4	5	6	7	8	9	10	12	14	16	18	20	22	24	26	28	30	32	34	36	38	40	42	44	46	48	50	52	54	56	58	60	62	64	66	68	70	72	74	76	78	80	82	84	86	88	90
GLDS-375_rna-seq_FL4-1R_R1_raw - illumina_universal_adapter	0.000254769038276539	0.0002741283876896499	0.0003484682894359956	0.000546708027426251	0.0006574435060692451	0.0008866582031204778	0.0009888755680217032	0.0011267141358430525	0.0012637783296878776	0.0014806030431147193	0.0017469876910391248	0.0020296341924705436	0.0022844032307470824	0.002574019097967221	0.0028419524938446752	0.0031106602636986544	0.003411117366590135	0.0037545522251787216	0.004187427278055881	0.004726391565716887	0.0054039687951757676	0.0062337105110217	0.007222973266031665	0.008527406229487076	0.010190761531061562	0.01236791396606001	0.014957420543557719	0.018000323084310484	0.02202977807115538	0.02731178296502855	0.03399192007351659	0.04186459310585225	0.05153381376372461	0.062378146930972794	0.07495862655358876	0.09011699714405458	0.10746374859217843	0.1275331989417622	0.15077448509919006	0.1768364284661082	0.20572135216444612	0.23942868980159	0.2767779082503282	0.3167712266419092	0.36029491599246505	0.40925896971509335	0.46432663912068717	0.5250553694816629	0.5900280564209808	0.6405722202427072
	1	2	3	4	5	6	7	8	9	10	12	14	16	18	20	22	24	26	28	30	32	34	36	38	40	42	44	46	48	50	52	54	56	58	60	62	64	66	68	70	72	74	76	78	80	82	84	86	88	90
GLDS-375_rna-seq_FL4-1R_R2_raw - illumina_universal_adapter	0.00025322029032349015	0.0002780002575722721	0.00036627889089605766	0.0005823292303463749	0.0006984853268250401	0.0009408643814771882	0.0010624410957915244	0.0012227365089320825	0.001376836930260445	0.001610310684182562	0.0018910212506726696	0.002191091166575888	0.002461734871371178	0.0027726460229457383	0.0030506462805180105	0.003346457139550345	0.0036887304371741453	0.004085984287131179	0.004568806461494165	0.00517901315499542	0.005937125278012842	0.00683268878186335	0.007899001747537496	0.009292100531304956	0.011050316645003683	0.013353304851187353	0.016051998159375008	0.019213379918536014	0.023341954774376037	0.02875676480522315	0.03557590204249732	0.04359957800025525	0.053491431176378376	0.06452045253702764	0.07726355069471375	0.0925926707470032	0.11016089315241304	0.13042897042697532	0.15393199498846843	0.18025025614161616	0.20942053665030336	0.24348253756869537	0.28116589838830397	0.3214751613623069	0.36537597083943013	0.4146726181849757	0.47011121272532475	0.5311628570345112	0.5965022100517134	0.6473836137402161
	1	2	3	4	5	6	7	8	9	10	12	14	16	18	20	22	24	26	28	30	32	34	36	38	40	42	44	46	48	50	52	54	56	58	60	62	64	66	68	70	72	74	76	78	80	82	84	86	88	90
GLDS-375_rna-seq_FL4-1S_R1_raw - illumina_universal_adapter	0.00022335436732998418	0.00023967641725025225	0.0002568575224294818	0.0002929378433058639	0.00030840083796717044	0.0003530717114331673	0.0003728299823892813	0.0004063331374887789	0.0004260914084448929	0.000470332754281409	0.0005223055974485784	0.0005858756866117278	0.0006584658559939725	0.0007306264977467367	0.0008053643052763853	0.0009071623534633203	0.0010403159186023496	0.0012529320951953152	0.0014865951256328369	0.0017619223361299906	0.0020836385306110643	0.002470213397143729	0.0029109087449909667	0.003530287586702192	0.004269504637038544	0.005207592979824477	0.006289143550856978	0.00763313550350221	0.009343944051723993	0.011607984186716967	0.014419672049297883	0.01774335684621984	0.022012002427999423	0.026434418901133107	0.03145817405553983	0.037826350690221264	0.045000750685438046	0.053686228881168065	0.06402753608854633	0.07532883754781405	0.08818202233239568	0.1032429791325083	0.12007273071082261	0.13857205618492854	0.15918938240000402	0.18254537678064867	0.2091954185517811	0.23956903534288207	0.272820487251504	0.299001055323614
	1	2	3	4	5	6	7	8	9	10	12	14	16	18	20	22	24	26	28	30	32	34	36	38	40	42	44	46	48	50	52	54	56	58	60	62	64	66	68	70	72	74	76	78	80	82	84	86	88	90
GLDS-375_rna-seq_FL4-1S_R2_raw - illumina_universal_adapter	0.00023709925147336782	0.0002534213013936359	0.0002714614618318269	0.000307541782708209	0.00032386383262847704	0.0003728299823892813	0.00039430636386331825	0.00042780951896281583	0.0004501449556958143	0.0004948158291618111	0.0005510839486237879	0.0006159426206753794	0.0006898213729460666	0.000767995401511561	0.0008526123445192665	0.0009690143321085469	0.0011305167207933046	0.0013796427458921331	0.0016498156248355178	0.001973249929834514	0.0023473684951122375	0.002794506757401687	0.0032974836115236316	0.003971841989808392	0.004796964566040891	0.005833414735977914	0.007013756661790984	0.008463841938917957	0.010271294203772907	0.012620810337032547	0.015534296247800401	0.01895934956527981	0.023405390058034936	0.027979859312004807	0.03313547944866212	0.039635091537964656	0.046962403369276574	0.055818404033910446	0.06634784434300128	0.07784844662234806	0.09091639522167005	0.10619984733385371	0.12327915446489633	0.1420207335220294	0.16291596411337889	0.18653053412697096	0.2134524668875647	0.2440399884381471	0.27758351913481594	0.3039981797649929
	1	2	3	4	5	6	7	8	9	12	17	22	27	32	37	42	47	52	57	62	67	72	77	82	87	92	97	102	107	112	117	122	127	132	137	140
GLDS-375_rna-seq_FL5-1R_S6_L002_R1_raw - illumina_universal_adapter	2.9550989460705278e-05	3.6117876007528676e-05	5.5818535647998856e-05	0.00010178674147576263	0.0001313377309364679	0.00020029003967811355	0.00021999069931858374	0.0002593920185995241	0.0002758092349665826	0.0003375379685067225	0.00044720497383867326	0.0005273209897099186	0.0006100637601998934	0.0007617588394315138	0.0010999534965929186	0.0018623690246791149	0.0031291214395613477	0.0060001642378325355	0.010875420810194224	0.01987993564319846	0.03647314456971181	0.06482239379234842	0.11599223045385099	0.20350847077471168	0.36289534421862635	0.61255129682383	1.020894749455712	1.6819878149450056	2.6012363542970567	3.807325184637045	5.426812000184005	7.434893013761929	9.810764328790484	12.629274004753047	15.634965558157612	17.475627739356202
	1	2	3	4	5	6	7	8	9	12	17	22	27	32	37	42	47	52	57	62	67	72	77	82	87	92	97	102	107	112	117	122	127	132	137	140
GLDS-375_rna-seq_FL5-1R_S6_L002_R2_raw - illumina_universal_adapter	2.9550989460705278e-05	3.6117876007528676e-05	5.253509237458716e-05	8.865296838211583e-05	0.00011820395784282111	0.00018715626658446675	0.00020357348295152526	0.00022984102913881882	0.0002462582455058773	0.00030667360173665257	0.0004176539843779679	0.0004964566229398486	0.000597586675760929	0.0007742359238704782	0.0011229375995068006	0.0018814129956649026	0.0032098941440872756	0.006100637601998934	0.011000848343238553	0.01994626119732138	0.03638908842191248	0.06427274538837931	0.1147576557830482	0.20103472461252334	0.3579609856673433	0.603213840842902	1.0027747394070619	1.6512567559718363	2.554598326041517	3.741838221926158	5.333775635031884	7.292926120260772	9.604324399861268	12.353125918440648	15.288576083274426	17.08268494905393
	1	2	3	4	5	6	7	8	9	12	17	22	27	32	37	42	47	52	57	62	67	72	77	82	87	92	97	102	107	112	117	122	127	132	137	140
GLDS-375_rna-seq_FL5-1S_S5_L002_R1_raw - illumina_universal_adapter	1.80439277978725e-05	2.5261498917021497e-05	3.24790700361705e-05	7.57844967510645e-05	0.00011548113790638399	0.00014435142238298	0.0001623953501808525	0.00018404806353829948	0.00020930956245532098	0.0002656066171846831	0.00036737436996468406	0.0004388283240442591	0.0005167780921310684	0.0007037131841170274	0.0009844767006519236	0.001810166836682569	0.003235637132714496	0.006487874679003036	0.012358647027318832	0.023549491047559355	0.04477708946608847	0.08252498641923774	0.15020992486039325	0.2660476107800632	0.4726166614814432	0.792082959628552	1.3093605076810655	2.1231560865073535	3.22487356890451	4.609319912452305	6.3535643415610155	8.426782053494978	10.786344629710271	13.455350463059514	16.232361474149926	17.92930915971485
	1	2	3	4	5	6	7	8	9	12	17	22	27	32	37	42	47	52	57	62	67	72	77	82	87	92	97	102	107	112	117	122	127	132	137	140
GLDS-375_rna-seq_FL5-1S_S5_L002_R2_raw - illumina_universal_adapter	2.1652713357446998e-05	2.1652713357446998e-05	2.5261498917021497e-05	7.57844967510645e-05	0.00011187235234680949	0.0001479602079425545	0.000166004135740427	0.00019487442021702298	0.00021652713357446998	0.000267050131408513	0.00036593085574085425	0.00044027183826808895	0.0005218303919144727	0.0007109307552361765	0.00101045995668086	0.0018556375347332076	0.0033244132574800286	0.0065780943179923985	0.01239978718269798	0.023556708618678503	0.044499934735113156	0.08193386734457944	0.14875774955122043	0.26254492351594017	0.46622117171276545	0.7818087471404435	1.2922729080564803	2.0984835413936542	3.189782459880319	4.561355543580001	6.287753084582392	8.32865989588726	10.64923964873092	13.278836822012494	16.020232006658354	17.691461321054415
	1	2	3	4	5	6	7	8	9	10	12	14	16	18	20	22	24	26	28	30	32	34	36	38	40	42	44	46	48	50	52	54	56	58	60	62	64	66	68	70	72	74	76	78	80	82	84	86	88	90
GLDS-375_rna-seq_FL6-1R_R1_raw - illumina_universal_adapter	0.0001327198050664591	0.0001489411145745819	0.00021013969135522692	0.00036719146068387023	0.0004409246857207919	0.000590603132545743	0.0006554883705782342	0.0007402815793706942	0.0008427707621720153	0.0009998225315006586	0.0012390868467454697	0.0015133744438828186	0.0017205648062365686	0.001955405127979164	0.002146005514699607	0.002360937865682234	0.002591722860047799	0.0028534758089288712	0.0031627866879587576	0.0035565221096559197	0.004072286018789187	0.004698281099352652	0.005406488725832286	0.006416633908838114	0.007747149954629366	0.009499420047631811	0.011561001019664143	0.014071617332171327	0.01734352919318473	0.021621162243701742	0.027139356805464965	0.033650369242350334	0.041459823772135904	0.05013711836060604	0.060182164273511064	0.07218740797402266	0.08582031261722431	0.10172862458506535	0.12035769255676881	0.14080723385463387	0.16337181271268303	0.18906968496867615	0.2175896964129575	0.24840059915913598	0.282260002094466	0.31974413037261107	0.3616094868824501	0.4080746906362174	0.4586372497052864	0.4986563262602009
	1	2	3	4	5	6	7	8	9	10	12	14	16	18	20	22	24	26	28	30	32	34	36	38	40	42	44	46	48	50	52	54	56	58	60	62	64	66	68	70	72	74	76	78	80	82	84	86	88	90
GLDS-375_rna-seq_FL6-1R_R2_raw - illumina_universal_adapter	0.00013198247281608988	0.00015262777582642796	0.00021972501061002676	0.0003900487604453159	0.000468205978984453	0.0006304190740656808	0.0007026776346018641	0.0008088534786550313	0.0009187159839600447	0.0010997310514256876	0.0013566913406793599	0.0016460942489492777	0.0018713492514370734	0.0021238855471885304	0.002329601245041542	0.002567390895785614	0.002824719851164471	0.0031266574076906656	0.003472097566988644	0.003915234249460544	0.004473394762990041	0.005149528436578614	0.005921515302715184	0.0069762690868683495	0.008362085051437294	0.010182558377598891	0.012319347239168882	0.014913650762092973	0.018278835152778082	0.022648266068466063	0.028273005140407637	0.034901253405101716	0.04283937241257671	0.05166634544787179	0.06184300516746773	0.0739923973229265	0.08775212311319167	0.10380605820048062	0.12265780051179559	0.14335066145228248	0.16611358268568097	0.1920676778986774	0.22082474166145244	0.2518332494507299	0.28595145600593946	0.3237441578308641	0.36587347928633523	0.41259601199548146	0.4634767299305848	0.50372696014599
	1	2	3	4	5	6	7	8	9	10	12	14	16	18	20	22	24	26	28	30	32	34	36	38	40	42	44	46	48	50	52	54	56	58	60	62	64	66	68	70	72	74	76	78	80	82	84	86	88	90
GLDS-375_rna-seq_FL6-1S_R1_raw - illumina_universal_adapter	0.00010053422569050285	0.0001128949911442532	0.00015739374677775446	0.0002554558193775072	0.0003139634425252589	0.0004177938723367618	0.0004557002197282629	0.0005381053227532653	0.0005891964866287667	0.00070373957983352	0.0008767902961860248	0.0010716783648401554	0.0012241278054364096	0.0013992386493645397	0.0015240823804474183	0.0016905406885579228	0.0018858407827271784	0.0020959737954409346	0.0023765631712410673	0.0026929987668570764	0.0030498128629553364	0.003493976368260099	0.004032905742043614	0.00475765862314851	0.005731274915388912	0.006988776787550448	0.008545409183692742	0.01044608288496442	0.012985808160194994	0.016299317352830335	0.02046036303007783	0.025442987584484593	0.03163573107681352	0.03829612352880933	0.04606033233582506	0.05556617299527419	0.06650833460044914	0.07921849769102549	0.09380172877336015	0.110257615821938	0.12867144811838988	0.14986562859090538	0.1733902253769679	0.19930704230384627	0.22747434259433746	0.2590354970529133	0.29475028072946446	0.33462528603223285	0.37776682961891234	0.41173874536648464
	1	2	3	4	5	6	7	8	9	10	12	14	16	18	20	22	24	26	28	30	32	34	36	38	40	42	44	46	48	50	52	54	56	58	60	62	64	66	68	70	72	74	76	78	80	82	84	86	88	90
GLDS-375_rna-seq_FL6-1S_R2_raw - illumina_universal_adapter	0.00010053422569050285	0.00011701524629550331	0.0001623380529592546	0.00026287227864975744	0.0003213799017975091	0.0004408673011837625	0.00048206985269626365	0.0005727154660237662	0.000636167395353018	0.0007589509988602715	0.0009369460213942766	0.0011322461155635322	0.0012982923981589118	0.001487412109601292	0.0016221444530471708	0.0018063198583080512	0.0020218092027184326	0.0022529555167035637	0.0025578543978960725	0.0029175526726002076	0.0033044446313025937	0.003793930943271107	0.0043637622306889985	0.00511447271924677	0.006141240302938299	0.007444889032793836	0.009045608159054506	0.010991192641474811	0.01358324515712626	0.01695979425357573	0.021180171605001227	0.026227484165282616	0.03250428086269705	0.03921370435099274	0.0470281802708537	0.05658511209417835	0.06761297500649929	0.08037216913337553	0.09507529964061157	0.11164202155275804	0.13014031907981055	0.15141196034916954	0.1750358552843772	0.20105938681967295	0.22930249980494713	0.26094853151963876	0.2967345956103066	0.3366009483772573	0.3798253090924769	0.41378980838077695
	1	2	3	4	5	6	7	8	9	10	12	14	16	18	20	22	24	26	28	30	32	34	36	38	40	42	44	46	48	50	52	54	56	58	60	62	64	66	68	70	72	74	76	78	80	82	84	86	88	90
GLDS-375_rna-seq_FL7-1R_R1_raw - illumina_universal_adapter	0.0010013592129174402	0.0010212996994084368	0.0011400756406808952	0.001347283304652556	0.0014521876031486688	0.001641188735976376	0.0017382902354107946	0.0018570661766832528	0.0019680393188940166	0.0021852172261111755	0.002457881704433717	0.0027617573790030352	0.003056096299163616	0.0033452333532830677	0.0035797508139706587	0.0038446124932315054	0.004140685368739129	0.004542096031579627	0.005052745881283845	0.0056583297862386785	0.006415201295223029	0.007373645113301151	0.008534094729309803	0.010094654541648672	0.012321486696088884	0.015097549206705025	0.01856719385613844	0.022679268961651358	0.02817027205690037	0.03578363649693024	0.04563900520068695	0.05742426620570273	0.07205928282358398	0.08830210953701104	0.10697117326978825	0.12960839381427383	0.15543695917499237	0.1852549223004205	0.22000815583237035	0.2591114498412148	0.30178105651009024	0.35033223971613625	0.4038425352147258	0.4612884758622665	0.5237555177060076	0.5932216703080886	0.670662283551221	0.7551791685656367	0.8466284070575312	0.9174054299019767
	1	2	3	4	5	6	7	8	9	10	12	14	16	18	20	22	24	26	28	30	32	34	36	38	40	42	44	46	48	50	52	54	56	58	60	62	64	66	68	70	72	74	76	78	80	82	84	86	88	90
GLDS-375_rna-seq_FL7-1R_R2_raw - illumina_universal_adapter	0.0009866205924675732	0.0010108959673261776	0.0011418095960279383	0.00136028796975538	0.0014695271566191005	0.0016802027312848478	0.0017963777395367411	0.0019316262566061097	0.002061672907634349	0.002306594100404199	0.002600499531728019	0.002929084069992703	0.0032416295212972374	0.0035524410172547284	0.0038077659421068377	0.004093001596695442	0.004406847514510258	0.004834700996393165	0.005384798330242616	0.006036765540730854	0.006856492931045521	0.007859586099310003	0.00906555204317854	0.010682898893133072	0.012959148774964015	0.015791998323195822	0.019331434675347724	0.023512001017068847	0.029069761393179024	0.03673861240431427	0.046656836989401304	0.05851535760782965	0.07323403757120575	0.0895618280966379	0.10831628913025701	0.1310259023104816	0.1569702091906153	0.18689090917035578	0.22180063217237625	0.26105478029641344	0.30387437410280815	0.3525009843664505	0.40608497296728935	0.4636839351742067	0.526328273952183	0.5959808267540709	0.6735852987774991	0.7581962508694919	0.8497668662356794	0.92062885289213
	1	2	3	4	5	6	7	8	9	10	12	14	16	18	20	22	24	26	28	30	32	34	36	38	40	42	44	46	48	50	52	54	56	58	60	62	64	66	68	70	72	74	76	78	80	82	84	86	88	90
GLDS-375_rna-seq_FL7-1S_R1_raw - illumina_universal_adapter	0.0002053603117696874	0.00022543312419830345	0.00027021093653906234	0.0003458699987699998	0.00039064781111075873	0.0004871517170175667	0.0005296134356165622	0.0005967801541277006	0.0006585426539080577	0.0007558185910621202	0.0009075227311476223	0.0010928102304886937	0.0012418122612088051	0.0014043248387558696	0.0015367281976600103	0.0017100492126686374	0.0019250599150290055	0.002240048663908827	0.0025843746001843176	0.003020958270506717	0.0035470975655106343	0.0041585463133361695	0.004914750920021917	0.005977065916244059	0.00738254880187081	0.009125409342547762	0.01124965331936842	0.013707028779379378	0.016967702752158607	0.021480997423608202	0.027302885059154115	0.03436581292466158	0.043091310081131526	0.05248577231334747	0.06280165383916161	0.07540236184122534	0.08999877061744188	0.10708382211918316	0.1272087466569889	0.1493023508752935	0.17352212914853693	0.201380104674467	0.23194134761265858	0.26530853811899646	0.3018723240045915	0.3422368197204203	0.3870694462797343	0.4374166920381869	0.4917383546575055	0.5342131977877043
	1	2	3	4	5	6	7	8	9	10	12	14	16	18	20	22	24	26	28	30	32	34	36	38	40	42	44	46	48	50	52	54	56	58	60	62	64	66	68	70	72	74	76	78	80	82	84	86	88	90
GLDS-375_rna-seq_FL7-1S_R2_raw - illumina_universal_adapter	0.00018837562433008919	0.00020999249925321417	0.00025940249907749986	0.00033506156130843733	0.00038755968612174085	0.0004894678107593301	0.0005319295293583256	0.0006021843728584818	0.0006778434350894193	0.0007828396847160263	0.0009441942153922093	0.001141834214689352	0.001294696401645736	0.0014622271822999546	0.0016023508536766398	0.0017872523373940838	0.0020134574928396417	0.0023539232728788605	0.0027272003809263937	0.003181926785559273	0.003730841002357197	0.00437046889070752	0.005161800919143346	0.0062519090402666485	0.00768248294142917	0.009480929731908443	0.011663076052273187	0.014178739871451856	0.01750966868773124	0.022096692343293638	0.0279660599005457	0.03512664971883085	0.04399420062479563	0.05346779605985515	0.06386512688225464	0.0765326155872059	0.09124251295676881	0.10839550320826849	0.12863082821443161	0.15086571415098382	0.17526846382982653	0.20328045958958385	0.23397101776169055	0.2675099852205426	0.30431618891777557	0.3448713763516762	0.3899560711132187	0.4404635133554766	0.49491719331807577	0.5375491448070908
	1	2	3	4	5	6	7	8	9	10	12	14	16	18	20	22	24	26	28	30	32	34	36	38	40	42	44	46	48	50	52	54	56	58	60	62	64	66	68	70	72	74	76	78	80	82	84	86	88	90
GLDS-375_rna-seq_FL8-1R_R1_raw - illumina_universal_adapter	0.00028300454422818097	0.0003102456233517492	0.00039196886072245384	0.00057054926831029	0.0006787568881622415	0.0009935426913679187	0.0010790494119502301	0.0012039043579332512	0.0013325427871278789	0.0015311756557372304	0.0018334759643446057	0.0021807997231701004	0.0024781815036023867	0.0027785900706039585	0.0030718100195034773	0.0033983246206651355	0.003761917357300539	0.0042019364548103975	0.0047743774647264915	0.005501184589676138	0.006392194886009515	0.007485621534163851	0.008777681050927539	0.01057483557644072	0.012882381987199643	0.015955705399987762	0.019571201956999122	0.02381021654728327	0.029547868837684822	0.03727790338731847	0.04721711378420926	0.05912827563098946	0.07388196841464978	0.08993112584996424	0.10858369808318524	0.13072577688247114	0.15626012672928358	0.1858499922306172	0.22008673181244623	0.25907779639798023	0.30171803054110885	0.35089725871885735	0.40459510089622774	0.4624982846632989	0.5260070771566866	0.5974017837080262	0.6772018765622712	0.7651837518616156	0.8596486256440482	0.9325431049404685
	1	2	3	4	5	6	7	8	9	10	12	14	16	18	20	22	24	26	28	30	32	34	36	38	40	42	44	46	48	50	52	54	56	58	60	62	64	66	68	70	72	74	76	78	80	82	84	86	88	90
GLDS-375_rna-seq_FL8-1R_R2_raw - illumina_universal_adapter	0.00027770766773193157	0.0003064621401401425	0.0003987791305033459	0.0005924934709376088	0.0007135649337090232	0.001007919927572024	0.0011047770977891556	0.0012493061564725315	0.0013991320916521568	0.0016325730058082898	0.0019594659552911084	0.002325707130174637	0.002633682663599422	0.0029469550735204565	0.0032541739103029207	0.0036071728939458254	0.004001033496274082	0.004486076044002061	0.005106188942384399	0.005890505012150467	0.006838267556657945	0.007983149576490132	0.009333474734712563	0.011177544452049666	0.013552436863975191	0.016703321682601247	0.020427404207785722	0.02476176257500235	0.03056146399007426	0.03834787243956084	0.04835934736579332	0.060366609686148334	0.07519635048236195	0.09134123004293004	0.11004790608607704	0.13222214449266156	0.157820056857429	0.1874356500446016	0.22174692424569925	0.26081782032699813	0.30355528998866504	0.35287223695531605	0.4066139675379411	0.4645372037660338	0.5281500420477407	0.5996480376907571	0.6795377990971172	0.7675215661380674	0.8618581798396265	0.9346981769777998
	1	2	3	4	5	6	7	8	9	10	12	14	16	18	20	22	24	26	28	30	32	34	36	38	40	42	44	46	48	50	52	54	56	58	60	62	64	66	68	70	72	74	76	78	80	82	84	86	88	90
GLDS-375_rna-seq_FL8-1S_R1_raw - illumina_universal_adapter	0.0002694294892740658	0.0003147182068443503	0.00037842945359576756	0.000521204054749546	0.0005941265660915296	0.0007461124318358744	0.000799077203231631	0.0008842814006943697	0.0009733236250698444	0.0011191686477538116	0.0013471474463703289	0.0015774290611344876	0.0017781578686705793	0.002014964129186389	0.002203795053292999	0.0024409851165000827	0.002749178677592782	0.0032024496559869015	0.0037374706076222968	0.0042909140884388255	0.005018987793784841	0.005945487490519306	0.007075018810937504	0.008530014813555715	0.010572612736513803	0.013184006247939363	0.016326582684087584	0.019973475856569313	0.024870414394529146	0.03146184181446192	0.039434191317597095	0.048967082563450726	0.060831191356100184	0.07360260971092042	0.08783670012218435	0.10523908174991184	0.12521294140917244	0.1483804232625206	0.17551258691672508	0.20524808422583835	0.23799489745068428	0.27564939568884567	0.3174504982035271	0.36256305033851705	0.41156390753879984	0.46576874543006136	0.5263166904000016	0.5942175273293615	0.6672329189226334	0.7233583054810279
	1	2	3	4	5	6	7	8	9	10	12	14	16	18	20	22	24	26	28	30	32	34	36	38	40	42	44	46	48	50	52	54	56	58	60	62	64	66	68	70	72	74	76	78	80	82	84	86	88	90
GLDS-375_rna-seq_FL8-1S_R2_raw - illumina_universal_adapter	0.0002602182246834994	0.0003062745476363312	0.00037842945359576756	0.0005273448978099236	0.000607175857594832	0.0007706758040773847	0.0008313166292986131	0.0009218940644391823	0.0010301264233783369	0.0011943939752434368	0.0014323516438330677	0.0016706931151139717	0.0018764113576366203	0.002123196488125544	0.0023246929010441826	0.002572629439606927	0.002902315951410948	0.003392815790858606	0.003964681800856267	0.0045649492100081745	0.005350209516353956	0.006319695114511064	0.007498736982103557	0.009007849164191343	0.011091513975115708	0.013804999002420045	0.017016276120306238	0.020741848844499054	0.025728981014908184	0.03240062319731714	0.040459328305988876	0.050089705435426	0.06217334936748395	0.07506643317543793	0.08939455524606388	0.10683646855099255	0.12688248311621256	0.15011406001900346	0.17732950885721427	0.20715366458801177	0.23999450947221973	0.2777211626163406	0.3195802193374042	0.3647722186294879	0.4138767025564145	0.468251181237219	0.5289134994091589	0.5967993680335589	0.669725333599764	0.7258192483374742
	1	2	3	4	5	6	7	8	9	12	17	22	27	32	37	42	47	52	57	62	67	72	77	82	87	92	97	102	107	112	117	122	127	132	137	140
GLDS-375_rna-seq_FL9-1R_S10_L002_R1_raw - illumina_universal_adapter	1.9119922217097234e-05	2.6767891103936127e-05	4.588781332103336e-05	9.559961108548617e-05	0.00011854351774600284	0.0001567833621801973	0.0001644313310670362	0.00018355125328413345	0.00020649515994465012	0.0002760916768148841	0.00041375511677798417	0.0005078251340861026	0.0006049543389489565	0.000808390311338871	0.0012129678654526485	0.0019808239416912736	0.003343691997325964	0.006210915533001865	0.01136411696895391	0.020907252545951483	0.037355739230875894	0.06536030690381386	0.11602580638845547	0.20143526372911752	0.35536210953008046	0.6014966922152165	0.9988407973558218	1.6301400947292723	2.517172175740842	3.6923720764396135	5.271911679419782	7.236207595549708	9.565895167607914	12.297598224202808	15.228038341103542	17.024680836874406
	1	2	3	4	5	6	7	8	9	12	17	22	27	32	37	42	47	52	57	62	67	72	77	82	87	92	97	102	107	112	117	122	127	132	137	140
GLDS-375_rna-seq_FL9-1R_S10_L002_R2_raw - illumina_universal_adapter	1.147195333025834e-05	1.5295937773677788e-05	3.0591875547355576e-05	7.265570442496949e-05	9.559961108548617e-05	0.0001223675021894223	0.00013001547107626118	0.00013383945551968064	0.00015295937773677788	0.0002087895506107018	0.0003464529905738018	0.0004497005705461269	0.000545300181631613	0.0007563841229083666	0.001174728021018454	0.001957115238142073	0.0033299256533296543	0.006216269111222653	0.011382472094282326	0.020869012701517288	0.037036054131406024	0.06452132471692765	0.11436084356179066	0.19865063825741947	0.35028462298610813	0.591880900933794	0.9809514333326168	1.6008017212824697	2.4734823886778856	3.630428882034439	5.183372673210625	7.105061754671972	9.377464510173978	12.047096651283288	14.914886901453704	16.668602877456518
	1	2	3	4	5	6	7	8	9	12	17	22	27	32	37	42	47	52	57	62	67	72	77	82	87	92	97	102	107	112	117	122	127	132	137	140
GLDS-375_rna-seq_FL9-1S_S9_L002_R1_raw - illumina_universal_adapter	3.230609847389868e-05	3.5536708321288545e-05	4.199792801606828e-05	6.784280679518722e-05	9.368768557430616e-05	0.00013245500374298456	0.0001389162234377643	0.00017122232191166297	0.00018091415145383259	0.000243587982493196	0.00034309076579280395	0.00040641071880164533	0.000489114330894826	0.0006415991156916277	0.000978228661789652	0.0017619746107664339	0.003145321747418775	0.006027671853260016	0.011080345654577767	0.020005874540946496	0.03630882407481472	0.06392084644045593	0.11343834193730884	0.19642947830690716	0.34097471634276355	0.5627295913653294	0.9310191139677743	1.5404394172134905	2.3879660041633515	3.491475131346904	4.9597608159848505	6.7664916494550535	8.896818456654973	11.390979775477785	14.056596666243241	15.695071523763655
	1	2	3	4	5	6	7	8	9	12	17	22	27	32	37	42	47	52	57	62	67	72	77	82	87	92	97	102	107	112	117	122	127	132	137	140
GLDS-375_rna-seq_FL9-1S_S9_L002_R2_raw - illumina_universal_adapter	2.9075488626508807e-05	3.230609847389868e-05	3.230609847389868e-05	5.492036740562775e-05	8.722646587952643e-05	0.00013245500374298456	0.0001389162234377643	0.00016476110221688324	0.00017122232191166297	0.00023325003098154844	0.0003288760824642885	0.0003993033771373876	0.00048459147710848015	0.000656459920989621	0.001004719662538249	0.0017820043918202507	0.0031479062352966864	0.0059714592419154305	0.010910415576605059	0.01973644167967418	0.03585007747648536	0.06309833317331046	0.1118792496249585	0.19339593566020807	0.3353831768189012	0.5529886565534794	0.9130691995337067	1.510929088501523	2.342663808395373	3.426406126166686	4.867585701941093	6.630647735982157	8.706107157777945	11.140669540014141	13.745700219823615	15.343581172367637
	1	2	3	4	5	6	7	8	9	12	17	22	27	32	37	42	47	52	57	62	67	72	77	82	87	92	97	102	107	112	117	122	127	132	137	140
GLDS-375_rna-seq_GC1-1R_S4_L002_R1_raw - illumina_universal_adapter	2.1373030990436942e-05	2.1373030990436942e-05	4.2746061980873884e-05	8.549212396174777e-05	0.0001129717352351667	0.0001465579267915676	0.0001465579267915676	0.0001831974084894595	0.00020762372962138744	0.00026197229413992706	0.0003926531121957415	0.000492801028836646	0.0005795144688549904	0.0007309576598729435	0.0009623970525979606	0.0014887842729910076	0.002515300418560279	0.004648939569434183	0.008477154748835588	0.01581482161686674	0.02863680823704401	0.05031211495148855	0.09101002990545029	0.15997408367327903	0.2891594002177912	0.49743958721959924	0.8458859434307776	1.4084552626585212	2.191625405267017	3.22916087495693	4.660189111631494	6.42986936040136	8.56372895882348	11.085181146360837	13.771572067341534	15.435526649040023
	1	2	3	4	5	6	7	8	9	12	17	22	27	32	37	42	47	52	57	62	67	72	77	82	87	92	97	102	107	112	117	122	127	132	137	140
GLDS-375_rna-seq_GC1-1R_S4_L002_R2_raw - illumina_universal_adapter	1.526645070745496e-05	1.526645070745496e-05	3.66394816978919e-05	7.022567325429281e-05	9.770528452771174e-05	0.00013129147608411266	0.00013129147608411266	0.00015877108735753157	0.00017403753806498654	0.00022533281244203521	0.0003529603403563587	0.0004543295730538596	0.0005642480181475353	0.0007370642401559255	0.0010051431145788345	0.0015443541535661437	0.002591632672097554	0.0047515301181882815	0.008556540292514356	0.015922908087875522	0.028791304718203452	0.050336541272620494	0.09062653666367902	0.15919610534522713	0.2873933771999528	0.4932706248604074	0.8368188930266058	1.3930953812727365	2.169516531352481	3.2010504539402787	4.62356123243614	6.372895577019166	8.478285687503998	10.975884351139968	13.644240097912908	15.294635628751063
	1	2	3	4	5	6	7	8	9	12	17	22	27	32	37	42	47	52	57	62	67	72	77	82	87	92	97	102	107	112	117	122	127	132	137	140
GLDS-375_rna-seq_GC1-1S_S3_L002_R1_raw - illumina_universal_adapter	1.1462529335478202e-05	1.1462529335478202e-05	1.1462529335478202e-05	2.674590178278247e-05	3.438758800643461e-05	5.731264667739101e-05	6.877517601286921e-05	8.405854846017348e-05	9.170023468382562e-05	0.00011691779922187765	0.00019715550457022508	0.0002636381747159986	0.0003561025780221895	0.0005203988318307104	0.0007939711986374567	0.0014572695628504622	0.0027311386563332726	0.005523410802455763	0.010430901695285164	0.020245883480943964	0.038118259220821585	0.07008190435711373	0.12874025197848987	0.22848488974995412	0.4082341614399443	0.6917414845060609	1.1503985483241517	1.8506406445854033	2.8426828218026783	4.146589091324799	5.788792809967999	7.760679504852357	10.022529983493193	12.557236038773	15.227906032018513	16.89501935524495
	1	2	3	4	5	6	7	8	9	12	17	22	27	32	37	42	47	52	57	62	67	72	77	82	87	92	97	102	107	112	117	122	127	132	137	140
GLDS-375_rna-seq_GC1-1S_S3_L002_R2_raw - illumina_universal_adapter	1.1462529335478202e-05	1.1462529335478202e-05	1.1462529335478202e-05	2.2925058670956404e-05	3.056674489460854e-05	5.349180356556494e-05	6.877517601286921e-05	8.023770534834741e-05	8.787939157199955e-05	0.00010698360713112989	0.00018034379487819036	0.0002483548022686944	0.0003515175662879982	0.0005288046866767278	0.0008138395828189524	0.0014725529352977661	0.0027410728484240205	0.005527231645567589	0.010419439165949685	0.020145013222791754	0.037792723387693995	0.06930398069954594	0.12698495665291698	0.22519743633653894	0.4023256096518165	0.681384707167145	1.1320080662583103	1.8222334402175986	2.8006306225139204	4.089462137622642	5.709959646547558	7.645592653649667	9.863849604890435	12.35407951801134	14.985255748515774	16.623342126621672
	1	2	3	4	5	6	7	8	9	10	12	14	16	18	20	22	24	26	28	30	32	34	36	38	40	42	44	46	48	50	52	54	56	58	60	62	64	66	68	70	72	74	76	78	80	82	84	86	88	90
GLDS-375_rna-seq_GC10-1R_R1_raw - illumina_universal_adapter	6.815969036060247e-05	8.594047915032485e-05	0.0001570636343092144	0.0003289445926098641	0.000405253811165756	0.0005704669736702598	0.0006475170584257235	0.0007542017911640578	0.0008394014041148109	0.0010031328342201711	0.001260213405471574	0.0015502625226039204	0.0017836353754690265	0.0020377524819221423	0.002242972419203522	0.0025000529904549247	0.00276861698779969	0.0031134902037003465	0.0035483786628489732	0.004057353741954777	0.004695239539786067	0.0055205644861090145	0.006485913144151026	0.007770575134208467	0.009506424639805115	0.01175273095690671	0.014652481262030602	0.017960819276218322	0.02228451441691915	0.028266268112261586	0.03605981009865678	0.045286557748123554	0.05694890302868251	0.0691142964587507	0.08259509782615855	0.09899046682268173	0.11753842256206068	0.13910281503299607	0.16439339405467768	0.19214846448923473	0.22241618263963944	0.2571461379100649	0.29493957491571965	0.33524380747172305	0.3793527583956273	0.4288144676114375	0.4846461444111658	0.5447766973339092	0.6102211130730812	0.6607533739472726
	1	2	3	4	5	6	7	8	9	10	12	14	16	18	20	22	24	26	28	30	32	34	36	38	40	42	44	46	48	50	52	54	56	58	60	62	64	66	68	70	72	74	76	78	80	82	84	86	88	90
GLDS-375_rna-seq_GC10-1R_R2_raw - illumina_universal_adapter	7.112315515888954e-05	9.260827494647075e-05	0.0001703992259015062	0.0003570975081935912	0.0004378519239469137	0.0006186232766424246	0.0007053046219923213	0.0008445874675118133	0.0009409000734561428	0.0011298209543469432	0.0014098683777850707	0.00172214348090457	0.00196959279156154	0.002245195017802237	0.002463380113576122	0.0027445388363136073	0.0030375514182442408	0.003414281880726484	0.0038910292801509153	0.004447419796029311	0.005135684495431482	0.006008424878527022	0.007031190667035845	0.008379196717156673	0.01016912945532206	0.01249322672337869	0.015461877585062756	0.018865416905895452	0.023288017684239104	0.029370158749623516	0.037311503542833274	0.0466919809287112	0.05853250453026716	0.07083940340445355	0.08448134317026826	0.10108971119916832	0.11987696672100895	0.14164028176652937	0.1671760875002692	0.19521787315406056	0.22570451726643873	0.2607508224040813	0.2988502371501592	0.3394352579958003	0.38390908552299363	0.4337334487434943	0.48997593585088506	0.5504854418347095	0.6163480765435397	0.6672433618555214
	1	2	3	4	5	6	7	8	9	10	12	14	16	18	20	22	24	26	28	30	32	34	36	38	40	42	44	46	48	50	52	54	56	58	60	62	64	66	68	70	72	74	76	78	80	82	84	86	88	90
GLDS-375_rna-seq_GC10-1S_R1_raw - illumina_universal_adapter	0.0001099853089784467	0.00011619415706593965	0.00013038580983735213	0.00018271752943193565	0.00020400500858905435	0.00024037111881579883	0.00025633672818363787	0.00028472003372646284	0.00030955542607643465	0.00035346085183799196	0.00041510584356381497	0.00049626435785033	0.000562787730216326	0.0006244327219421489	0.0006856342245188653	0.0007698971628491268	0.0009131441580105715	0.0012027425723772074	0.0014945584324893763	0.001862210937098781	0.0023221091847223665	0.0028933232087717184	0.003597140488403956	0.004588782225806403	0.005898405683118311	0.0076874409106144955	0.009792240412274607	0.01221014325320401	0.01543031796486732	0.019952576818307727	0.02580086822757699	0.03249356297674529	0.04091098702678932	0.04946456224560908	0.05946080766647274	0.07177916227205877	0.08581736779788035	0.10209874143988332	0.12130803044428831	0.1424385144426233	0.16585961989609405	0.19291866683968656	0.22283245343607855	0.2552045003859686	0.2905319590255053	0.33041094680232347	0.37528362239808244	0.4251557511717205	0.47859087176928133	0.5206358605503363
	1	2	3	4	5	6	7	8	9	10	12	14	16	18	20	22	24	26	28	30	32	34	36	38	40	42	44	46	48	50	52	54	56	58	60	62	64	66	68	70	72	74	76	78	80	82	84	86	88	90
GLDS-375_rna-seq_GC10-1S_R2_raw - illumina_universal_adapter	0.00011087228727665997	0.00011796811366236621	0.00013304674473199198	0.00018715242092300205	0.00021198781327297386	0.0002501278800961449	0.0002669804677621972	0.00029802470819966203	0.00032729499204070024	0.0003778527550388572	0.0004426021708084266	0.0005290825548842214	0.0006031452427850302	0.0006701121043001328	0.0007397399007098753	0.0008297681979785232	0.0009854328893149538	0.001295431804540495	0.0016103091004062095	0.002012553758645932	0.0025003918226632355	0.00309644123906256	0.003816667617211743	0.004817179137596323	0.006147203095767136	0.007974378390086492	0.010121752850060842	0.01260085719356696	0.015872920135675747	0.020453276067649125	0.026345472902679943	0.033095377752083	0.041565133521721614	0.05018567560205647	0.060274610255083426	0.07265460985239527	0.08680324417634441	0.1031657763326339	0.12246465014515844	0.14362972629712373	0.1671523907657399	0.194330292801293	0.2243460819019795	0.25681569646467306	0.292306359111081	0.33232415899156953	0.3773289943537622	0.42725522880359135	0.4807834821224646	0.5230085274980568
	1	2	3	4	5	6	7	8	9	12	17	22	27	32	37	42	47	52	57	62	67	72	77	82	87	92	97	102	107	112	117	122	127	132	137	140
GLDS-375_rna-seq_GC11-1R_S16_L002_R1_raw - illumina_universal_adapter	7.230669492026669e-06	1.4461338984053338e-05	3.615334746013334e-05	0.00010846004238040003	0.00017353606780864004	0.0002422274279828934	0.00026753477120498674	0.00030730345341113344	0.00032899546188721343	0.0003969637551122641	0.0005256696720703387	0.0006189453085174828	0.0007006518737773842	0.0008951568831129016	0.0013311662534821096	0.0022429536764266727	0.003776578675685529	0.0070094110055706526	0.012305153341530987	0.021792514782019178	0.03955248518833508	0.070170755152322	0.12548754596717365	0.22170823409842014	0.3932132068467499	0.6658954916631104	1.113013339572919	1.8287715280530452	2.8367861467313973	4.149530823548671	5.830038919801607	7.878834659028381	10.266938240971895	12.996737232698418	15.905064346450876	17.70847357819369
	1	2	3	4	5	6	7	8	9	12	17	22	27	32	37	42	47	52	57	62	67	72	77	82	87	92	97	102	107	112	117	122	127	132	137	140
GLDS-375_rna-seq_GC11-1R_S16_L002_R2_raw - illumina_universal_adapter	7.230669492026669e-06	1.0846004238040002e-05	2.8922677968106675e-05	9.399870339634669e-05	0.00015545939407857337	0.00022053541950681338	0.0002422274279828934	0.0002747654406970134	0.0002928421144270801	0.0003637026754489414	0.00047794725342296284	0.0005712228898701068	0.0006493141203839949	0.0008459883305671201	0.001282720767885531	0.0021901697891348777	0.0037187333197493157	0.006971811524212114	0.012251646387289986	0.021739007827778177	0.03945342501629431	0.06991117411755825	0.1247500176789869	0.22049782002545487	0.3909615763669328	0.6613098010712671	1.1038781117366927	1.814704983623257	2.816836006535947	4.122424489756961	5.790469081006492	7.814592329792572	10.169393617256658	12.864942373733351	15.741523956148015	17.51970248976535
	1	2	3	4	5	6	7	8	9	12	17	22	27	32	37	42	47	52	57	62	67	72	77	82	87	92	97	102	107	112	117	122	127	132	137	140
GLDS-375_rna-seq_GC11-1S_S15_L002_R1_raw - illumina_universal_adapter	2.4878549142722514e-05	2.4878549142722514e-05	3.7317823714083774e-05	4.561067342832461e-05	8.292849714240838e-05	0.00011609989599937173	0.00012024632085649215	0.00014097844514209424	0.00016585699428481676	0.0002247362272559267	0.00028361546022703663	0.0003308847035982094	0.0004237646203977068	0.0005838166198825549	0.0008782127847381048	0.001553250751477309	0.00286932600112733	0.005879630447396754	0.011478962574452169	0.02109618038805727	0.0397119694265851	0.07335191429240305	0.137299737008857	0.24890905488796733	0.4527124708952074	0.7778792546154477	1.3177164046084693	2.1660409296914787	3.343276460140708	4.859175387220105	6.768455591914173	9.064100494079693	11.686585677037787	14.67395210099762	17.776345326203806	19.668383867056995
	1	2	3	4	5	6	7	8	9	12	17	22	27	32	37	42	47	52	57	62	67	72	77	82	87	92	97	102	107	112	117	122	127	132	137	140
GLDS-375_rna-seq_GC11-1S_S15_L002_R2_raw - illumina_universal_adapter	2.4878549142722514e-05	3.317139885696335e-05	4.146424857120419e-05	4.975709828544503e-05	9.951419657089005e-05	0.0001326855954278534	0.0001326855954278534	0.0001492712948563351	0.0001741498439990576	0.0002297119370844712	0.00028776188508415705	0.0003350311284553298	0.00042874033022625134	0.0005887923297110994	0.0008815299246238012	0.001563202171134398	0.0028751309959272986	0.005890411152025267	0.01141427834668109	0.020945250523258085	0.03930396122064446	0.07233769877235141	0.13522237815543967	0.24481072855918948	0.4455167651981605	0.7648221627403755	1.294046952954083	2.126844775517119	3.2833208152766895	4.772933067331886	6.646099570090378	8.886373943998883	11.441464795899284	14.356582254578711	17.389154660900815	19.23439001653677
	1	2	3	4	5	6	7	8	9	10	12	14	16	18	20	22	24	26	28	30	32	34	36	38	40	42	44	46	48	50	52	54	56	58	60	62	64	66	68	70	72	74	76	78	80	82	84	86	88	90
GLDS-375_rna-seq_GC12-1R_R1_raw - illumina_universal_adapter	0.00014820904846637903	0.00016803318870710487	0.0002444977296356189	0.00040497886491768534	0.000502211552765055	0.0006768527882190685	0.0007410452423318951	0.0008788702173388463	0.000971382871795567	0.0010884396998836624	0.0012593049086251568	0.0014476342409120526	0.0016350195665208182	0.0018238209021467788	0.002013094241111804	0.0022085036234846733	0.002396360952432504	0.002654546778901005	0.0029646529726666455	0.0033847359444344077	0.0038864754938603974	0.004537368098430897	0.005314285594531724	0.006331452790216586	0.00775312684748007	0.009630756130280247	0.011814715580133545	0.014340877450808897	0.017678413061336815	0.022499455166545716	0.028577914167023516	0.03588405385240913	0.045073958864002756	0.05504927743180038	0.06657371095840901	0.0805785220318037	0.0965855712695117	0.11519949494887516	0.13678043161760056	0.1611787562172044	0.1876397354085218	0.2179423497764885	0.2518416295881297	0.2879140127728257	0.3277307984463236	0.37256828363745487	0.42340493126810097	0.47951291218942393	0.5408766502912346	0.588086896267845
	1	2	3	4	5	6	7	8	9	10	12	14	16	18	20	22	24	26	28	30	32	34	36	38	40	42	44	46	48	50	52	54	56	58	60	62	64	66	68	70	72	74	76	78	80	82	84	86	88	90
GLDS-375_rna-seq_GC12-1R_R2_raw - illumina_universal_adapter	0.00012366487483500416	0.00014537702843198962	0.00022561759607302284	0.00039742681149264694	0.0004965475126962762	0.0006740207681846792	0.0007504853091131931	0.0009005823709358318	0.0010025350921738505	0.0011356400337901528	0.001321137346042659	0.00153023482524841	0.001736972287758837	0.0019366297001832903	0.0021372311192858736	0.002344440585135365	0.0025577860943927005	0.0028551481980035884	0.0032096227056413293	0.0036811540413671656	0.004220181854579282	0.0049262988498203755	0.0057419206197245245	0.006803928132620553	0.008259114426957644	0.010186304060359638	0.012438703994377347	0.015019618252384227	0.018423706333720292	0.023309884899720155	0.029451120344293584	0.036827116523860795	0.04611755824667525	0.056158957281941965	0.06777590346300731	0.08184585099719296	0.09789632454209493	0.11662211301281676	0.13828376225252226	0.16276468743646244	0.18934319545920703	0.21975389859181957	0.2536460983533748	0.2897812579821665	0.32960748372244564	0.3744728171105817	0.42529955267110753	0.48134570115501296	0.5426721509930374	0.5898465247158791
	1	2	3	4	5	6	7	8	9	10	12	14	16	18	20	22	24	26	28	30	32	34	36	38	40	42	44	46	48	50	52	54	56	58	60	62	64	66	68	70	72	74	76	78	80	82	84	86	88	90
GLDS-375_rna-seq_GC12-1S_R1_raw - illumina_universal_adapter	6.048035463260742e-05	7.89604629925708e-05	0.00011928069941430909	0.00020328119195959718	0.0002604015268903931	0.0003763222066028906	0.0004267225021300635	0.00048552284691176517	0.0005468432064698255	0.0006631838886450494	0.0008803251618746191	0.00108318635137149	0.0012553873610893305	0.0014481684914807666	0.0015842492894041333	0.0017371301858365577	0.0019467114147370514	0.0022591932470055233	0.0025935152073357694	0.0029832774927459065	0.003480560408614012	0.004058903799788321	0.004781308035677798	0.005797713995475785	0.007158521974709451	0.008997712758988533	0.01119390563658509	0.01380758096213173	0.017324261582540215	0.022236190384125935	0.028519427226513485	0.03610131168365119	0.045823948693305555	0.05594978806717731	0.06697191269650729	0.0805757924642167	0.09621038413920843	0.11438473070630698	0.13533823356926633	0.1580973270194867	0.18380987778759939	0.2136514727667757	0.24686400751179444	0.28310686002538443	0.32241909053657924	0.36676337055369956	0.41753242824314624	0.4735972969851106	0.5325152424563757	0.5786390729080679
	1	2	3	4	5	6	7	8	9	10	12	14	16	18	20	22	24	26	28	30	32	34	36	38	40	42	44	46	48	50	52	54	56	58	60	62	64	66	68	70	72	74	76	78	80	82	84	86	88	90
GLDS-375_rna-seq_GC12-1S_R2_raw - illumina_universal_adapter	6.13203595580603e-05	8.148047776892944e-05	0.0001318807732961023	0.00022176130031956054	0.00028728168450488524	0.0004116024134719116	0.00047208276810451903	0.0005384431572152967	0.0006115235857296973	0.0007345843073085443	0.000962225642106275	0.0011705468636185896	0.0013545079422927703	0.0015561091244014618	0.0017026899838929895	0.0018711109714462922	0.002100852318557655	0.0024351742788879015	0.002790076359891744	0.003215118852170902	0.003744741957668943	0.004346185484293206	0.005087069828542647	0.006128255933641493	0.0075201440951169155	0.009415195206938615	0.011673968451481413	0.014329224020837968	0.01790092496386362	0.022882574174261927	0.029218311324490282	0.036901836377607786	0.04679625439451727	0.057014914312651564	0.06813783953303588	0.08187864010359411	0.09763965251986652	0.11595385990705295	0.1370942638659256	0.1599986781682493	0.1859035900642907	0.2159530862625166	0.24940712242360305	0.28590239641729165	0.3254691484208987	0.3700503098269967	0.42117342959252174	0.4774033593023376	0.5365426460714595	0.5828508576042887
	1	2	3	4	5	6	7	8	9	10	12	14	16	18	20	22	24	26	28	30	32	34	36	38	40	42	44	46	48	50	52	54	56	58	60	62	64	66	68	70	72	74	76	78	80	82	84	86	88	90
GLDS-375_rna-seq_GC2-1R_R1_raw - illumina_universal_adapter	0.003076881113509521	0.0031162886817639123	0.0031920130286056834	0.0033179627075363843	0.0033882781724608865	0.0035698620653977866	0.003635541345821772	0.0037290377332488567	0.003848033135428783	0.003997550085570444	0.004204632993260186	0.004446487284703801	0.00467636476618775	0.004888083858378009	0.005085508048358341	0.00533663470880299	0.005602828968874318	0.005918475863617824	0.006290529669784281	0.006746807494376791	0.0072780369683943195	0.007912035198839965	0.008714867814846091	0.009773076927089005	0.01116354592853561	0.012844549158681256	0.014850085303863066	0.017152723605786315	0.020136108331868748	0.02415993012960879	0.029300299694556574	0.03547647014666144	0.0429175462699906	0.05097407588576333	0.06038862121147905	0.07203239858452651	0.08515395976711362	0.10032085101184535	0.11774904124670402	0.1372237205898324	0.15896163066662963	0.18406811513176055	0.21186435930460787	0.24160471017800517	0.2743129918291498	0.3109643483979838	0.352112803932319	0.39740987189719973	0.4461898734680936	0.4839882993520971
	1	2	3	4	5	6	7	8	9	10	12	14	16	18	20	22	24	26	28	30	32	34	36	38	40	42	44	46	48	50	52	54	56	58	60	62	64	66	68	70	72	74	76	78	80	82	84	86	88	90
GLDS-375_rna-seq_GC2-1R_R2_raw - illumina_universal_adapter	0.003036700847838377	0.00307379032384251	0.003153378157768045	0.0032785551392819933	0.0033511886964567535	0.0035010919953067906	0.0035775890395653145	0.003669540032158894	0.0037954897110895947	0.003962778701816569	0.0041768158862570855	0.004437214915702769	0.004679841904563138	0.0049004470170460526	0.005116029596320074	0.005389564481850555	0.005684734895050112	0.006040948404173138	0.006459364055344761	0.006957367540441921	0.007543072182340518	0.008227295744875095	0.009081512739095278	0.010191878926969006	0.01165189069592336	0.013398186857784615	0.015474424816599303	0.01786592332144912	0.020941259040125133	0.025035009954081297	0.03027698922933207	0.03657485952457551	0.0441673843415882	0.05234754554404138	0.061926289070817056	0.07368944819475282	0.08695782188652297	0.10221782316997338	0.11981755223135117	0.13946956563162433	0.16144276207182276	0.1867439662859754	0.21478863267830872	0.24471945346493557	0.2776889068429427	0.3145832767493454	0.3560404249016733	0.4015244856414082	0.4505575456162886	0.4885943486533603
	1	2	3	4	5	6	7	8	9	10	12	14	16	18	20	22	24	26	28	30	32	34	36	38	40	42	44	46	48	50	52	54	56	58	60	62	64	66	68	70	72	74	76	78	80	82	84	86	88	90
GLDS-375_rna-seq_GC2-1S_R1_raw - illumina_universal_adapter	0.0007287054397677179	0.0007478617341885306	0.0007907718336911512	0.0008758257809195599	0.0009785035190151164	0.0012336653607003425	0.0012804067190871256	0.001381551953629017	0.0014719696632952534	0.0015612379952962409	0.0017493528065086223	0.0019685008146827204	0.0021474206045731118	0.0023271066462403353	0.0024815063792720865	0.0026726861975917976	0.002886087317439652	0.0032048480566019767	0.003566902021155338	0.003979911728868061	0.004520119231534982	0.005167218857070038	0.005978679488735665	0.007037639444318196	0.008481257791870646	0.010407231632939162	0.012620933016208286	0.015209714644236923	0.01866742578719363	0.023282177113167428	0.02919649145264916	0.03656323603511692	0.04559581198041856	0.05540766598275886	0.06655586308389506	0.07999860113075621	0.0956673005893158	0.11357383836211477	0.13432930024117698	0.15711609558062217	0.18311923275332187	0.21298389575536897	0.2458331094281787	0.281660360631648	0.3200514902803989	0.3631048788652872	0.41097799112645195	0.46421409957366744	0.5204152192713365	0.5644379163539178
	1	2	3	4	5	6	7	8	9	10	12	14	16	18	20	22	24	26	28	30	32	34	36	38	40	42	44	46	48	50	52	54	56	58	60	62	64	66	68	70	72	74	76	78	80	82	84	86	88	90
GLDS-375_rna-seq_GC2-1S_R2_raw - illumina_universal_adapter	0.0006942241098102549	0.000709549145346905	0.0007509267412958606	0.0008352144367474369	0.0009401909301734908	0.001102636306861983	0.0011539751759097614	0.0012558866622284853	0.0013570318967703768	0.0014597096348659333	0.0016566363415118886	0.0018780831050164842	0.0020673472938941145	0.002253929601552831	0.002412926845245577	0.0026163666919946085	0.002845475973267529	0.0031925880281726566	0.003569967028262668	0.004007879918722448	0.0045741399818016735	0.005248058419525867	0.006066032191294573	0.00714261593774425	0.008592364299511362	0.010526000658348201	0.012743916426389904	0.015346107460513111	0.018830637415658956	0.023467226917272477	0.029378093123758466	0.036745603958003054	0.045799251827167584	0.05559884580107857	0.06674244539155377	0.08015185148612272	0.09579718026548892	0.11367996423320606	0.13441167230718648	0.15718429198876027	0.18312804464875543	0.2128850492761576	0.2456231564413266	0.2813029041777556	0.31952622468738023	0.36245126609964906	0.4101389454308203	0.46301031803226356	0.5188804169623409	0.5627291748915814
	1	2	3	4	5	6	7	8	9	10	12	14	16	18	20	22	24	26	28	30	32	34	36	38	40	42	44	46	48	50	52	54	56	58	60	62	64	66	68	70	72	74	76	78	80	82	84	86	88	90
GLDS-375_rna-seq_GC3-1R_R1_raw - illumina_universal_adapter	0.00010280593282577384	0.0001316637385312542	0.0002047100592232514	0.0003471954748940607	0.00040400927987672524	0.0005681380498266448	0.0006312644998073832	0.0007178379169238243	0.0007908842376158215	0.0009455440400686305	0.0011917371949935096	0.001444693898130611	0.0016273096998606043	0.0018306670494414113	0.0020182427865270336	0.0022112293621824337	0.0024371318724706473	0.002715339155600044	0.003026011470148106	0.00338447952539587	0.0038344809331157044	0.004363390403311462	0.004988342258120771	0.005843254752145628	0.007027777495712767	0.008613153196657595	0.010508750308936337	0.012728997735401733	0.015655359595223104	0.019871304647508123	0.025136952382329998	0.03137564925328354	0.03917672576126035	0.04788186321360416	0.05787342753591259	0.0701393476703842	0.08432431188427025	0.10110602770843538	0.12080553823135307	0.14263241011862163	0.16698569271476219	0.19475186173878994	0.22562700842436906	0.2587873325992509	0.29505167450032843	0.3358791569285851	0.3819542509630977	0.4320996483117255	0.4860808793031114	0.528174497956696
	1	2	3	4	5	6	7	8	9	10	12	14	16	18	20	22	24	26	28	30	32	34	36	38	40	42	44	46	48	50	52	54	56	58	60	62	64	66	68	70	72	74	76	78	80	82	84	86	88	90
GLDS-375_rna-seq_GC3-1R_R2_raw - illumina_universal_adapter	0.0001037077392540701	0.00013346735138784673	0.00021462992993451026	0.00036974063560146726	0.0004328670855822056	0.0006096211455282729	0.0006844710790768627	0.0007872770119026364	0.0008765558483039664	0.0010488008761085524	0.0013139319660276532	0.0015858266041589761	0.0017905366633822275	0.00201193014152896	0.0022184438136088037	0.0024371318724706473	0.002700910252747304	0.0030034663094406994	0.0033515635907630566	0.0037546710642114853	0.004259231760843244	0.0048372896813811475	0.005508233664033566	0.0064068837698307915	0.00764957302802304	0.00930934775930231	0.01128250022441453	0.013586615648711478	0.01662389969921329	0.02093453442646942	0.026343118480176245	0.03270761734787712	0.040654335594023774	0.04948076601097343	0.059619324781094156	0.07203945381480442	0.08639936847577995	0.10336144558560434	0.12327468423202823	0.14539689772456382	0.1700211731524074	0.19807186210456262	0.22924776123397855	0.2627201104330509	0.2993744836143666	0.34059289912928964	0.38708643134653176	0.43760878378218737	0.4920499360520043	0.5345619928883184
	1	2	3	4	5	6	7	8	9	10	12	14	16	18	20	22	24	26	28	30	32	34	36	38	40	42	44	46	48	50	52	54	56	58	60	62	64	66	68	70	72	74	76	78	80	82	84	86	88	90
GLDS-375_rna-seq_GC3-1S_R1_raw - illumina_universal_adapter	3.7443712840421857e-05	4.639764417182708e-05	6.104953180503563e-05	9.035330707145273e-05	0.0001082611697342632	0.00014977485136168743	0.00015954277645049313	0.0001864045704447088	0.00020512642686491974	0.00023605818964613778	0.00031501558411398383	0.00039275198794572923	0.0004481035634489616	0.0005164790390706015	0.0005710166208164333	0.0006353221276510708	0.0007146865189976172	0.0008371925794863886	0.000964582602519563	0.0011465102072985693	0.0013748354562494024	0.0016369414461323553	0.0019458520770658358	0.002345116015070769	0.0028819448980763824	0.0036100623140711075	0.004496501515880224	0.005503004796905912	0.006913248981602236	0.008829390286522954	0.011237997814670959	0.014258321651505423	0.017949376344437877	0.021961958571543518	0.026445843184184036	0.03198588469705167	0.03859144403835653	0.04645299574733032	0.05604835415956712	0.06664085492461949	0.07885849422632193	0.09307530219619993	0.10873125112916196	0.1257787223904001	0.14513345895698992	0.16681947364477467	0.19166215612375848	0.2194657408952865	0.25009266301435806	0.2741563534675096
	1	2	3	4	5	6	7	8	9	10	12	14	16	18	20	22	24	26	28	30	32	34	36	38	40	42	44	46	48	50	52	54	56	58	60	62	64	66	68	70	72	74	76	78	80	82	84	86	88	90
GLDS-375_rna-seq_GC3-1S_R2_raw - illumina_universal_adapter	3.58157253256209e-05	4.476965665702613e-05	5.942154429023468e-05	9.116730082885322e-05	0.00010907516349166367	0.00014896085760428694	0.00016198475772269454	0.00019454450801871355	0.0002165223394685264	0.0002511170741580466	0.0003296674717471924	0.0004131018318807411	0.0004765933449579782	0.0005490387893666204	0.0006088673305355554	0.0006804987811867972	0.0007700380945008494	0.0009116730082885322	0.0010529009251975146	0.001245410448822727	0.001486759597891968	0.0017639244722868295	0.002104987856637629	0.002533962566787679	0.0031021302094532107	0.0038750172821049615	0.004819657037568213	0.00587622093467403	0.007341409697994885	0.009303541650208729	0.01176831474761737	0.01483788520677456	0.018627026147473774	0.022708390847079755	0.027264720904128917	0.03288005683955609	0.03959184236620171	0.047540898404096046	0.05724044801728011	0.06797661868051368	0.08032164800524928	0.09463694921977273	0.11040360130374124	0.12761997626964	0.1471554194503727	0.16904452558062888	0.19413588315249852	0.22211040661308065	0.2528850685991204	0.2771339426320806
	1	2	3	4	5	6	7	8	9	10	12	14	16	18	20	22	24	26	28	30	32	34	36	38	40	42	44	46	48	50	52	54	56	58	60	62	64	66	68	70	72	74	76	78	80	82	84	86	88	90
GLDS-375_rna-seq_GC4-1R_R1_raw - illumina_universal_adapter	0.0007238633333036495	0.000741810358096302	0.0008084707358975826	0.0009503376937823592	0.0010221257929529692	0.0011631381306095243	0.0012297985084108048	0.0012964588862120854	0.0013810662888060184	0.001519514765777909	0.0016994123238185444	0.001903239248249383	0.0020946741793710097	0.0023279855016754914	0.0025292485654216657	0.0027403397617923875	0.0029830519066073066	0.003240292595301992	0.0035488104976899703	0.003916724505939346	0.0043679639864403225	0.0049315860269524316	0.005631092683751768	0.00648955870300031	0.007595864588433102	0.009079912614739817	0.010827183671338766	0.012903910825917124	0.015557506634545023	0.019170840959465724	0.023739213389423995	0.029185280793765797	0.03584277237161164	0.0434963238254497	0.052543760871517096	0.06362305751018121	0.07628767467219631	0.0909474027569946	0.10801502333480709	0.12730209264531095	0.14907824337051007	0.17422159779490204	0.2022591236221663	0.23255199223170725	0.26605267786787773	0.3038918430926149	0.34728817635136267	0.395439189249821	0.44804533739799834	0.48909231964936506
	1	2	3	4	5	6	7	8	9	10	12	14	16	18	20	22	24	26	28	30	32	34	36	38	40	42	44	46	48	50	52	54	56	58	60	62	64	66	68	70	72	74	76	78	80	82	84	86	88	90
GLDS-375_rna-seq_GC4-1R_R2_raw - illumina_universal_adapter	0.0007230087130754279	0.0007443742187809667	0.0008195807988644627	0.0009717031994878979	0.0010511828807125017	0.0012135607240745954	0.0012904765446145345	0.0013759385674366892	0.0014767837543668315	0.0016293334651043775	0.0018250414973671118	0.0020498066173893783	0.0022561974025048816	0.002501473408004465	0.0027189742560868486	0.0029591225402171035	0.0032411472155302132	0.003558211320200407	0.003914160645254681	0.004342752689707787	0.004849115174929052	0.005468714840389673	0.006222917191795187	0.007118131880857257	0.008293234694661884	0.009857189712307313	0.01169633244344008	0.01387945981643202	0.01663432812210417	0.020373718930687547	0.0250643020532815	0.03067317461109951	0.03749560789299211	0.04529444478562783	0.054473493346841345	0.06567927377928226	0.07849003100032323	0.09328265253060997	0.11052803411589254	0.13003730468573402	0.15204420287255294	0.17743155137210218	0.2057327275397728	0.23626104402218873	0.2700087149043153	0.30814486065835944	0.35189586131181916	0.4003468459103833	0.45329911525099026	0.4945926554381989
	1	2	3	4	5	6	7	8	9	10	12	14	16	18	20	22	24	26	28	30	32	34	36	38	40	42	44	46	48	50	52	54	56	58	60	62	64	66	68	70	72	74	76	78	80	82	84	86	88	90
GLDS-375_rna-seq_GC4-1S_R1_raw - illumina_universal_adapter	0.00010225163481528242	0.00011532139264881476	0.00013069757833532338	0.00016298756827699153	0.00019220232108135794	0.00022910516672897867	0.00024140611527818557	0.0002590887288176705	0.00027523372378850455	0.0003075237137301727	0.00036787524254971906	0.00042745796208494005	0.0004847342537671847	0.0005481610197240329	0.0006119721903230437	0.000699616448736143	0.0007884139210757302	0.0009033509090823823	0.0010244383713636377	0.001182428679292514	0.0013588704100452006	0.001567986535381718	0.001814389911008019	0.0021572788518171614	0.002596653357809146	0.003153271279660758	0.003835205114857416	0.004629385105565587	0.005620380273061069	0.006942347837458649	0.008659867778641663	0.010702209642452172	0.013186232440107642	0.01589359433485965	0.01906992989305017	0.022927046072510865	0.027503767742100158	0.033001522934311314	0.03935919131104047	0.04649451027886481	0.054785349601030264	0.0644600456349815	0.07540404579735402	0.0877372843365026	0.10147629065204022	0.11711656232771464	0.1352431632288975	0.15602215616100312	0.17863860328264652	0.19675059680742718
	1	2	3	4	5	6	7	8	9	10	12	14	16	18	20	22	24	26	28	30	32	34	36	38	40	42	44	46	48	50	52	54	56	58	60	62	64	66	68	70	72	74	76	78	80	82	84	86	88	90
GLDS-375_rna-seq_GC4-1S_R2_raw - illumina_universal_adapter	0.00010302044409960785	0.00011762782050179105	0.00013223519690397427	0.00016298756827699153	0.0001914335117970325	0.00022910516672897867	0.000242174924562511	0.00026062634738632134	0.00028445943520040976	0.0003194402576372169	0.000382867023594065	0.0004459093849087504	0.0005074141276547849	0.0005777601771705619	0.0006469530127598508	0.0007476670290064824	0.0008545315195277175	0.0009936859999906205	0.0011451414290027306	0.0013377281547262512	0.0015495351125579078	0.0017905568231939306	0.0020711722119727133	0.00245288602164029	0.002926088136142593	0.003535753898612661	0.004258819030520729	0.00511527257325926	0.006165850460289963	0.007538559437453022	0.009325656618867487	0.011451798694669469	0.014017315276463434	0.016779262630402546	0.020033247926309936	0.023973779913119938	0.028618541204372034	0.0342100911292709	0.040682696494006715	0.04795793875157827	0.05639331421919691	0.06621408401716997	0.07731415246426054	0.08980192166955854	0.10368546413054935	0.11949448944413321	0.13786364967452075	0.1587979420820601	0.1815923685530248	0.1998711936925041
	1	2	3	4	5	6	7	8	9	12	17	22	27	32	37	42	47	52	57	62	67	72	77	82	87	92	97	102	107	112	117	122	127	132	137	140
GLDS-375_rna-seq_GC5-1R_S8_L002_R1_raw - illumina_universal_adapter	5.233995175512607e-05	5.5829281872134476e-05	7.32759324571765e-05	0.00018493449620144545	0.0002337851178395631	0.0003175290406477648	0.00033497569123280683	0.0003698689924028909	0.00041523028392400014	0.0005031614028726119	0.0006545983299507767	0.0007550910373206188	0.0008276691037543936	0.00097980389685596	0.001330132640603604	0.002192695045528082	0.0036833368715140724	0.006969587975712588	0.012705348822051005	0.022749036630847996	0.04140508903444513	0.0731475251088706	0.13031950121002991	0.2262816623559482	0.3978708665918833	0.6669694009476184	1.1065293880454714	1.785060335402785	2.7519683660123055	3.9993320026424	5.596835261327796	7.538826823010988	9.793340934490061	12.331790211982389	15.03357991731404	16.72305773068764
	1	2	3	4	5	6	7	8	9	12	17	22	27	32	37	42	47	52	57	62	67	72	77	82	87	92	97	102	107	112	117	122	127	132	137	140
GLDS-375_rna-seq_GC5-1R_S8_L002_R2_raw - illumina_universal_adapter	4.536129152110926e-05	4.8850621638117665e-05	6.629727222315968e-05	0.00016748784561640342	0.0002163384672545211	0.0002791464093606724	0.0002896143997116976	0.0003175290406477648	0.0003594010020518657	0.00043965559474305895	0.0005701565411191734	0.0006622748562081952	0.0007383422527589784	0.0008953621080243567	0.0012596481722400342	0.002147333754006972	0.003668681685022637	0.007031000185771935	0.012774437558367768	0.022811844572954147	0.041391829580000504	0.07296607994278614	0.1296586220858685	0.224618647622182	0.3946376533054633	0.6611485004464249	1.095794115007483	1.7680847443835392	2.7258270026417017	3.9635175183214257	5.546922487602062	7.46125482731375	9.680535776869343	12.183609527769415	14.855631060006848	16.522693416708783
	1	2	3	4	5	6	7	8	9	12	17	22	27	32	37	42	47	52	57	62	67	72	77	82	87	92	97	102	107	112	117	122	127	132	137	140
GLDS-375_rna-seq_GC5-1S_S7_L002_R1_raw - illumina_universal_adapter	8.370033138635202e-06	1.2555049707952804e-05	2.929511598522321e-05	3.766514912385841e-05	6.277524853976401e-05	0.00010044039766362243	0.00011718046394089284	0.00013810554678748085	0.00015484561306475125	0.0001941847688163367	0.00028290712008586984	0.00032643129240677286	0.0003825105144356288	0.0004871359286685688	0.0007373999195137614	0.0013090731828825457	0.002279160023650366	0.004455368639695518	0.008755054663012421	0.01643288606108249	0.030383220293245784	0.05507230704227804	0.10210184924164152	0.1831028449407837	0.32926538562751473	0.5664235785842323	0.9576113063746842	1.5586550160269395	2.430146214434892	3.596611609704685	5.075283426062141	6.902961351204581	9.026719154586477	11.44950225086931	13.99939685541203	15.597364243084511
	1	2	3	4	5	6	7	8	9	12	17	22	27	32	37	42	47	52	57	62	67	72	77	82	87	92	97	102	107	112	117	122	127	132	137	140
GLDS-375_rna-seq_GC5-1S_S7_L002_R2_raw - illumina_universal_adapter	8.370033138635202e-06	1.2555049707952804e-05	3.348013255454081e-05	5.0220198831811215e-05	7.951531481703442e-05	0.00011718046394089284	0.00012973551364884564	0.00015066059649543364	0.00016740066277270405	0.000205902815210426	0.00029546216979382264	0.00034317135868404327	0.0003984135773990356	0.0005038759949458391	0.0007298668896889897	0.0012864740934082307	0.0022691159838840033	0.004426073523710295	0.008736640590107425	0.016356718759520914	0.030273572859129662	0.054508166808734035	0.10053665304471673	0.17968787142022052	0.32332852112228083	0.5556295838486485	0.9382966179039697	1.5277821487950836	2.382506496819722	3.5263736396185137	4.976316991234231	6.75812880878358	8.825411487569161	11.190874922911997	13.688969903369642	15.249292229997797
	1	2	3	4	5	6	7	8	9	10	12	14	16	18	20	22	24	26	28	30	32	34	36	38	40	42	44	46	48	50	52	54	56	58	60	62	64	66	68	70	72	74	76	78	80	82	84	86	88	90
GLDS-375_rna-seq_GC6-1R_R1_raw - illumina_universal_adapter	0.0005975149035758572	0.0006169906175124887	0.0007089159872933898	0.0009418455259755037	0.0010594788381527586	0.0012744907200131711	0.001368753175466468	0.0015089783158102154	0.001643750256251706	0.0018548669953247924	0.0021731001610493525	0.002494059926725041	0.0027752892359700016	0.003065477373625812	0.0033233358261468143	0.0035885950499637367	0.00386592921642137	0.004173255982341417	0.004561991232516584	0.00503213496694687	0.005622249099226807	0.006337397314979919	0.007237175298852299	0.008399485906590471	0.009854321737656851	0.011791765760072962	0.014188836631393578	0.016959062181740054	0.02046040603326768	0.02529116211810978	0.03134966720951714	0.038593853765386626	0.047383243464988456	0.0571896549463612	0.06894441684995456	0.08312468416721602	0.09912632025183127	0.11788182228708621	0.13953180492760336	0.16376037209333053	0.19066568138250833	0.22202430742043633	0.25642114483247885	0.29354847733843714	0.33433724406448206	0.3800728421304315	0.43146652460925117	0.4876356521453329	0.5485420523393608	0.595935812689875
	1	2	3	4	5	6	7	8	9	10	12	14	16	18	20	22	24	26	28	30	32	34	36	38	40	42	44	46	48	50	52	54	56	58	60	62	64	66	68	70	72	74	76	78	80	82	84	86	88	90
GLDS-375_rna-seq_GC6-1R_R2_raw - illumina_universal_adapter	0.0005858294752138782	0.0006123164461676972	0.0007182643299829731	0.0009675534683718574	0.0011015463802558827	0.0013422662045126492	0.001451330202557786	0.001607914942608304	0.0017606045398714956	0.001995871164226005	0.002332411501050999	0.0026712889235483888	0.002963814146876595	0.0032649086843369196	0.003535231593777366	0.0038203560458096525	0.0041163868976464525	0.0044576014058162385	0.004879055855404946	0.005384645389199902	0.006001246492433658	0.006756125164617498	0.007697581176314269	0.00889650612625331	0.010405094927784794	0.012403303177683194	0.014867370504945823	0.01771900453954742	0.02129162950408312	0.026187823987752303	0.03229813447823109	0.03961554971850231	0.0484902430451466	0.058398707267547284	0.0702041060273759	0.08446889794312233	0.10056440696891214	0.11939586428851995	0.14115841655559083	0.16552097663320203	0.19257469086257695	0.2241000290118025	0.25862384807871186	0.2958847839822754	0.33682429273418996	0.38268219828366146	0.4341549521610638	0.4904012035243346	0.5513656413458936	0.5988143232097092
	1	2	3	4	5	6	7	8	9	10	12	14	16	18	20	22	24	26	28	30	32	34	36	38	40	42	44	46	48	50	52	54	56	58	60	62	64	66	68	70	72	74	76	78	80	82	84	86	88	90
GLDS-375_rna-seq_GC6-1S_R1_raw - illumina_universal_adapter	0.00014404341086445647	0.0001513265046722099	0.00016751115757832858	0.00021282818571546094	0.00023629593242933307	0.00026542830766034675	0.0002808037279211595	0.0003034622419897257	0.00031560073166931474	0.0003548485149666526	0.00041999174291378034	0.0004814934239570314	0.0005433997213229354	0.0006206814389496523	0.0006769231077984148	0.0007509678948439079	0.0008513127428618438	0.0009791715008201816	0.0011147179689089256	0.0012680675551944003	0.001461069541099866	0.001672683877847368	0.0019401352671209794	0.0022767760475682483	0.0026886754640289695	0.003209821287605992	0.0038248380980385028	0.004500951973191611	0.00538018324231651	0.006634493842540709	0.008189029754173412	0.009941827663906066	0.012098432663646384	0.014526130599564188	0.017342664821551498	0.020866872991858843	0.02494581014052341	0.02979715984913249	0.03543832061956016	0.04170946900435851	0.04893227498003663	0.05735072218915428	0.06681833952291107	0.07730194844284946	0.0888132828223264	0.10180996372226236	0.11690903103470315	0.134103201665841	0.15293970995062725	0.1675953177734404
	1	2	3	4	5	6	7	8	9	10	12	14	16	18	20	22	24	26	28	30	32	34	36	38	40	42	44	46	48	50	52	54	56	58	60	62	64	66	68	70	72	74	76	78	80	82	84	86	88	90
GLDS-375_rna-seq_GC6-1S_R2_raw - illumina_universal_adapter	0.0001472803414456802	0.00015456343525343361	0.00017398501874077606	0.00021525588365137877	0.0002395328630105568	0.00027675756469462985	0.0002945606828913604	0.0003180284296052325	0.0003358315478019631	0.0003791254943258306	0.00044629180388622324	0.0005098165665427391	0.0005761736434578258	0.000660738454892296	0.0007222401359355472	0.0008076141800153233	0.0009289990768112137	0.0010863948263232178	0.001249859820675017	0.0014355787127727291	0.0016686377146208384	0.0019057428796954773	0.0021897835381978607	0.0025523197632949194	0.0029949700202772664	0.003544034370117343	0.004194657416943315	0.004922966797718657	0.005859653584660276	0.007153211968181814	0.008757920303823483	0.010564532184468983	0.01280003736712663	0.015272647714858914	0.01813935436085519	0.02172506421220579	0.02587561844997993	0.03077835443156594	0.036506507711364	0.04286464860553273	0.05016918707838676	0.05871711151075335	0.06830125834543418	0.07888723519500379	0.09050660213262905	0.10363437872110459	0.11885483093034127	0.13615379718904624	0.15512868425617982	0.1698862553923015
	1	2	3	4	5	6	7	8	9	10	12	14	16	18	20	22	24	26	28	30	32	34	36	38	40	42	44	46	48	50	52	54	56	58	60	62	64	66	68	70	72	74	76	78	80	82	84	86	88	90
GLDS-375_rna-seq_GC7-1R_R1_raw - illumina_universal_adapter	0.00015816075198709717	0.00018304899214750331	0.00029705318901129926	0.0005234558898253165	0.0006302344685780268	0.0008638627875031297	0.0009545844371200941	0.0010742085591814012	0.0012034668387241555	0.001419432535599938	0.001723711342722323	0.0020432442325236666	0.0023053736006647184	0.00256750296880577	0.00281397683103947	0.003082127547606427	0.0033767721972473635	0.0037954566244619383	0.004237423598923345	0.004809853122612686	0.0055328163569496455	0.006413538920045308	0.00754836238671415	0.009074974924295192	0.011067238406812865	0.013674080852001213	0.01692400330907618	0.020624724051637223	0.025444211331731352	0.03211867535023254	0.040883350118979436	0.05131272701587479	0.0639511359386204	0.07801419589893506	0.09447656249535855	0.11464245979694182	0.1374304536263924	0.16367831426136786	0.19374611833773725	0.22767922668030907	0.26490721688153596	0.3068744097171783	0.353323894321064	0.40317263082298715	0.45742859294944416	0.517207335852141	0.5837829768579991	0.6566240316126252	0.7343435828619193	0.7949729415855823
	1	2	3	4	5	6	7	8	9	10	12	14	16	18	20	22	24	26	28	30	32	34	36	38	40	42	44	46	48	50	52	54	56	58	60	62	64	66	68	70	72	74	76	78	80	82	84	86	88	90
GLDS-375_rna-seq_GC7-1R_R2_raw - illumina_universal_adapter	0.0001388924370242021	0.00016779490946854472	0.00029625034255451196	0.0005338928937635513	0.0006430800118866235	0.0009040051103424944	0.0010123893820087793	0.0011464647402922576	0.0012893714096003962	0.0015262111143526484	0.0018521667758082901	0.0021917708270293157	0.002478788435330774	0.002766207466860626	0.003031548220828827	0.003314551596846348	0.003624851752394638	0.004074445768195523	0.004540096713132154	0.0051466472112349565	0.0059021257270718015	0.006816969264580924	0.00794777849896583	0.00948402519402832	0.011498366954107643	0.01412608340717246	0.017400492681179443	0.021120080315474982	0.025952814562106106	0.032638117007773915	0.04138633342415668	0.051822133092706335	0.06442120253906936	0.07840518212339047	0.09477522137728342	0.11482510736586093	0.1374192137759974	0.16347639837748584	0.19339688012903478	0.22713128397355176	0.2641027647318351	0.3057969897721697	0.35184625541734693	0.4012409822479569	0.4550634072877488	0.5144286842652002	0.5804094160465788	0.6524600684644979	0.7294799390267018	0.7896099272542432
	1	2	3	4	5	6	7	8	9	10	12	14	16	18	20	22	24	26	28	30	32	34	36	38	40	42	44	46	48	50	52	54	56	58	60	62	64	66	68	70	72	74	76	78	80	82	84	86	88	90
GLDS-375_rna-seq_GC7-1S_R1_raw - illumina_universal_adapter	0.00012538947055443412	0.00013604347785644487	0.0001663664217160139	0.00023111000455130996	0.00027536511180581614	0.0003573190141289757	0.0003925591921279343	0.00043845337742890367	0.0004892647968692626	0.000569579621145959	0.0007220138794670357	0.0008842826060668917	0.0010121306936910206	0.001141208089849997	0.0012620900957766572	0.0013899381834007862	0.0015255718917456152	0.0017095584024611086	0.0019132138497341602	0.0021799738017960445	0.002482383701368503	0.0028269998606373892	0.0032306228295789496	0.003786270287329972	0.004528772642377797	0.0054835356044426065	0.00664851032596632	0.008035170353274178	0.009836926895848842	0.012247191163172966	0.015388894008731287	0.019209584935036987	0.02397971181975649	0.02904528252235098	0.03480459300811102	0.042023092724734916	0.05056268934680814	0.060613106158208814	0.07229481539535199	0.08519354008199406	0.09997187751841781	0.1168318440738498	0.13577057136170875	0.15665078659560333	0.179705648627643	0.20563586332269068	0.23488398175329145	0.268167100564773	0.30363265179512033	0.33125029733900185
	1	2	3	4	5	6	7	8	9	10	12	14	16	18	20	22	24	26	28	30	32	34	36	38	40	42	44	46	48	50	52	54	56	58	60	62	64	66	68	70	72	74	76	78	80	82	84	86	88	90
GLDS-375_rna-seq_GC7-1S_R2_raw - illumina_universal_adapter	0.00012620900957766574	0.00013768255590290807	0.00017456181194832986	0.00024094447283008912	0.0002868386581310585	0.000376987950686534	0.00041468674575518736	0.0004622200091026199	0.0005212268187752948	0.0006072784162146124	0.0007703666818376999	0.000936323334042098	0.0010731863509217746	0.001208000520243372	0.0013387169944488113	0.0014804972454678775	0.0016280142696495647	0.001837816259596853	0.0020599113348926156	0.002350847688139832	0.0026844000705950914	0.0030507340139796146	0.003475664997525197	0.004051391161345393	0.004812333144415929	0.005794550663758996	0.006986160403537737	0.00840969968689102	0.010261857879394425	0.012700396243020037	0.015901925437274266	0.01977670593911325	0.024630016034690762	0.029772213635957407	0.03557741830701841	0.04284263174796651	0.05144205471873564	0.06156909842880847	0.07335161096580911	0.08634704125719253	0.10119995674473035	0.1181803955365774	0.13722033589380545	0.15820668143120853	0.1814106995654763	0.20751055883833294	0.23692299484309168	0.2702880675568964	0.3058888427260769	0.33358680309423516
	1	2	3	4	5	6	7	8	9	10	12	14	16	18	20	22	24	26	28	30	32	34	36	38	40	42	44	46	48	50	52	54	56	58	60	62	64	66	68	70	72	74	76	78	80	82	84	86	88	90
GLDS-375_rna-seq_GC8-1R_R1_raw - illumina_universal_adapter	8.457100517868764e-05	0.00011256281675191523	0.00018462684229150119	0.00028944724307635345	0.0003513865708128571	0.00048419878317093693	0.000574725492939673	0.0007003908597896948	0.0009350456206376027	0.001047012866930513	0.0012873255471389671	0.0018150009738172575	0.0022852038512015805	0.002678578139374279	0.0031091755812347804	0.0036800298661909215	0.0042553509295895995	0.004848836891987925	0.0055233204368109095	0.0063261494155494365	0.007293058055743798	0.00848241226237647	0.009919225994725653	0.011695217103478091	0.013851777735534627	0.016465438694877377	0.019546026894079926	0.023095329044519282	0.027507910575286162	0.033302215570944274	0.04078406946219261	0.04999724667776802	0.06084943379652476	0.072563113584232	0.08561146677056909	0.1012308976284301	0.11918585804127858	0.1402312335659032	0.16352458978804157	0.18919724999390436	0.21830962738574955	0.2523190828767621	0.2890556554995578	0.32665997428112353	0.3679309225935526	0.41396167001434836	0.46378084112487394	0.5180131893366253	0.5752236876286305	0.619864373598109
	1	2	3	4	5	6	7	8	9	10	12	14	16	18	20	22	24	26	28	30	32	34	36	38	40	42	44	46	48	50	52	54	56	58	60	62	64	66	68	70	72	74	76	78	80	82	84	86	88	90
GLDS-375_rna-seq_GC8-1R_R2_raw - illumina_universal_adapter	8.635771655570216e-05	0.0001191140918009685	0.0001947515400945835	0.0003055276454694842	0.00039307650294319606	0.0005360134131043582	0.0006408338138892105	0.0007778150194603243	0.001032123605455392	0.0011634468916659597	0.0014153731958250083	0.0019555556021424005	0.0024340964659527913	0.0028355109553220553	0.0032759353097561363	0.0038551275811383456	0.004454569248126719	0.005075451451639268	0.005780904660330504	0.006615298873396288	0.00761913288204895	0.00884898587989395	0.010326893973914467	0.012153508571682318	0.014363372759819786	0.017015745798997853	0.02015440211795337	0.023758496750621177	0.02821872391810844	0.03407794609379808	0.04162948172874999	0.05088166880939021	0.06181902250378464	0.07361012645116252	0.08674632628020282	0.10244675472048848	0.12051010895687586	0.14165047796971175	0.1650602682165856	0.19087705647352748	0.22015857587573007	0.25434551136352607	0.2912604573387937	0.32905863430476556	0.3705782332838291	0.41685108009621036	0.46691651959153446	0.5212897202168405	0.5786851431363667	0.6234568546068262
	1	2	3	4	5	6	7	8	9	10	12	14	16	18	20	22	24	26	28	30	32	34	36	38	40	42	44	46	48	50	52	54	56	58	60	62	64	66	68	70	72	74	76	78	80	82	84	86	88	90
GLDS-375_rna-seq_GC8-1S_R1_raw - illumina_universal_adapter	0.0003257341787303936	0.0003721492270991011	0.0004898445283197522	0.000622458952230345	0.0006796489225417882	0.0007807674207736152	0.000820551747946793	0.0008901743204998543	0.0009448777703629738	0.0010683749526297134	0.0012577649267770286	0.0014330646183838436	0.0015760395441624514	0.0017459517747978985	0.0018843680797545797	0.0020418477081484087	0.0021993273365422377	0.002404465273528936	0.0026448289168668855	0.002934922969171307	0.003320748058736188	0.003777853401153013	0.004330275360755576	0.0050733305547296164	0.006105236540783917	0.007471165107063023	0.00908616013824921	0.011006168344429763	0.013538689421047363	0.017212937803520227	0.021814243893143077	0.02741554562306674	0.03445529943234561	0.042058664543244514	0.05054805977389605	0.06080951524405289	0.07297771747799922	0.08703981945341871	0.10286237790625131	0.12070233328282381	0.14065500220032195	0.16344686304973094	0.18902942868230843	0.21692404391175218	0.24731263915086454	0.2817542627207444	0.3208440218486905	0.3641476042963957	0.41001934794714445	0.44570050196051364
	1	2	3	4	5	6	7	8	9	10	12	14	16	18	20	22	24	26	28	30	32	34	36	38	40	42	44	46	48	50	52	54	56	58	60	62	64	66	68	70	72	74	76	78	80	82	84	86	88	90
GLDS-375_rna-seq_GC8-1S_R2_raw - illumina_universal_adapter	0.0003033554946954811	0.0003431398218686589	0.00046415048368707486	0.0005909630265515792	0.0006498106771619048	0.0007509291753937318	0.0007973442237624393	0.0008661379561660593	0.0009365893688685617	0.0010580144507616983	0.0012498909453573374	0.0014322357782344023	0.0015789404846854958	0.0017579699569647959	0.0019100621243872571	0.0020870194962929545	0.0022660489685722546	0.0024960521100421892	0.002759208857489772	0.0030679518131566203	0.0034736690663080905	0.003958540553731195	0.004522980695500656	0.005288414573509609	0.006347257864420749	0.007743439096154459	0.009384542592048045	0.011353037946970908	0.013923685670462805	0.01764144816078133	0.022289583718847608	0.0279518051997552	0.035052478760018005	0.0426939705177912	0.051243871079351945	0.06153723689526227	0.07375392627795091	0.08785705584076774	0.10377037228996416	0.1216998424026763	0.14169726868824428	0.16450529192056734	0.1901508494045024	0.21809353736261375	0.24850989874673235	0.28298799128318763	0.32210675981636416	0.36537387329749393	0.4112510044092141	0.4469578524672159
	1	2	3	4	5	6	7	8	9	12	17	22	27	32	37	42	47	52	57	62	67	72	77	82	87	92	97	102	107	112	117	122	127	132	137	140
GLDS-375_rna-seq_GC9-1R_S12_L002_R1_raw - illumina_universal_adapter	2.2501223644668326e-05	2.812652955583541e-05	5.906571206725436e-05	0.00012094407709009226	0.00015469591255709475	0.00022501223644668327	0.00024188815418018451	0.0002728273366916035	0.00030095386624743887	0.0003746453736837277	0.000510777776733971	0.0005985325489481775	0.0006997880553491849	0.0009259253529781016	0.001308446154937463	0.0022084951007241963	0.003708764187232457	0.007181265526195896	0.013353913702519534	0.024892541187505453	0.04578492734157999	0.0825704902864749	0.1485963933576163	0.26160203874586957	0.46475321136057535	0.7847138612206654	1.2998737512594356	2.108600918353692	3.2393149704972393	4.70303756956183	6.547726698562526	8.77861670464967	11.320525374320514	14.163296780283034	17.154949782612867	18.997178402808018
	1	2	3	4	5	6	7	8	9	12	17	22	27	32	37	42	47	52	57	62	67	72	77	82	87	92	97	102	107	112	117	122	127	132	137	140
GLDS-375_rna-seq_GC9-1R_S12_L002_R2_raw - illumina_universal_adapter	1.9688570689084787e-05	2.5313876600251866e-05	5.625305911167082e-05	0.00011813142413450872	0.0001518832596015112	0.00021938693053551617	0.00023626284826901744	0.0002615767248692693	0.00028689060146952115	0.0003515816194479426	0.000478151002449202	0.0005636556522989416	0.0006660362198821825	0.0009022990681511998	0.0013078836243463465	0.002220308243137647	0.0037256401049659575	0.007191953607427115	0.013353351171928419	0.024948794246617126	0.045822054360593695	0.08245517151529598	0.14789379264931152	0.2601523974125618	0.46211494288823796	0.7797523414070162	1.2898865831447497	2.092433789164997	3.2145062463678102	4.668599446773665	6.4986301536310425	8.701407130896538	11.205037843964252	14.009046954484694	16.96733851757776	18.783782423067894
	1	2	3	4	5	6	7	8	9	12	17	22	27	32	37	42	47	52	57	62	67	72	77	82	87	92	97	102	107	112	117	122	127	132	137	140
GLDS-375_rna-seq_GC9-1S_S11_L002_R1_raw - illumina_universal_adapter	2.299284848834897e-05	2.7591418186018766e-05	3.218998788368856e-05	5.058426667436774e-05	6.897854546504691e-05	7.81756848603865e-05	8.73728242557261e-05	0.00010116853334873547	0.00011036567274407507	0.00014807394426496738	0.00020141735275793697	0.0002501621915532369	0.0003108633115624781	0.0004009952776368061	0.0005876972073621997	0.0011330875735058375	0.0021594883300257352	0.004527751724325679	0.00870693186556799	0.01673603455769945	0.031702539495735566	0.0591661174441591	0.11023783250647985	0.19905000907757658	0.35750292515018467	0.6175557204091697	1.046806449696338	1.711347596134479	2.677597221580977	3.977604597686772	5.64038945838598	7.669338190403963	10.038644540311338	12.734400593914474	15.57804480956679	17.352081947247783
	1	2	3	4	5	6	7	8	9	12	17	22	27	32	37	42	47	52	57	62	67	72	77	82	87	92	97	102	107	112	117	122	127	132	137	140
GLDS-375_rna-seq_GC9-1S_S11_L002_R2_raw - illumina_universal_adapter	2.7591418186018766e-05	3.218998788368856e-05	4.1387127279028146e-05	6.437997576737712e-05	8.73728242557261e-05	0.00010116853334873547	0.00011036567274407507	0.00012416138183708446	0.00013335852123242404	0.00016646822305564656	0.00021797220366954827	0.0002593593309485764	0.00031914073701828373	0.00042214869824608715	0.0006401209019156354	0.0011965478353336805	0.002211912024579171	0.0045902922722139885	0.00878142869467024	0.016746151411034322	0.03160413010420543	0.058953663524126766	0.10973198983973616	0.19768699301918727	0.3546453739400527	0.6124319940520261	1.0372956878476174	1.696453748597666	2.65671327715598	3.9493224743321633	5.599029002811198	7.604695176449878	9.944923850444948	12.61215497621344	15.429909244467876	17.183640937791836
	1	2	3	4	5	6	7	8	9	10	12	14	16	18	20	22	24	26	28	30	32	34	36	38	40	42	44	46	48	50	52	54	56	58	60	62	64	66	68	70	72	74	76	78	80	82	84	86	88	90
GLDS-375_rna-seq_Plantctrl_rep1_R1_raw - illumina_universal_adapter	0.0006112470521927228	0.0007938081427508878	0.0011434089356011392	0.0020007808588702546	0.0022202976357762264	0.0029379770646506325	0.0034331832617112423	0.004198165969110841	0.004849325162559195	0.005873367231256919	0.006717804664304302	0.00768345674857249	0.008693455656458047	0.009904493498075673	0.010949969864855125	0.011813254697939889	0.012874622009848898	0.014409761220736787	0.01619656865565324	0.0196800116507975	0.023103586434058312	0.02578656926290908	0.026986520398622364	0.02847842145648332	0.030311793056198008	0.0326000891548542	0.03534404886617885	0.038424305323268536	0.04259290674330113	0.04827521307613989	0.05544868135311265	0.0636920167498544	0.07294609016820869	0.08360374055405265	0.09644768934423287	0.11158178201738668	0.1289006948674228	0.14790589568550935	0.16916021957472344	0.19355318990545672	0.22188378861654878	0.2535755070009739	0.28761206368416736	0.3241653026076464	0.3645800411976079	0.408091296746652	0.45591084621012345	0.511708019685496	0.5704047363117173	0.6159988143433238
	1	2	3	4	5	6	7	8	9	10	12	14	16	18	20	22	24	26	28	30	32	34	36	38	40	42	44	46	48	50	52	54	56	58	60	62	64	66	68	70	72	74	76	78	80	82	84	86	88	90
GLDS-375_rna-seq_Plantctrl_rep1_R2_raw - illumina_universal_adapter	0.0006186381894622841	0.0007627653662187302	0.001087236292352473	0.0018477843173903348	0.0020769095727467364	0.0027450683819150814	0.00316784143373399	0.0036127878973615827	0.004292772526161226	0.005323836175265033	0.006142774184732429	0.006913669801947677	0.007747020529090718	0.008657608640700674	0.009564131626812373	0.010426677346170182	0.011173921324122833	0.012429675546221305	0.013195766924211337	0.014030965435671769	0.014924184374698257	0.0159596827061638	0.01706465772796322	0.018407627369842517	0.020116827863428575	0.022505273872087322	0.0252858197128963	0.028451813362312898	0.032638153511792445	0.038221049048355604	0.04525482483093365	0.05354731129051799	0.06292333847382003	0.0738034620914778	0.08686988411347182	0.10221573286939856	0.11983398677885192	0.1391063772092331	0.1607952999698974	0.18562139094462698	0.214424283327244	0.24657573044983583	0.2811426012321203	0.31822245868605564	0.3591797067516029	0.40333879548232404	0.45175924440581083	0.5082301200433038	0.5676770371023856	0.6138790361744135
	1	2	3	4	5	6	7	8	9	10	12	14	16	18	20	22	24	26	28	30	32	34	36	38	40	42	44	46	48	50	52	54	56	58	60	62	64	66	68	70	72	74	76	78	80	82	84	86	88	90
GLDS-375_rna-seq_Plantctrl_rep2_R1_raw - illumina_universal_adapter	0.0006504947981976359	0.0008603967279253266	0.00116887879717369	0.0019447782626527256	0.0021184670799034347	0.0027582320669967794	0.0032464384722420154	0.003963994589841469	0.004519932927682542	0.005358199420205268	0.0061300752065201955	0.006970688845221985	0.007837121091893474	0.008934579583904229	0.009952905719020837	0.01073417009005202	0.011743442947049381	0.013084334028488735	0.014738401471534579	0.018062295767685695	0.021612857323414954	0.024442509695574672	0.025661349175702716	0.027154804758781206	0.029033527621823138	0.031111422603488474	0.0337090428105179	0.03661715692637774	0.0405140901968174	0.04568049424353346	0.05242619236216235	0.060197258054445035	0.06894272471763613	0.0789117251533134	0.09106591868169893	0.10532080804034641	0.12187053574892409	0.14023594868030598	0.160964937814005	0.18489744617552883	0.2124744019399445	0.2436156668305668	0.2766909801727375	0.3121781538671946	0.3512822798235888	0.39357483621094236	0.4392700839447442	0.4918853892276197	0.5474399921398769	0.59023148474358
	1	2	3	4	5	6	7	8	9	10	12	14	16	18	20	22	24	26	28	30	32	34	36	38	40	42	44	46	48	50	52	54	56	58	60	62	64	66	68	70	72	74	76	78	80	82	84	86	88	90
GLDS-375_rna-seq_Plantctrl_rep2_R2_raw - illumina_universal_adapter	0.0006270233364069995	0.0007792525314491266	0.0010588982333547081	0.0017107342579403804	0.0018871055279671622	0.0024316434415099252	0.002845411782219143	0.0032162608785111972	0.0037755522823223605	0.004610465708874996	0.005337075104593695	0.005989246435776377	0.0066508063516753126	0.0073841218793341944	0.008182151580215829	0.008959056965485893	0.009669571644548156	0.010729475797693892	0.011452732127442501	0.012237684871040782	0.013051138675384835	0.014007433090054762	0.015064990097021433	0.016295565308044796	0.01797981034482146	0.02014454973511215	0.022741164022350546	0.025708627405880997	0.029573706549604784	0.03457111607142827	0.041089811623882005	0.04885350057103049	0.057609026432131866	0.06771919094514997	0.07996056418875785	0.09428352078659816	0.11098111870445686	0.12945584158646373	0.15039573856968144	0.17454519029947016	0.20233037146062846	0.23368556196014256	0.26696373579350374	0.30261856278646543	0.34191951371530394	0.38440185363656465	0.43023994198069243	0.4830182062697143	0.5388179183043851	0.5818293720357263
	1	2	3	4	5	6	7	8	9	10	12	14	16	18	20	22	24	26	28	30	32	34	36	38	40	42	44	46	48	50	52	54	56	58	60	62	64	66	68	70	72	74	76	78	80	82	84	86	88	90
GLDS-375_rna-seq_Plantctrl_rep3_R1_raw - illumina_universal_adapter	0.000257458304542889	0.0003573927780167736	0.000508705992090226	0.0009027978705352623	0.0010151535780002512	0.0013510914973051172	0.0016621869486277748	0.0020432929915366565	0.0022917176713587424	0.0027236378533221422	0.0030863943460168923	0.003564611854674408	0.004035489543246271	0.004615899931557872	0.005127428931373348	0.005540152660805041	0.006136089591605522	0.006839583116738065	0.007872239342634871	0.010051319005756102	0.012293069440377901	0.014086243947457323	0.014908303797050406	0.01595281665539327	0.01721893562016833	0.018647095228372802	0.02040357063502396	0.0224028247060467	0.024940708651047326	0.02830629846109154	0.03268788875145358	0.03770296197536194	0.043262311088698685	0.04973942001351453	0.057569878841815685	0.06694847510664448	0.07786306987478234	0.08992098277164683	0.10347283135671415	0.1190106658764955	0.13704375692462623	0.15793175568530327	0.1805880864850775	0.20415314347161	0.2302902427966187	0.25899035083538274	0.29024217555700116	0.3258383268670083	0.36358165785284136	0.3931636735049738
	1	2	3	4	5	6	7	8	9	10	12	14	16	18	20	22	24	26	28	30	32	34	36	38	40	42	44	46	48	50	52	54	56	58	60	62	64	66	68	70	72	74	76	78	80	82	84	86	88	90
GLDS-375_rna-seq_Plantctrl_rep3_R2_raw - illumina_universal_adapter	0.0002495538829121863	0.00031504766213800897	0.0004375661974139013	0.0007633412889078641	0.000876261597917903	0.001165337588983603	0.0014148914718957893	0.0015978223724920527	0.001859232887850293	0.00229764598758177	0.0026389476215646127	0.0029974696026714865	0.0033255031003456502	0.0036724507497789952	0.004074447049854735	0.004503544224092883	0.004879004251551263	0.00536060936947908	0.005750466736336239	0.006206382483964271	0.006722992897685201	0.0073581696358666696	0.0080963861560198	0.009007370748958292	0.010174966744122094	0.011658739604514008	0.013410980499577289	0.015437053143989913	0.01799300433843215	0.02128491364684731	0.025558100440559714	0.03061015506566886	0.03621213159565689	0.04281599356733651	0.0507492098768368	0.060216166283465954	0.07130211762052655	0.0835025924075162	0.09725939135343674	0.11299878862480103	0.13127296453266818	0.1524432640658703	0.17538330714203226	0.199249014451304	0.225743788855102	0.25478576312939394	0.286332027556756	0.3222231831740519	0.36029257155215144	0.39021871184599194

