Sample	0.0	1.0	2.0	3.0	4.0	5.0	6.0	7.0	8.0	9.0	10.0	11.0	12.0	13.0	14.0	15.0	16.0	17.0	18.0	19.0	20.0	21.0	22.0	23.0	24.0	25.0	26.0	27.0	28.0	29.0	30.0	31.0	32.0	33.0	34.0	35.0	36.0	37.0	38.0	39.0	40.0	41.0	42.0	43.0	44.0	45.0	46.0	47.0	48.0	49.0	50.0	51.0	52.0	53.0	54.0	55.0	56.0	57.0	58.0	59.0	60.0	61.0	62.0	63.0	64.0	65.0	66.0	67.0	68.0	69.0	70.0	71.0	72.0	73.0	74.0	75.0	76.0	77.0	78.0	79.0	80.0	81.0	82.0	83.0	84.0	85.0	86.0	87.0	88.0	89.0	90.0	91.0	92.0	93.0	94.0	95.0	96.0	97.0	98.0	99.0	100.0
GLDS-375_rna-seq_FL1-1R_S2_L002_R1_raw	0.007084246341152388	0.009537110751298957	0.011857882214751633	0.010347958224081459	0.008260889666317975	0.006381105424904906	0.004505385581851648	0.003499446987798168	0.003007654786260911	0.0026865673158357594	0.002326868060992394	0.002074875362684047	0.0019834263995882765	0.001857430050434103	0.0018127216684761707	0.0017822386807775806	0.0017172083070205876	0.0017639488881584261	0.0021846141183989726	0.003192584911632359	0.0046313819310058214	0.006911509410860377	0.008923386598967338	0.011874139808190881	0.01980987760572389	0.033364646135697056	0.05064037136407813	0.07470567405252523	0.11390273183455256	0.16904239218294262	0.24182560581127677	0.34269584430509203	0.472549307502727	0.634903732184599	0.8428342878742232	1.1063983283129546	1.5504887185002778	1.88084911378334	2.0926449123131454	2.4513565183550767	2.773181677082534	3.0576143708997203	3.3994465305533526	3.637280897175294	3.761446234868372	3.8750908774070765	4.0368579965259554	4.203197563799623	4.173714418097547	4.1455074934804514	4.197525695888506	4.0969440296782365	3.9093537555802924	3.8886476781362296	3.7584467088788305	3.510888269181039	3.3850910755464967	3.319865610668233	3.150676900144337	2.7410587046457597	2.3547295117489058	2.0609446373057914	1.8389289091002385	1.6538301111968585	1.5993631087770175	1.5363039682245336	1.0882365642421346	0.691274905236012	0.5691722497105386	0.420002733307897	0.3014422009529998	0.24643666575048354	0.15783684590494085	0.09469641738526077	0.06462596612019136	0.046206112753523196	0.03242780231376038	0.014302617828178574	0.004804118861297833	0.0019244926233710018	0.0006746901277287989	0.00034344166140411756	0.0002418317024088165	0.00017273693029201177	0.00013006074751398535	9.144896309577094e-05	7.519136965652276e-05	4.267618277802644e-05	4.064398359812042e-05	3.4547386058402355e-05	3.4547386058402355e-05	3.86117844182144e-05	2.032199179906021e-05	2.2354190978966233e-05	3.657958523830838e-05	3.251518687849634e-05	1.828979261915419e-05	6.299817457708666e-05	0.00017883352783172986	0.0001442861417733275	2.032199179906021e-05
GLDS-375_rna-seq_FL1-1R_S2_L002_R2_raw	0.015433832184927502	0.0199667320146162	0.027773166775170752	0.03364274308066981	0.03773008408508839	0.04030781482306666	0.04287130395475776	0.04492006074492675	0.04629946203959862	0.047428617966653035	0.04819156116060872	0.04867374125918871	0.04943464993796052	0.04971134400296844	0.049074540750413426	0.049105058478171655	0.049937175188379326	0.05066553162420901	0.0515851324873236	0.05361354412565377	0.05631334577466496	0.05982491898204498	0.06384512098539546	0.07048577854558573	0.08168171560248738	0.09724575675918333	0.12099872153100359	0.14966910950226622	0.19044282830244183	0.24530556475099904	0.31854404234037687	0.40868730659262875	0.5147404795828364	0.6578462431019	0.8448242920461911	1.1215387022059577	1.4282886600253717	1.7224592104628442	2.0381122067269253	2.5343853919856665	2.802331041702902	2.912194861632521	3.3281982848263882	3.5945203914268866	3.659901571376113	3.760471725945759	3.8205977531750186	3.936056489860312	3.9571299981349597	3.9072050300376837	3.8052534396581823	3.817629395521735	3.8629543247882543	3.797796941509255	3.585908288653515	3.346681855271955	3.120315592367712	2.7926833707009346	2.7085744784840764	2.573909918462938	2.384016409260145	2.1883977743299075	1.9262443893411831	1.7880662215974814	1.6545531971704206	1.4080248887939086	1.0855196453905138	0.8726198384883844	0.7609046097414337	0.5756009667934773	0.5350510446635287	0.4580202307713952	0.27113780404074656	0.1811003345780565	0.12594259342783642	0.08143960829560545	0.06456533936048962	0.049078609780781185	0.03687965673822579	0.03173640235337254	0.028672422486446518	0.028481178059161623	0.028405900997358	0.028808735003766597	0.029319398314920937	0.029498435651102536	0.029697818139122957	0.03044041618123982	0.031048736221220487	0.03141901798468698	0.0321778921482749	0.032865558280426956	0.03381974590166753	0.0351442152863746	0.036564306884724104	0.03846250955128584	0.04033019449008936	0.043052375806123235	0.0483950126789969	0.06018299365440818	0.152393325333484
GLDS-375_rna-seq_FL1-1S_S1_L002_R1_raw	0.0064531387167543405	0.006881604597885474	0.007786814205908995	0.007939694050819634	0.007187364287706752	0.006431011370780434	0.00583357302948491	0.005658565838600362	0.00547551234008894	0.004954513921248736	0.0044757586174496294	0.004129767389493972	0.003974875967676614	0.0040191306596244316	0.004165975773814913	0.004703066807908869	0.005439303955767999	0.007000287635381891	0.013427275852348887	0.02359378553890638	0.039581798793508476	0.062306583108712274	0.11064276460026154	0.1332227153781816	0.1385151742197591	0.16906499270209957	0.24900505897511002	0.34466157562031546	0.490273593166979	0.631015583022476	0.7274767304303691	0.9051009828705577	1.089327230718598	1.2350901165332653	1.5402966227051955	1.9011654734629453	2.4541198030432865	3.2337305721650904	3.5162002245603765	3.4053261286158425	3.630572452745695	4.014510067469698	4.3432298961042655	4.687859286494073	4.72054539965135	4.428890887099985	4.09927992989574	3.929518931583916	3.760437846266563	3.5444970769071915	3.271676958933436	2.893452222624515	2.6516063658604176	2.710714541687447	2.7711282309269367	2.660030849945757	2.474977843989055	2.3872610213946692	2.229056532411945	1.9268392295233991	1.6911065549788207	1.4853001100755	1.352487756386289	1.1933901272569818	1.144585248346167	1.1073127398415716	0.7425454530386005	0.4284940432078271	0.3450900415014466	0.24760902460184706	0.1844937875766338	0.1418382992696588	0.08951114919517915	0.06647859361324734	0.051731723310090835	0.03400369603117687	0.02110546490529506	0.011337247446267915	0.0053548177256858035	0.0020115769067189345	0.0005954267643888046	0.0003218523050750295	0.00020316926757861238	0.0001408103834703254	0.00010460199914938459	8.649780698891418e-05	6.437046101500591e-05	5.2300999574692295e-05	4.023153813437869e-05	3.821996122765975e-05	2.6150499787346148e-05	1.2069461440313605e-05	1.810419216047041e-05	2.413892288062721e-05	2.6150499787346148e-05	3.2185230507502955e-05	7.04051917351627e-05	0.00010460199914938459	0.00023736607499283427	0.00022529661355252066	4.827784576125442e-05
GLDS-375_rna-seq_FL1-1S_S1_L002_R2_raw	0.034345893231781985	0.044733146404451606	0.06331566202979631	0.07871606049216825	0.09231567908981608	0.1028723225297162	0.11162213645249108	0.11896439791661265	0.1228865892233186	0.1246510711736362	0.12565733002301732	0.12762548360417156	0.12951095860251094	0.12870837138396649	0.1272584713585055	0.12718184242809172	0.1281074392454583	0.12940609796089206	0.1344414253093984	0.14319325578297362	0.157373641011126	0.17914835655344527	0.19269957793188439	0.20935225444128175	0.24061080839770801	0.31529175073835003	0.4624959260632455	0.5614561400402576	0.6316865547644985	0.7777473457855882	0.949559490527313	1.0929463351871216	1.2178313262536	1.3793146977958657	1.6961511264472935	2.133631739832037	2.409304316995655	2.7093348112768587	3.0701945604510104	3.380547778279271	3.665601349766179	3.8262034886086855	4.066116570429468	4.184490118961575	4.1341529778829145	3.992879478461887	3.7924141633978046	3.68455491073879	3.4750594811906828	3.207525703057329	2.9355958441791836	2.7298693480769547	2.6014453103558393	2.5484866532367074	2.4755843087019853	2.3196061208447105	2.092988158450721	1.8945736755506082	1.853454188180407	1.8248292495692546	1.7821328194731696	1.6227648097204845	1.400234395798831	1.2655872823077956	1.1173042523047059	0.9396703254023331	0.6977749741447938	0.5078985673334176	0.41544777933997734	0.31111950713239905	0.31303119729114315	0.27652154505057164	0.17260666575706782	0.12837160740030584	0.10262025367967081	0.08018007637323177	0.0700953058206166	0.06129507812783262	0.052498883536649374	0.048794479716382615	0.04731634797971656	0.04758253268536448	0.04719737148249515	0.046757763408016025	0.04704814672326829	0.04648956215156775	0.0461165002535006	0.04656215798038082	0.046662985520398964	0.046834392338429814	0.04691102126884361	0.047096543942477004	0.04790518081342255	0.048794479716382615	0.0504944320410886	0.05268642276108314	0.05589072198285989	0.0611660188766094	0.07086966132795597	0.09679443841742223	0.3192502399594625
GLDS-375_rna-seq_FL10-1R_R1_raw	0.0036447678319574046	0.00408600206911518	0.005176456250514514	0.006890521487096837	0.007557044734756347	0.0058599367355236165	0.003633001585633197	0.0024560308871441035	0.0019365857185371853	0.0014486325621509396	0.0011240225900301605	0.0009835197662763904	0.0009347244506377659	0.0008869673332042185	0.0008921583242296039	0.0011911594072918142	0.0014192169463404212	0.001687764215387036	0.0028055576161867338	0.0035336806240141533	0.0043801582272203635	0.006238186948240046	0.008480349005138265	0.012585730774081549	0.019603604574334514	0.030626500983706645	0.05040348465828904	0.07554933731739356	0.11350067270398764	0.1689418411193792	0.2459273526204628	0.34240780395041615	0.45226267062424125	0.6011164146735833	0.8111411430321377	1.037013966991194	1.2946373145239873	1.6290755629861633	1.9804468241731468	2.368265417613636	2.804201383264835	3.187352583641365	3.4663738883129347	3.6888974848624128	3.894901271572703	4.083478901410775	4.192241929638927	4.182821665192125	4.061098462703927	3.858791353735848	3.6353250732161597	3.4982528023980333	3.4057022773403647	3.237852620732727	2.9976184010028386	2.8220002532926767	2.743836732894899	2.613517941400799	2.607627204785191	2.7374092478072662	2.608626643590612	2.221108781563527	1.8490887962757643	2.3089417339773246	3.0542773759127857	3.0716533532050927	1.9653590357248292	0.8823850723930764	0.7251734867267952	0.5754902223115965	0.4995387562227697	0.39583452178188977	0.2640466798276054	0.20567606214355452	0.13713387057829482	0.07817286418162345	0.056874574070534714	0.03709066907458514	0.016767593144132186	0.008191037771990107	0.002799328426956271	0.0015033110009516678	0.0009603333396963348	0.0006682535780013054	0.0005097553186928653	0.00042185453732966925	0.0003689064288707362	0.00031422799007000795	0.00023774738896266016	0.00018964420546075368	0.00013704216307017965	8.720864922647797e-05	6.263795837298616e-05	4.118186213472571e-05	2.8031351537082203e-05	1.9725765896465256e-05	1.9033633759747175e-05	2.7339219400364125e-05	4.63728531601113e-05	4.9833513843701694e-05	2.353249264841469e-05
GLDS-375_rna-seq_FL10-1R_R2_raw	0.015046589116582862	0.013942821408804604	0.01338487289718043	0.016350663805552907	0.0210544123448541	0.025404677976169788	0.02985128502750506	0.03488703025881616	0.04030675496272328	0.045595136507682855	0.05081247491917475	0.0559556512303638	0.060591822154903066	0.06489911535426757	0.06861033933624476	0.07176292170285664	0.07484064886542453	0.07735453613456847	0.07912645584881345	0.08067866167711449	0.0823272089254351	0.08464494783583416	0.08739033175452156	0.09148345589787132	0.10065980287880084	0.11713072018344292	0.1337860030832304	0.15609389354395073	0.198788390894929	0.26186498996184787	0.3428673310860785	0.4653547035329841	0.623067340864386	0.832276546507476	1.0901783692774392	1.3513436710125981	1.6929817826137505	2.051513604801645	2.404179690028204	2.7771197527870846	3.1382839829838596	3.468954767536956	3.727549000944326	3.9282850133518807	4.054938632386828	4.1097101158754406	4.105854379763434	4.049059379902539	3.9394471025511995	3.7177911399245733	3.512828580903497	3.395166596702465	3.2018031287895017	2.9866502120141964	2.739997462963066	2.5074871491981905	2.4571768279394774	2.3402065612721104	2.12054049948632	2.2228176599450897	2.3116052888417657	1.9233459006441609	1.5432426107205155	1.4050013367891856	2.521052922171811	3.5106851575839975	2.0308788667720563	0.6365537534596446	0.5039148370680142	0.4050560642605866	0.32065890101221284	0.263242187095509	0.18873665388892955	0.13109849332692888	0.09535721270714774	0.06939008104503631	0.05169687529287965	0.03670192240501231	0.02577479537394284	0.01867429409775172	0.01485494593215543	0.013385912552792154	0.01244537077605426	0.011861084322266457	0.011447994492542225	0.011123275389814367	0.010674490717421008	0.010252043987191277	0.009966138693967709	0.009678500641391271	0.009495521253728188	0.00937076258032154	0.009183624570211569	0.00922867631338619	0.009544731619349699	0.009967871453320579	0.010918116682434547	0.012580526005578126	0.015792022190187584	0.02421392574887745	0.16128870608385532
GLDS-375_rna-seq_FL10-1S_R1_raw	0.006554201601473632	0.007312317844256838	0.009126275532171164	0.012701526250237847	0.01495336508454404	0.011410392705105663	0.006137556204179331	0.0035986100420740074	0.0024896792241989652	0.0014780081371907879	0.0009271528055998535	0.000766185827440282	0.0007003550052378187	0.0008014371709422461	0.0016007507669747354	0.002915243636114244	0.004225489355434238	0.007106755792992372	0.015939128557653184	0.024703971640183727	0.03744499638374305	0.052322337486517795	0.059648670925179025	0.08545605208847243	0.12908872104426508	0.218156549339252	0.4594282115712076	0.5587180800518003	0.5576189176785101	0.7516070609698191	0.9495051303849724	1.1258777950848662	1.3026114675194185	1.5213643166933302	2.0758106134566634	2.7031605110168964	2.850245679991387	3.082204616814095	3.520885076801996	3.8328369569003358	4.149605104894004	4.317017132904687	4.360763625475643	4.465860621904457	4.556110856709196	4.492682647159632	4.41127285470421	4.2059754008735	3.7952318429683967	3.3976429821992733	3.047256944524226	2.7178123284642552	2.3854210398595055	2.1642596320229472	2.0341537185969085	1.9359519699000756	1.7920564104400394	1.5770410531073	1.6472179837200716	1.8271030413207032	1.6446408132095907	1.286717783464834	1.0342455377288566	1.203834230022041	1.4879141894298218	1.4074192330455233	0.8808338143832183	0.4293736805884005	0.35528045312705514	0.2518818919110649	0.23009826048677884	0.19176306150086572	0.10723076449813751	0.07580865127344694	0.04859164108505691	0.027684621383518484	0.02049801917391925	0.0134592177780391	0.005528514920061059	0.002407284517700398	0.000952635704516936	0.000649813922385605	0.0004748313498216382	0.0003724750391713566	0.0003215092413371915	0.0002773388832142484	0.00027479059332254015	0.00029390276751035206	0.00026119971390009615	0.00018729930704055673	0.00012231791480199624	8.494299639027517e-05	5.181522779806785e-05	2.8880618772693557e-05	2.0811034115617416e-05	1.528973935024953e-05	2.8031188808790806e-05	7.050268700392839e-05	0.0001724342826722586	0.00017880500740152924	7.135211696783115e-05
GLDS-375_rna-seq_FL10-1S_R2_raw	0.03299177832243417	0.02446221940168022	0.014295219634379464	0.012446674222142963	0.011912753821595795	0.010592606960099692	0.009210445477696757	0.008944971929294226	0.009154377464274142	0.0095927273873964	0.010322461077245276	0.011356746021821535	0.012670946275833423	0.014307962364702788	0.016328109878626682	0.01883502969090146	0.02177350330345939	0.025669380720976204	0.03501914671687461	0.04977565318895831	0.07358034770595515	0.1060263124128737	0.16064590215540395	0.17766721656361933	0.19043076001313555	0.2192539664891338	0.28397726710502563	0.3935035827800383	0.5456895862737892	0.6629927902651249	0.7600902715404473	1.0269927047698997	1.2579801773407477	1.3848459509243813	1.721740803758419	2.1688471064011865	2.716442580373667	3.694448406961622	4.232174211541013	3.945580861900609	3.9355485103170578	4.248283146458078	4.496948184048793	4.904685821357659	5.0962685241920225	4.785913380560044	4.366912868676072	4.108252008662067	3.84435813406195	3.4117823668068663	2.98542717573795	2.6437741874011844	2.362604568544064	2.2310116667681554	2.0583875981088293	2.017478336678838	1.9805745401471442	1.6533233856217961	1.3908877041283456	1.4414720959351575	1.5421855393185608	1.2545188270272563	0.9472495479219087	0.828663575744692	1.2970655293037943	1.7346364468456204	1.004154333969088	0.31757305084478527	0.2508296027149695	0.18937438766933218	0.15025632936512254	0.12037929909138557	0.08034079090015463	0.05930721547080277	0.0421750393087745	0.026737221522070545	0.019039338133752047	0.013002682021917225	0.008692241111215016	0.005513779410901198	0.0037340447424106336	0.0033173574608380213	0.0030365926360475053	0.0027949055175818414	0.0025710582215688277	0.002388412420267887	0.002165839397287205	0.0019704508656629427	0.0017652929074574671	0.0015248800620241356	0.0013613483562081765	0.0012322220222651858	0.0011196612377425128	0.0010495762209642447	0.001008799483929616	0.0009799159618634208	0.0009777921734762005	0.0010580713745131256	0.0012916880971073526	0.0019679023195982785	0.024521685476522385
GLDS-375_rna-seq_FL11-1R_S14_L002_R1_raw	0.007841940680098563	0.008920207523612115	0.010444797586684469	0.009960933161742217	0.008131842210559653	0.006690677048339411	0.005779260006530084	0.0051765150978735726	0.004726020633272165	0.004377721672214597	0.0038730010220593167	0.003420420934936607	0.0032056018152424176	0.0030220670333677706	0.002911529039738722	0.0028030766686309755	0.0028447891190570315	0.0031847455900293896	0.004398577897427624	0.0065238272466351865	0.009752370909611936	0.013329213533646252	0.01885819883762	0.025838777416420503	0.036348229301265356	0.052395008980169175	0.0788469594178527	0.11612537636361911	0.18113214473010636	0.26413157858787295	0.3536652678048812	0.48374554445853746	0.6474168574402966	0.8367767830169426	1.0931456745805266	1.385864881067897	1.7343202638145638	2.121470201198962	2.4671558772373383	2.7990889583702447	3.1763155037982833	3.557723722381535	3.8628753247183916	4.101501825493252	4.23790779525402	4.269730223684058	4.194460106890239	4.0489357954663365	3.915724999408204	3.7435923158575197	3.5160508987833836	3.280427694439199	3.032849701802906	2.8223269645026003	2.621783930966729	2.414998629224598	2.335546839275567	2.6155166352902137	2.654071453219018	2.422569438976927	2.2716663070705834	1.93706362911041	1.7705621263672429	1.7331210308648148	2.0542860429202343	2.2817690625637743	1.586080471867924	0.9693014092655657	0.8335816093143067	0.6800276511833874	0.5926108688255015	0.5062389833507883	0.35719414111092557	0.25620412738440096	0.18301963311188543	0.12987797126908984	0.09431810728087694	0.05942772812200225	0.031138344243050942	0.012484536412518617	0.0037186649554829085	0.001376510864059854	0.000677827319423413	0.00037541205383450564	0.00016476417918292191	0.00010845237110774608	0.0001126236161503517	8.133927833080955e-05	6.256867563908427e-05	5.0054940511267424e-05	3.545558286214776e-05	3.754120538345056e-05	3.1284337819542136e-05	1.877060269172528e-05	2.0856225213028092e-05	3.9626827904753376e-05	5.0054940511267424e-05	7.508241076690112e-05	0.00019396289448116126	0.0001835347818746472	5.631180807517585e-05
GLDS-375_rna-seq_FL11-1R_S14_L002_R2_raw	0.028340689626653228	0.0372718954458523	0.052228320172104666	0.06347804360682148	0.07221900136198799	0.07887141168892886	0.08562835391918434	0.09103474395861523	0.09460555377584183	0.09672546077506183	0.09837288357129988	0.10026282038322776	0.10119942623692654	0.10145866535714673	0.10178898617162085	0.10225728909847025	0.10226147037460283	0.10248098737156348	0.10275695159631401	0.10424966717564645	0.10840585565143478	0.1135676410371095	0.11850154687355843	0.1257769673442543	0.14001421257570226	0.16691027129854777	0.21468762302751693	0.2562683235279969	0.3032156919446482	0.3819261245024726	0.4804871654997387	0.5879668684878061	0.7133006205620066	0.8806185662834812	1.0951661165605566	1.3475688503039798	1.6161322162998395	1.9308317831426292	2.27347272774141	2.6292721483294326	2.9699667088884962	3.296045618726113	3.5903489205941588	3.7679256273069277	3.8744540899748325	3.916956761862547	3.877282723278525	3.7868605362733336	3.6241399036596347	3.436584581456454	3.2092778670607993	3.006354264432307	2.857839517479062	2.6451129129577264	2.4033034422962047	2.230363770814471	2.070756098281481	1.9772564920427074	2.069461993318446	2.287542721927555	2.4586363599967527	2.3210075654546896	2.11615430389101	2.143784176575124	2.106560365804796	1.8696429882183971	1.4446978042258358	1.1084061274343833	0.9528898335971265	0.7671784541684156	0.7247405920607559	0.6351818385769428	0.47887110227449503	0.4122257419972413	0.30202820952299436	0.19604540339039195	0.16755836909909827	0.13046208725081448	0.08169586371648924	0.0619978718558868	0.05123317645254971	0.04866587290714325	0.047499296866152355	0.047290233059523165	0.047442849638362476	0.04774808279604109	0.0481076725434433	0.04827283295068036	0.04859688185095561	0.04925543284183757	0.0491927136998488	0.049813633205537514	0.05169311682713394	0.05346597790734949	0.05496705603894709	0.05694270901159294	0.060693313702520645	0.0666809011243807	0.07812505389926265	0.10367683234548246	0.31145280592583835
GLDS-375_rna-seq_FL11-1S_S13_L002_R1_raw	0.007336166252320647	0.009501377556855246	0.011869997687359322	0.01097735234364203	0.008887788949591947	0.006909175824252488	0.005226430082141359	0.004355638579230705	0.004011020320356797	0.0035470464693850975	0.0030830726184133974	0.002842680369540379	0.002719962648087719	0.002553537245021783	0.002518234886795676	0.0030376838721226877	0.0037302825192253703	0.004801120718750634	0.010160354910409255	0.018612748108545876	0.031245949159460096	0.04682269446056072	0.07602783110161632	0.09552145710113744	0.10596759300671042	0.13806752302230682	0.21334728034246514	0.30177128237547757	0.4540505261808088	0.6033324316662758	0.7050032233574657	0.8742477718874578	1.067222229404104	1.2319295843697027	1.5402923213453978	1.9153159970400484	2.3734178890934725	3.057701990301568	3.384068929972578	3.335249130675226	3.5557224441853323	3.914111984896777	4.229296482333498	4.590059686369479	4.711395572657287	4.5028107485459925	4.204610047545384	3.9639118449010726	3.7364621129796163	3.529913058192693	3.2709803469922583	2.9301243108664474	2.6684968529880866	2.5484284894670624	2.4471258509402305	2.3337145035418434	2.2110774731937006	2.218532995038119	2.1396355865321235	1.9205827726744482	1.7611774957014756	1.5431787093965514	1.4110991387552634	1.313567128299915	1.3219522789109546	1.3286126571629469	0.9656186803000115	0.6442798050792058	0.5595491021425153	0.43910754226310067	0.3638445955897167	0.2951949573573569	0.20704833099612108	0.1584353026540935	0.11908157855537067	0.08926789650108409	0.07251776805513475	0.05275685277190167	0.03059705819397069	0.01239617093139607	0.0032041092751886237	0.00126920383146244	0.0005513892141982521	0.0003362129354867391	0.00016642540306593585	0.00010086388064602172	9.750175129115434e-05	5.3794069677878254e-05	3.6983422903541296e-05	3.194022887124021e-05	2.857809951637282e-05	3.0259164193806513e-05	2.0172776129204344e-05	1.6810646774336955e-05	2.185384080663804e-05	4.034555225840869e-05	4.538874629070977e-05	4.875087564557717e-05	0.0001496147562915989	0.0001496147562915989	3.866448758097499e-05
GLDS-375_rna-seq_FL11-1S_S13_L002_R2_raw	0.01787132130262509	0.02377400766618755	0.03460653958403414	0.04276460083415882	0.048451848402586976	0.0531915018955416	0.05724107799783167	0.059462790572654155	0.06067968314204557	0.061928554907589715	0.06222478325089938	0.06245200385514259	0.06331375903567979	0.06353929652433601	0.06423442326176154	0.06472589301316166	0.0653032016594981	0.06778243091912957	0.07326265527035836	0.08326877743499446	0.09854810073366	0.1190534979299193	0.1330839494630407	0.15040152573754714	0.1817344055048921	0.2586864501419254	0.41577331099098375	0.5198908412019828	0.5896778627852136	0.7364556406639783	0.9111074957788302	1.0614248657370282	1.1918494925726297	1.365437618636506	1.6808618952157541	2.093482730712312	2.372363201666904	2.679023495384712	3.0504500768897693	3.360183739669415	3.631577712493091	3.8388618126084415	4.070867514465452	4.20086967928872	4.209088332699977	4.116143323755396	3.940890596375989	3.789751866011342	3.533302276484522	3.263175689697848	3.013714396088197	2.797721855925777	2.593788838944117	2.388425173713518	2.248795587732686	2.1309034395577875	1.9019576418379178	1.6870338800732343	1.7279840823046215	1.817209405801962	1.841308254776438	1.7102171141683897	1.5131899204401362	1.4588269700960517	1.3631132360108773	1.1857515648009769	0.9486527551777433	0.774675829413273	0.6793744586469104	0.5277038637567752	0.5395075533683131	0.48444274382445535	0.31336750933195023	0.2414664945714641	0.17565667512028302	0.1262050560590259	0.11294547146474447	0.08934145847284258	0.06097422836976825	0.04449820988875515	0.03098952418759966	0.029089286689891643	0.028809889502451846	0.02847831573181546	0.02841099110833599	0.028220799047006487	0.028284757439311983	0.028688705180188803	0.028809889502451846	0.028900777744149127	0.029232351514785513	0.02962620056214041	0.030025098956256265	0.030868339865336616	0.03230572057662328	0.033616867618885944	0.035089593757499336	0.03815791347257614	0.043680215713479596	0.05609487628309371	0.1597680639791283
GLDS-375_rna-seq_FL12-1R_R1_raw	0.017320063926640095	0.017562719257117526	0.020554460867220965	0.026197708499498623	0.027581102945850394	0.020705148963905348	0.011483382863661564	0.006581486125387021	0.004312097483057153	0.0024179178837608947	0.0014684533433340719	0.001006026548064801	0.0008000717568944532	0.000752145170269907	0.0007858233122222908	0.0011428979711276942	0.0014559319828645959	0.0018181878943780586	0.0031450203330918493	0.0041545010495620234	0.005270629215548079	0.007401419350612368	0.009742481987353719	0.01426614728523995	0.022542334784512955	0.03513580101945118	0.058082705278443406	0.0863917742157261	0.12703956446805076	0.18908161028115264	0.275993668612938	0.3859752541821063	0.5086871774092757	0.6722653670404097	0.9071829285187568	1.151609815617095	1.4293668372009758	1.7880450937885737	2.163284360795731	2.572967299828113	3.0389812489863632	3.4419125840993936	3.726677249835674	3.9489149908689494	4.135982820969769	4.307810428295035	4.397550155237668	4.370720765691037	4.226479874335281	3.963082262583585	3.6472279223436965	3.401158578168604	3.211701758844417	2.993150479041777	2.7675820561236217	2.576419309378232	2.517202773320725	2.4468422264453844	2.615333970633161	3.005573827482751	2.7919166725394726	2.2584600852663197	1.88750096468447	2.1135555618056814	2.5687035607027306	2.489610012556507	1.6139083748843166	0.7756114951028571	0.601589195527028	0.44565723943223734	0.3698075871897087	0.28031871922751533	0.1728988313019815	0.12827788384137687	0.08041994881388737	0.04101436387434485	0.027350537204791765	0.016925856957376934	0.006113878077509692	0.002678707598366534	0.0012814964783932742	0.0008100024910598997	0.0006100924945989544	0.0005263289107686662	0.0004524960611038246	0.0003583699720574183	0.00028281003818989036	0.00022365740424788277	0.00018436623863676824	0.00014982455458304117	0.00010621567846521073	6.994691020879731e-05	4.706304452320313e-05	3.540522615507025e-05	2.072501043223624e-05	1.5111986773505592e-05	2.849688934432483e-05	6.649274180342461e-05	0.000178321443927366	0.0002305657410586282	0.00012003235208670157
GLDS-375_rna-seq_FL12-1R_R2_raw	0.06492910831310107	0.050636518292429815	0.03166363718563113	0.025153110498572495	0.02077850632102239	0.01546352631454373	0.010865701611944925	0.008427978044391835	0.00731144365797804	0.0066115588009104595	0.00645828358545149	0.006716045004124743	0.007206525693593449	0.007903388222468881	0.00883642411150222	0.009998725181968553	0.011318187318426619	0.012669168020317093	0.014366852941964055	0.016428080769009475	0.018769521595584114	0.021396788316901956	0.024090546258447074	0.028678872215299123	0.040291520651875086	0.05883264058836682	0.07690314084922396	0.10365463120027282	0.15347296207497096	0.22599070471738714	0.3196526553920757	0.4632719640383013	0.6438392348335449	0.8755313458048354	1.1602830187563185	1.4423871322114792	1.81113664556267	2.209548583075119	2.60236446405922	3.0045810810044142	3.3819235051670544	3.737311737341926	4.015122849480725	4.23243213234675	4.383764422539339	4.43213764877702	4.384153007592615	4.254380711439304	4.086900553477235	3.8172095736683986	3.5270013030465766	3.320967894904288	3.0739284013732666	2.830495840658989	2.564805559854218	2.3099719136768146	2.2751728268724145	2.282638409268192	2.1010923358998626	2.3623216602930226	2.709787506753932	2.1751847115303886	1.521997847359698	1.3235146468025671	2.2298063854247516	2.944515762274821	1.7374483983875515	0.6570282433029114	0.4849433524595184	0.3493854566240941	0.26517389444508427	0.2045269934190876	0.13429154032291402	0.08792427648247939	0.05752699480935857	0.03488284847143981	0.021889859573392505	0.011905814271214388	0.005798552517222456	0.002948928793196529	0.0016113326875855701	0.0011692092491912443	0.0009490110523346955	0.0008281179246487469	0.0007776018677228328	0.0007197458709017003	0.0006696615751460931	0.0006562769788665774	0.0006355524426918433	0.0006143961453468023	0.0006005797878969797	0.0005578354320365908	0.0005271803889447966	0.0005280439112854106	0.0005384061793727777	0.0005418602687352333	0.0005694929836348786	0.0006670710081242514	0.0008004852097491016	0.0011493482353571243	0.02225426600113158
GLDS-375_rna-seq_FL12-1S_R1_raw	0.011542907535693913	0.011464331562049807	0.01425911403203335	0.01985837970948736	0.021241704875123085	0.01574090168316138	0.008883450353652997	0.005369843235888197	0.0038419770816972634	0.0024712628747945407	0.0016185680496936963	0.0013314262200806702	0.0012533352833109114	0.0013275459250858994	0.0019939865904377544	0.0032487769843717045	0.004454578653996676	0.006992291580576663	0.014212065455221756	0.022388332046077805	0.03545522544096787	0.04986615601467163	0.05725181250034316	0.08000004190718595	0.12003983588447531	0.20412291819990863	0.38324364063788713	0.4746405939815887	0.530143363513039	0.7295973167604899	0.9392884582778944	1.1226488880345342	1.2982487278016326	1.4999280302285845	2.0925751855173886	2.7687747927810915	2.926691643220146	3.2756819797916954	3.8284047798793046	4.1602233559883715	4.56234608688644	4.758943172943991	4.7747029910652525	4.938631873561829	5.0467087599774265	4.867478419205846	4.717165976882794	4.4546126065778795	3.9507461157325534	3.5048973106121624	3.1140002731339647	2.7481626657688696	2.376564275447164	2.157940694851797	2.0247534494512904	1.9140529985823538	1.717436996086703	1.4406652548472014	1.4330341697031106	1.4870871640171397	1.2943519415531342	1.0120527200935818	0.8176300543437255	0.7992282403679002	0.825244163197214	0.756526564024198	0.522391504187236	0.32599376828504134	0.2657905064043008	0.18273570226248168	0.15640208028047084	0.12493046268850934	0.06830046746107817	0.04421935672353168	0.026608152852890855	0.014655389158374298	0.009521758880292764	0.005674931429852037	0.0023310872181084522	0.0010903628935305452	0.0006203621622889535	0.00047679124748244037	0.00038851453635140867	0.00031090863645599624	0.0002522191746600905	0.00024203340029881764	0.00025706954340355383	0.00025852465402659275	0.00023572792093231538	0.00017994868038248766	0.00011980410796354299	8.730663738233903e-05	4.898872430897911e-05	2.9102212460779676e-05	2.4251843717316395e-05	1.7946364350814134e-05	2.4736880591662728e-05	6.645005178544693e-05	0.0001741282378903317	0.0001838289753772583	6.936027303152489e-05
GLDS-375_rna-seq_FL12-1S_R2_raw	0.049544956721828896	0.034482889609314935	0.01900306593483878	0.020623572784496808	0.024290115260881345	0.026770423406670886	0.028825202775391953	0.03187433991427188	0.03527079791571342	0.03857496086276795	0.042346914006531323	0.046367092270251306	0.050119129112804854	0.05361225403963066	0.05700725475073976	0.06034444961199596	0.06328671879316464	0.06657096543900934	0.0745778042888035	0.08786149143231325	0.10894556796185675	0.1432390098279563	0.1946337537450783	0.20547162194733257	0.2181621919255448	0.24454934797478758	0.3079706232419796	0.4126249569382851	0.5431719394976967	0.6594253327132271	0.7646203211228628	1.018642056258421	1.245401289618393	1.364784942467975	1.6703826112853204	2.0895920917089517	2.7538634005409404	3.8976891251720005	4.46777478829239	4.204425909265859	4.267676195800713	4.61554694258108	4.798671988807544	5.187905007093167	5.413809296791448	5.090191261486763	4.599891272539825	4.272578520478995	3.985781840003725	3.474080085234774	2.982891149185056	2.6248912630674375	2.332506845694201	2.1737078612234852	1.9866520172070234	1.9490403252539896	1.843846794134686	1.4717131348463097	1.2106925200075518	1.1631367645894848	1.2120133108121742	1.004720561712753	0.7400338901610548	0.6305447529052031	0.7514483595715058	0.8403712441292694	0.5302064274101	0.2680160941978481	0.2147807925908717	0.15425563897765487	0.11917866067615414	0.09359204278285756	0.06340718812731187	0.04607611996721019	0.033073204094414575	0.023033445230885744	0.017486026698783012	0.013481392865275579	0.011144870698952099	0.009799791722122636	0.008951162985206396	0.008628130294851901	0.008412451325652812	0.008211831023222125	0.008013153774568007	0.007853823364889401	0.0076502884817938625	0.00753370525519976	0.0074404386739244785	0.007271392995363029	0.007191727790523725	0.007171325725869756	0.007161610456986915	0.007281594027690012	0.007456954631025309	0.007744526589957429	0.008272065690295744	0.009332973052302082	0.011669980982069703	0.017976162013922388	0.18017451906674467
GLDS-375_rna-seq_FL2-1R_R1_raw	0.005949242911384476	0.006390999275426967	0.00833511309063231	0.01208521951726377	0.013856488921035892	0.010517273784976706	0.0059129764500569695	0.003597710126372259	0.0024553165945558238	0.0015293643904492908	0.0010077446488026102	0.0008009486565521512	0.0006875195115491009	0.0006585835051707717	0.0007303448009890281	0.0011485665465104788	0.0014367691700386373	0.001616172409584278	0.0028326421177292363	0.0036791167576499585	0.004436468497925427	0.006185360723431643	0.008254478086191366	0.011781198543582123	0.01811548324650757	0.02793057661003682	0.046624779984110964	0.07054173960276434	0.1038818061518752	0.1537636230139309	0.22711485592932182	0.3214574253118079	0.42427322898870545	0.5597076281223474	0.7650433165842468	0.9775327574497059	1.2184732372265936	1.5397751797307953	1.870443900406371	2.240200921751468	2.6738988009243037	3.0377119807458732	3.3032885763532702	3.5190323534027454	3.702012469150166	3.890714583705547	4.00738224654246	4.018931957035015	3.926589830226818	3.728925269962523	3.5000742536505007	3.3407313827934098	3.2203085979554262	3.0457125936027722	2.8430293723922198	2.6949885198130854	2.656969693939308	2.5685570767972874	2.700768390633802	3.083894232739105	3.0034270571351556	2.4993008675045574	2.0944186209235167	2.623600691383819	3.4144387214939633	3.4115289166925584	2.199669293083796	1.0293880099467638	0.8445818392901613	0.6663364258130721	0.5884584440598554	0.47390272387514204	0.32515853343430534	0.25986732864224343	0.1721210112737613	0.09520293330546833	0.07143065371870662	0.04811826372665113	0.018324594119268293	0.0076653409963285835	0.002654396318438729	0.001421722446721906	0.0009440854347702862	0.0007392185096117157	0.0005883654630260262	0.00047725119853324235	0.0004062615295517414	0.00031752444332486533	0.00024653477434336446	0.00018557625423968436	0.0001234602938808711	9.645335459443054e-05	7.176129581825633e-05	4.552598336857122e-05	3.1250886888595496e-05	2.0448111174019275e-05	2.0833924592396998e-05	4.398272969506033e-05	0.0001149723986765612	0.00014699491240191214	7.48478031652781e-05
GLDS-375_rna-seq_FL2-1R_R2_raw	0.03009056239917533	0.022814461310376923	0.014578072416025467	0.014410881173643293	0.015709026570615285	0.01630211143966614	0.016910641227181864	0.018574831191771186	0.020694260128112433	0.022967752126140717	0.02546828442560254	0.027846801869191914	0.03011874937537371	0.032274473870107394	0.03445529635734649	0.03668940381328936	0.03901965588667603	0.04080084110863671	0.042462328212494675	0.044730028366098636	0.04696761092869611	0.049238400065993046	0.05160726443554189	0.055208247175625405	0.06392420078831096	0.07941352339376352	0.09463487666385065	0.11496309222434577	0.15368118607799527	0.2120602750144577	0.28781644171574094	0.40402709722908625	0.5496340660566112	0.7422603862896895	0.984533238559195	1.2201192133793366	1.5387316641451356	1.8965448624666112	2.2567025994110534	2.6231861888357435	2.967292794265574	3.2917418797192455	3.5398142988723085	3.7525379331348323	3.929486888880148	4.016312814768162	4.030096632252132	3.961138546413159	3.8550582129209197	3.6465182209475673	3.4064261911653	3.2908804393918674	3.1102382175186403	2.896418766291035	2.662649886128284	2.440757376019093	2.430528206519812	2.458814802442291	2.2786247305571226	2.474004493629525	2.8563538755472484	2.3936932343499913	1.7190908578874942	1.54601394320132	2.825952098041006	3.9537527864032604	2.394527259947094	0.8722668290988148	0.6914805833609029	0.5407632771363153	0.44192197692855845	0.3673624052853407	0.2561601507071898	0.175325308691697	0.12143296856927817	0.0823075149911178	0.05937876128410086	0.03691103839326019	0.020700824218460003	0.012599578360676121	0.008471537777979042	0.007135938453729748	0.006438986508002667	0.00609610931808264	0.005835090196026404	0.00566133486329666	0.00543468068482475	0.005274439655751765	0.005189492604195001	0.005028865452160394	0.00485974359497011	0.004713789115477126	0.004678651925969556	0.0047643712234495626	0.004888316694130113	0.0050771308223631	0.005380237347236097	0.006139741212745887	0.007727092707972497	0.011875597807635526	0.09981934966954457
GLDS-375_rna-seq_FL2-1S_R1_raw	0.0049745710172095295	0.005369023091870821	0.007099723003488697	0.009720426125581839	0.010497314402882178	0.00806803655231584	0.004789775192315689	0.0031324135340749662	0.002333979555217498	0.001575322256157807	0.0011928860535187602	0.001029635930182049	0.000992345292871633	0.0010466238871790167	0.0016063977872498207	0.0027624075438727248	0.003858752280798963	0.006076716519939611	0.012996201443094628	0.020251302102043393	0.031423162699829546	0.04485525025904148	0.05195041551797002	0.0748095761892552	0.12074749795154244	0.21053672314839184	0.38560922153374866	0.4616228709677157	0.4982770814013676	0.6847862039094145	0.8783946350805356	1.0391098237609677	1.1855310968199024	1.3852995269342898	1.9593151357343563	2.5514171179703897	2.7210468406700836	3.106731886499697	3.6377712788207526	3.969612373437856	4.353312314341311	4.573191999497621	4.609395407560231	4.756790380593382	4.869135469278059	4.725446356912734	4.63169437999103	4.34240894633216	3.815913625337586	3.393469126609023	2.9833031917255357	2.6541797558875326	2.340970721032372	2.1109396957193383	1.9674246063281282	1.8764462241414912	1.7245316258663175	1.49887064890565	1.574590530985694	1.7641794457951665	1.5895420048450979	1.2155272711319867	0.9818434207241905	1.1365672470100823	1.327147264091183	1.2826624341627584	0.853191965024498	0.4360145616458238	0.35781236614214984	0.2509386426317405	0.2662837398849768	0.23422124992548088	0.12988328975217983	0.09385349032327021	0.0618452789580817	0.03667865651811088	0.031030782327241054	0.022593568465552095	0.009066182610991316	0.0038964572585239395	0.0012985428592316064	0.000742912363306404	0.0005096387099090223	0.00037124901144592194	0.0002962533964105292	0.0002726359927805989	0.0002858948860465247	0.0002937673539231681	0.00025564803578363146	0.00017982373991911842	0.00010772850778564698	7.582429586451308e-05	4.143404145601807e-05	2.1545701557129398e-05	2.3617403629930302e-05	1.740229741152759e-05	1.5744935753286866e-05	2.3617403629930302e-05	6.21510621840271e-05	6.629446632962891e-05	2.237438238624976e-05
GLDS-375_rna-seq_FL2-1S_R2_raw	0.02358857569983629	0.017587805517929142	0.012305981431321082	0.015599593525903286	0.020840299378291467	0.025597554476821677	0.029755064825720528	0.0342597958191428	0.038756220098581255	0.04333405017506109	0.04804769502517628	0.053037953450952476	0.05796300417195572	0.06176581783374572	0.06506773664231175	0.06861470351340027	0.07206738918077252	0.07557697583893389	0.08297327397012176	0.09415743367792878	0.11258214062972716	0.1481124483526943	0.20497107490050195	0.21315277283885944	0.2171507942792691	0.2439748350758009	0.308596916512881	0.41386084212286817	0.5422602121848745	0.6422381603512617	0.7262310834628966	0.9615627826385392	1.1760890706346223	1.296800576904609	1.5888463658047407	1.953754496413896	2.5929777349247325	3.7531698316728304	4.252883885504009	3.9588843574748847	4.091373538166821	4.454116108440396	4.598942836076793	4.963756270146534	5.1368661128907185	4.811166502956564	4.386960894573953	4.0705407148311155	3.823266037625244	3.3449629544230453	2.86811063881812	2.5463479959765936	2.2686167519490685	2.148909942735424	2.002033948759221	1.926977803887072	1.8783856037602569	1.671050022724262	1.4103550184061415	1.383451233155365	1.5295335206104153	1.2753763155332551	0.9147336825547884	0.7703613321733063	1.181760064271372	1.5144169625026707	0.8926469607432257	0.3345151101494779	0.25535004920523563	0.19143030043548695	0.16047076208211342	0.13660764948511206	0.09673708370560218	0.07186429002386827	0.05346948724241161	0.03764935046023806	0.030290017206278143	0.02483167544751404	0.01947010690666137	0.013607228176885526	0.01045026152733706	0.009781986387339233	0.009300196976278026	0.008959621702941657	0.008800963465850813	0.00854303999665339	0.008359461617611105	0.008286362534553542	0.00816633051748743	0.008100292141316112	0.008059589242795423	0.008012240973087684	0.008028439065356122	0.0081231356047716	0.008414285929904276	0.008803040144346765	0.009512433518564472	0.011070357726228766	0.014244768475143242	0.02268314387560058	0.26398986241980044
GLDS-375_rna-seq_FL3-1R_R1_raw	0.0034572270487917877	0.003854215532709225	0.004627129262638409	0.005933764020855875	0.006366809912035599	0.004766360835235353	0.0028560322583988332	0.0017875191897253697	0.0012712913590197806	0.0008603797178426485	0.000631540133138442	0.000523724915383886	0.0005015906653812951	0.000509087750059592	0.0005444311492572776	0.000849312592841353	0.0011167086130339438	0.0014726416332368983	0.0026818142906365043	0.0035925315770334327	0.004712096222325775	0.006925164218552571	0.009274250751085612	0.013597569582236846	0.021551619421877596	0.034359139080634864	0.05708815780103738	0.0841922609372746	0.12249272453449984	0.17817178742004972	0.2548512555016062	0.351528304452439	0.4612006571830187	0.6052674923934311	0.810466984086806	1.031730586221577	1.2819068739202168	1.6142501386808938	1.9555934750958504	2.3226211096105875	2.736975340671187	3.1108649496907597	3.369898864434791	3.552925906694119	3.7436342477124103	3.927891525867043	4.039877621730959	4.0510971874540465	3.960193250709534	3.7690100943282836	3.531212921449642	3.374418535483707	3.26787139605188	3.1363814558953598	2.963447274633181	2.811156494534709	2.7657487946624584	2.715550457680776	2.8233938787538837	3.0951692674106965	2.917962104885921	2.4067287605922068	1.9923220499388592	2.4696460802326365	3.132310181911012	3.1612764180797255	2.0906263232689146	0.8837038622848948	0.7102784434742717	0.559114011097706	0.48841400355313974	0.3885985321543589	0.2591438719859796	0.20037958025329441	0.13058993299109287	0.07302874484725816	0.0543460098289422	0.03564970865739884	0.014870288957385824	0.006750232242725642	0.00232552426640125	0.0012702203469228811	0.0008489555888090531	0.000609405883135851	0.0004958786008644974	0.00041412467746783084	0.00032665868955436653	0.0002870312419690828	0.00023954970567320212	0.000185999100828224	0.00013351950808014544	8.925100807496354e-05	5.926266936177579e-05	3.213036290698687e-05	2.320526209949052e-05	1.642218548579329e-05	1.5351173388893727e-05	2.677530242248906e-05	5.569262903877724e-05	6.604574597547303e-05	3.462939113308585e-05
GLDS-375_rna-seq_FL3-1R_R2_raw	0.01431928243711429	0.012903144630100642	0.010821093384067459	0.010689268245119923	0.011598111479489932	0.012241518187469644	0.012967092326229664	0.014227469264459773	0.015751853730284003	0.017346616386820057	0.01920217132365883	0.021126318202714205	0.02322944718099103	0.02516502605041584	0.026785153435584082	0.028611056647402128	0.03036943966610071	0.03191811711145999	0.033849766234195305	0.036134020809887854	0.03841041589220142	0.040719677946827106	0.043586964031360795	0.04801007255523465	0.05891726311677191	0.07823982758900884	0.09591261295105682	0.1199347972142283	0.1655991682455347	0.2325806288188452	0.3190346987379915	0.44910431266442213	0.6160903242416489	0.8293862570563559	1.0957794981406956	1.3604447224307556	1.7082101564653296	2.0739788318335677	2.4147889714774378	2.7729932417181007	3.1184612029381173	3.440820824625119	3.6962697211792213	3.8808438499398217	4.004077133625331	4.058538778495616	4.043923336057993	3.982410653877661	3.8832492121634905	3.6651336236589698	3.4410587529246826	3.2906266206520955	3.0966843330334424	2.930529641505893	2.7255912081506404	2.503889189917409	2.4574292238063298	2.459861379757427	2.3157182711868245	2.5286151560876986	2.7226188906545876	2.1802298938252824	1.6554872458802956	1.4717626569040232	2.6821224937696635	3.7417676138507723	2.150084806970182	0.6703790602575961	0.5153609135983708	0.40734503809337463	0.320840238716964	0.2598469975990426	0.18258067543993095	0.12392456185316081	0.0872107247817232	0.06034197491656264	0.04272599225666279	0.02728780376214013	0.016610682006787735	0.01011338173025968	0.006942076151838853	0.00591283976889074	0.005451630407423883	0.005077232722824916	0.004814654194026977	0.0046814000562832615	0.004588515134531609	0.004402745291028305	0.004208044205048881	0.004096582298946898	0.004039422347099727	0.003956897666620375	0.003862226496373499	0.003809710790613911	0.0038593684987811407	0.004002268378399067	0.004225549440302077	0.004661751322835796	0.005655262735879428	0.008670092946118625	0.07972955883402572
GLDS-375_rna-seq_FL3-1S_R1_raw	0.0065757453405475425	0.0065293586327239556	0.007617728240362587	0.010403078242547489	0.011329523879357484	0.008526134601907856	0.005015348030148508	0.003095883240670587	0.0022600634867381564	0.0016123676034236103	0.0011424874334328193	0.0009397603399815822	0.0009079768549913459	0.0009603766545698436	0.0014865221831244315	0.0025551344892826475	0.0036404975510438264	0.005750233743909243	0.011934269107279818	0.018778026537474762	0.02941475634535588	0.041290612561302294	0.047927347832506774	0.0666912006537021	0.09946083269174359	0.1743135168830737	0.3750421163389112	0.4481406957640234	0.43693787631807296	0.5918209462082642	0.7545528188648282	0.8948545707559175	1.0224227418428782	1.1734320921232457	1.554705919053013	1.9967085366549355	2.131160409281606	2.3436497571969386	2.7077922857169683	2.9843180542762107	3.276384228969463	3.448814789120142	3.55428270047504	3.6801573272198858	3.8026023441316634	3.8666761318457645	3.901585565535446	3.86605807191467	3.6157184589349516	3.385272730519797	3.2375280595557907	3.080432601406347	2.956004123228557	3.036366947000154	3.081563921669378	3.041038260280611	2.942874966888266	2.7856296109515033	2.7808062523509576	2.6182809723468305	2.166280301182709	1.6673641996271213	1.3400243696864618	1.486337924812799	1.7617375271876574	1.7519280270026305	1.1710247078885123	0.5745079665262177	0.47116954866566535	0.3789510554861564	0.36307606374664114	0.29963408017335985	0.1962608722819397	0.1484645239483792	0.10115910160595164	0.06438861601812566	0.05173320540681061	0.034401756942945526	0.014375154853219186	0.006595502642027961	0.0021608474727821485	0.0011635332545750028	0.000721141504035227	0.0004767522748535449	0.0003745297150200821	0.00033759215138278045	0.00031396929091706424	0.00028304481903467215	0.00023365156533362922	0.00016536002326001333	0.0001065176253726839	6.356696998047266e-05	3.3501511205924776e-05	2.40523670196383e-05	2.1045821142183515e-05	1.9757301480417176e-05	1.9757301480417176e-05	3.4360524313769e-05	9.663897463247533e-05	0.00011424874334328193	4.595720126966604e-05
GLDS-375_rna-seq_FL3-1S_R2_raw	0.025556615453029854	0.01948106872459024	0.013505325638506923	0.015764243423045363	0.019582593119400957	0.02244377426298602	0.025076955706360583	0.028321004271053857	0.03206407104752862	0.03634831447091813	0.0409736970683962	0.04526267256103537	0.048982939367489084	0.05218698043761712	0.05509204076878986	0.05815498013765555	0.061148659220230876	0.06382744060364753	0.07008409652791474	0.08042710934331328	0.09653636363346964	0.11914705088453431	0.150275032596859	0.1595012770693397	0.17149018960738993	0.19753807988615638	0.2532805650827166	0.3378602802866564	0.4574013834832526	0.5592406759931278	0.643970096660602	0.8371542426489649	1.020095609652399	1.147860619016777	1.4250140432758744	1.780409651449287	2.2372745903548745	2.9184735965549438	3.211410192514085	3.044648630651438	3.1241964354905436	3.356844748456664	3.6038505897143414	3.92623399223784	4.064751983689882	3.8969338798202227	3.711455263322747	3.752024153376241	3.6737828298381543	3.4332917573729063	3.253366009045841	3.0188317513896776	2.853503146133448	2.9885680175975846	3.0337609996842163	2.9593233994466215	2.9248261844285444	2.595444481672924	2.167182320252801	2.1080482319685814	2.075041618764145	1.7479037772090862	1.4518547702480145	1.2053961282708419	1.6308379764181715	2.103842282781868	1.273981019222844	0.47999013114052347	0.3815334077679223	0.3035725668799049	0.2506951345199522	0.2086717784543604	0.14740782881968348	0.11085001273743984	0.08848625346358431	0.06333616577791093	0.04566790976405102	0.03246586674563544	0.022487653450573707	0.01399703065235713	0.00905029753401633	0.007906857528054954	0.007342450723005548	0.007042179419709445	0.006829236303475104	0.006619734692149599	0.006411523645164909	0.006252784231244764	0.006060059956349844	0.005921969571882726	0.005948641234926219	0.005981335531560179	0.006047154312941703	0.00618696544986324	0.006470029228615152	0.006937213519989891	0.007648314471778511	0.008944471258069565	0.01143095855470491	0.018108338454077545	0.1797532428935096
GLDS-375_rna-seq_FL4-1R_R1_raw	0.006353537494807212	0.00652815330286072	0.007966120289802462	0.01065930778607784	0.011529289428419817	0.008848878698587376	0.005313973316040767	0.003498123782180571	0.00259755533532368	0.0018003625442323912	0.0013640166114689707	0.0011580396494191574	0.0010686022843185805	0.0010260130628421155	0.0010473076735803479	0.0014337080647940956	0.0016946638400226184	0.0019757527017672883	0.0033324129931630512	0.00421091247980032	0.005192400447462494	0.00726068791225592	0.009599997695535944	0.013794261661486371	0.02138791985074011	0.03284442042790924	0.054159551427398665	0.08110846207874303	0.11927963258913597	0.1758884514261721	0.2568710817141892	0.3596992723964481	0.47219792657704945	0.6206093610055691	0.8374415412602519	1.0625716505575131	1.3159511904601136	1.6473414073411554	1.994620501230844	2.379472580656552	2.8258114934773135	3.2021774769364653	3.483019708371313	3.70211027888847	3.8754290515606487	4.060545038581808	4.1714574378497815	4.152716244526433	4.0309064250068545	3.820930335060401	3.57132110278269	3.4047867930917124	3.2827543480962342	3.077696538880831	2.839333571296091	2.68273339110187	2.620139625123168	2.5068817212760637	2.5928136062743867	2.8772085531298526	2.7711404842174567	2.3236903798908997	1.9677087593546063	2.348607397503076	2.958685605561737	2.9401964629945816	1.9482691027990444	0.9999101289991899	0.8208890467460533	0.6431189260801029	0.5605059029590186	0.44898680087237597	0.3042217781517232	0.24019352975874617	0.16043359730184428	0.08984893184993578	0.06519712893513566	0.043270261845347914	0.017120867033538996	0.0074008451683875605	0.0026955105447195498	0.0014844279558251586	0.0010016210541783216	0.000749570297985787	0.0006055412944471957	0.0005010041144595085	0.0004208589431356149	0.00034458551921867273	0.00026405317315408405	0.0002036539136056425	0.00014325465405720103	9.989108309934557e-05	6.930427858442968e-05	5.033271629036792e-05	3.9491823550904066e-05	2.9812455033525618e-05	2.7876581330049923e-05	4.142769725437975e-05	0.00012041134435618786	0.0001602903426477871	7.937082184250327e-05
GLDS-375_rna-seq_FL4-1R_R2_raw	0.023873628357973707	0.019483923647704113	0.015539787549935803	0.018057560711343304	0.02202692499710167	0.025584875755637594	0.029258099926989623	0.03332139069726481	0.03787682519633061	0.042349976989951924	0.04660267323313706	0.051122012017078625	0.05584317630494064	0.06015292706558021	0.0635579561922995	0.06675456167362402	0.0699014870309066	0.07241421455471608	0.07443790335748757	0.07671387404015963	0.0790697986724617	0.08139816636095924	0.08404208046231702	0.0881422431996546	0.09783995866303179	0.11361805555798134	0.12931775100717718	0.15219311937268287	0.19471930555259612	0.2583836082604229	0.34041441995097893	0.46210937692546866	0.6138856490073621	0.8122696399599904	1.060924870805479	1.3043784374133873	1.6288121587135578	1.9922917406289216	2.3540670614140646	2.717025778278926	3.060014637782798	3.3865213398838128	3.638832717358014	3.8536911031941177	4.019356463079459	4.095780018894748	4.100886204143936	4.01438573379348	3.8849841475769824	3.662321712880632	3.424962112113213	3.3063682816316553	3.111718838753493	2.8779963664423027	2.626193433987593	2.398146139596258	2.3871819690957805	2.370444812931239	2.1484883793726417	2.271358581781499	2.5645691213732396	2.17614351904734	1.6192367029304402	1.469432110771462	2.5111983074913238	3.3611103445623223	2.048508682242084	0.8310075854951271	0.6675452286102711	0.5232473677005683	0.4240753607116616	0.35007836845504636	0.2473243468975209	0.1747933064261124	0.12493192755659838	0.08699727159087518	0.0644677234638178	0.043977777304264096	0.02924412739210282	0.021123367741088618	0.016966926738234765	0.01557316638327649	0.014710750479985683	0.014095570818997415	0.01359527644485617	0.013073635142415644	0.012721216762493028	0.012484848047324667	0.012169301634464438	0.011946129202244719	0.0117439155723552	0.011585172051002391	0.011425652277711428	0.01150017246377436	0.011811449490974733	0.012142132816628994	0.012960690485414011	0.014553171336540108	0.017811876972917074	0.027161831568000585	0.27154457174588104
GLDS-375_rna-seq_FL4-1S_R1_raw	0.009727469363281982	0.009994193068447918	0.01174400365596164	0.014770737875453344	0.015335968786883895	0.011595394312986737	0.0069786260250179095	0.0044720245059383604	0.003211851638052926	0.002171156730457012	0.0015535259928908037	0.001265756455916284	0.001143347026009212	0.0011442060395524195	0.0016604731790201405	0.002770748183615863	0.003827764348532719	0.006294421737853119	0.013715439737622905	0.021138175764479104	0.031782212578363514	0.04419796482511343	0.05046747517021353	0.06918237372930422	0.10420950996713413	0.188813753837643	0.3945350417394681	0.4701952365981002	0.4724754880485446	0.6442300919316294	0.8281680848980264	0.9848229487186095	1.1300954535849213	1.3084326782496052	1.7458402269170177	2.253568342258484	2.4052400685149204	2.663741725552045	3.112827563339364	3.4696828350195767	3.823118373784281	4.000466444353962	4.063716900060647	4.191132660897532	4.341341487089886	4.355615285630593	4.348647826781637	4.226917876587242	3.8656562949371462	3.524744314618864	3.2201703252053475	2.9126769782652393	2.636960260315464	2.492082901679028	2.3795237800719167	2.3088033425934995	2.1797168004150755	1.9382425098314102	1.9967885778687184	2.141407802935421	1.9078690794639068	1.4451163362041566	1.1398070311976538	1.3591140477920776	1.7000951787005874	1.7014167710368122	1.0951658153842454	0.5089028163618028	0.4118072270527417	0.3000491355746715	0.2937980940207503	0.2505480506405664	0.14597088287693943	0.10362495125098142	0.06831820610483745	0.039917070832538745	0.0291201296079634	0.01912335949888586	0.007486303029053556	0.003103615931608778	0.00116138631041657	0.0007065386392881871	0.0004935032805727215	0.000386556094443385	0.00032728415996206595	0.00029593016563499137	0.00028862855051772746	0.0002671532119375394	0.00020788127745622036	0.00014087822108603364	0.00010265211841329891	8.031776628990333e-05	4.681623810480996e-05	2.1475338580188053e-05	1.6321257320942923e-05	2.018681826537677e-05	2.5770406296225663e-05	3.822610267273474e-05	0.00010694718612933652	0.0001159668283330155	4.037363653075354e-05
GLDS-375_rna-seq_FL4-1S_R2_raw	0.03282190483088968	0.02636026979929326	0.01972093765303115	0.021306873644938492	0.02448433900040124	0.026917025407955247	0.029300662248749245	0.032414879478653014	0.0361172612503195	0.04022150526193211	0.044598103446870103	0.04896136359172423	0.05334785774188573	0.057346688210900054	0.061170403121393956	0.0653189638468336	0.06913235253274644	0.07277535851307186	0.08005620736143212	0.09165513912210439	0.10854970305542873	0.13285032131015867	0.16645572843113607	0.17806713771317711	0.1931042719999838	0.22188345990738967	0.284151024390521	0.3726033128550675	0.49671162453864637	0.6097244079098795	0.7038853775303203	0.9147309638792752	1.1273629870807529	1.285222994066874	1.5827533634395845	1.9459055992468395	2.4376115864198185	3.2008929774810215	3.5830420244425607	3.4580826597497603	3.5541927042598753	3.818443372845269	4.049965502880361	4.392898130439191	4.609918799087618	4.443656257108019	4.136987178981073	4.008053938861996	3.8317104201351397	3.47159151279857	3.1349053905925643	2.852478415447722	2.61672382411247	2.5179780107780396	2.363401743208695	2.289627322467406	2.2419890064001295	1.9621108876893785	1.6497262442568175	1.666934037002434	1.8129700865838871	1.5239145357767219	1.134006191561233	0.9503340651973295	1.5517325242793742	2.07579143358352	1.210989916850443	0.42203882225880524	0.3223270766666887	0.24222784336950218	0.19567205984580666	0.16211010891994124	0.11512277526062907	0.08529547555824592	0.06459225579194172	0.0456307259049758	0.03408084371106355	0.025529438979875717	0.01942233765889559	0.015151583275913429	0.012757620210538383	0.011943569506065054	0.011438445020308349	0.011165230328267883	0.010990545029105002	0.01069538710982979	0.010487141580778474	0.010354621698654908	0.010148097207033769	0.009967818536222814	0.009912745338457178	0.009941572715412628	0.009816367242367311	0.009960504127144566	0.010299118241531726	0.010686351663321363	0.011646260290002122	0.013225312132188754	0.016471188725501004	0.025432630624428305	0.20280705077195949
GLDS-375_rna-seq_FL5-1R_S6_L002_R1_raw	0.004573732107612529	0.006284367016489864	0.008177228868635322	0.0075501055143252045	0.006087364915659461	0.004954602835884642	0.004173161169257375	0.003706922863958755	0.003347394029943269	0.0030436824578297305	0.0028056382526596597	0.002666095097904791	0.002551177205753722	0.00242805089273472	0.0023410416315346252	0.002280299317111918	0.0023229831056251716	0.0024379009977762403	0.0026890786763350046	0.0031274083506826512	0.003918700122351438	0.005012061781960176	0.006400926592814519	0.008889719799971947	0.014006849369041672	0.02351220073410863	0.03527158446951012	0.05141754831673524	0.07880740706885565	0.11818648534067967	0.17008012206775508	0.24126190615030052	0.3320371908446032	0.44547264218692295	0.5941271441051981	0.7925230347989763	1.1885711332558984	1.4423968483866578	1.5454896894353813	1.8596669981555352	2.1114110577541867	2.303054701442003	2.574198542919928	2.8041574535350846	3.021534496643872	3.283369988857561	3.6731353619821667	4.067866829731872	4.078703586961718	4.074257906219645	4.326622522435913	4.508026981933068	4.389896313854291	4.224406340735884	3.8821036987538435	3.6920705472403155	3.755623424968204	3.7250716824977554	3.6136259523738232	3.147047818451269	2.695702871975427	2.2896224415337163	2.056813567193214	2.032902437204924	2.064600075228536	1.9935972347209112	1.449502057489941	1.0000237059194665	0.9019232264426201	0.6994214836307014	0.563581968371444	0.5346850435479711	0.42993738485227206	0.3067798798339719	0.18961288036508953	0.17614286172081073	0.17088783068115973	0.09126614826220507	0.039175509434299274	0.0160638796385458	0.0035443961307736723	0.001308422286348595	0.0005236972513741554	0.0003020698879399517	0.0001904353641360565	0.0001329764180605222	9.685936624161495e-05	7.223410363781453e-05	6.402568276988106e-05	4.760884103401412e-05	3.119199929814718e-05	3.119199929814718e-05	3.2833683471733876e-05	2.955031512456049e-05	2.2983578430213714e-05	3.119199929814718e-05	5.417557772836089e-05	7.551747198498792e-05	0.00016416841735866937	0.00016909346987942946	4.925052520760081e-05
GLDS-375_rna-seq_FL5-1R_S6_L002_R2_raw	0.015373099415050773	0.02127988306575132	0.03227594229853694	0.041673172873990076	0.05003412561598698	0.05733248235732876	0.0639613707205488	0.06976946124425353	0.07464325683239771	0.07811725490265099	0.0808707931458347	0.08333976620618044	0.08445664342668327	0.08449118602113181	0.0841243765657973	0.0842592571726916	0.08418030267109494	0.08438591335233626	0.08522480493180083	0.08656209680259436	0.08857050193695953	0.09103947499730526	0.09399862392173029	0.09863391111963454	0.10667740096979486	0.11741192341604152	0.13357292296160903	0.1548824139654591	0.18232403792665017	0.21945403718793213	0.27020862263098866	0.33304653658923494	0.40942021291495956	0.5090098024810037	0.64691041906138	0.8920888198007758	1.145263008712284	1.3673126751402063	1.5973893825637897	2.0708729490971938	2.2762467668337205	2.2609443974930166	2.667607782393893	2.9951307936422613	3.04701706027487	3.1771932947823727	3.3234828271573944	3.6037203163766094	3.6952368081543945	3.63686475819271	3.58903148930873	3.7505510160646587	3.91130238131547	3.9285670989979407	3.7487367074133853	3.5275111285958785	3.249893941898402	2.6546872071846885	2.6148793344109196	2.592946431821546	2.4311637233936283	2.336697952004118	2.136742386939662	2.090881335710149	2.0324451352159167	1.7575617481362253	1.4384292975679531	1.364476892624526	1.3515135503936235	1.0698614596874683	1.0382122187453549	0.9473717748874911	0.631209987441793	0.47680130048591396	0.3483012042518907	0.264423560503583	0.25588167036209375	0.20339337565481042	0.17668701548973825	0.13287055687448868	0.05717950801048523	0.05001603187603775	0.04839910947875603	0.04854385939834992	0.04924787037092019	0.048981398928031446	0.04916562609842366	0.04988115126914345	0.050517721938266556	0.05150629809367481	0.05264620371047667	0.05328935392139951	0.05437991297470346	0.05582905705609225	0.05701501946549217	0.05930798978269534	0.06269974358045209	0.06701098834472002	0.07469918293769534	0.094171336893973	0.2545920801693482
GLDS-375_rna-seq_FL5-1S_S5_L002_R1_raw	0.007083795271604547	0.008298108623053824	0.009866070439412547	0.009283272203872999	0.007915590895702788	0.006598430796805357	0.005214510528511753	0.004575778096991628	0.004184238725127597	0.0037620257619193787	0.0033813123634709426	0.003089011081249869	0.0029572950713601257	0.002874295941840561	0.0028508396661067713	0.0032495963535811995	0.0037457868017959856	0.004788688907498336	0.010279261758107769	0.018757803271421517	0.031965490838447824	0.047744347091678026	0.08152679713504327	0.10182188863147933	0.10960395918838976	0.14026492023025836	0.21360728146311153	0.29906390694801593	0.4373927822657853	0.5786266271167394	0.6849593380047169	0.854470625417206	1.035399706125343	1.1895832195102518	1.4956840091784047	1.85934108651057	2.355058800552875	3.1427223440224425	3.503411300309832	3.427153143570379	3.6713221479857157	4.0533472935463415	4.310435292904289	4.662035844509287	4.783348093946643	4.54886653140936	4.231295622907385	3.9129073534125305	3.6613784914034913	3.441275625891023	3.1585192435646987	2.8576275514383496	2.598067621483841	2.529640252181668	2.4654855337208503	2.256253749846542	2.1155142911149	2.1832722543942085	2.1610862262078485	1.9471271006087298	1.73418742083958	1.5332375066282022	1.4374853804250667	1.3509461575986028	1.3895624047720312	1.3851093210404164	0.9590603545852725	0.600738677818093	0.5294694904943262	0.41155479238056447	0.33866892636006884	0.2836242645284744	0.20716582728083233	0.16389982452540555	0.1215901160883564	0.09260357226809988	0.0807707833248542	0.06083294895113279	0.03650157369958227	0.01496329958925535	0.0036176794497114408	0.00150841896257295	0.0005142337372407784	0.00023456275733789892	0.00014434631220793778	0.00010645540525335413	7.939047171436578e-05	6.4955840493572e-05	5.232553817537745e-05	3.969523585718289e-05	2.7064933538988338e-05	1.9847617928591445e-05	2.1651946831190667e-05	2.1651946831190667e-05	2.8869262441587557e-05	3.969523585718289e-05	4.5108222564980554e-05	8.480345842216345e-05	0.0002002805081885137	0.00017501990355212456	3.789090695458367e-05
GLDS-375_rna-seq_FL5-1S_S5_L002_R2_raw	0.02034546674813526	0.02840776449504286	0.0419720112870723	0.051884553967380474	0.059524041836928956	0.06578668728533364	0.07109168643031812	0.07455186128135532	0.07630814846423166	0.07796325037731265	0.07954607709768266	0.08070970770032912	0.08149750730087858	0.08145233530543425	0.08144691466598092	0.0816908434413804	0.08227446562252141	0.08387536114106918	0.08839256068550419	0.0978027907764712	0.11182237128257967	0.13164384288356046	0.14470397020643097	0.1606027057230244	0.19241824555438902	0.2652174334125036	0.4085156511207064	0.5115276764118201	0.5867535038652051	0.7322470805520032	0.9028617073453133	1.0464978115794399	1.1778850775288765	1.3675261488033468	1.7000137178315766	2.1062906448580607	2.3958377150168917	2.748152176285555	3.1260701245720766	3.427405278662065	3.7380801945301267	3.9588935564208336	4.170200923590232	4.300634156995884	4.258551926039928	4.105516432993741	3.928577726838222	3.7606643853724835	3.46580328166958	3.1530631021698023	2.8463669356604786	2.775490267928476	2.638864857387312	2.327700277088634	2.1931780746553593	2.100458036806286	1.8374178935742007	1.5646567369224904	1.6212789297720747	1.730909555835694	1.7920796651866153	1.6901626090650725	1.4899729734144376	1.4596553369520076	1.3766346299647456	1.1693945492651565	0.9072415840235974	0.7369720712754823	0.6647492780792376	0.5138007312225797	0.5002509394690925	0.4480321127354238	0.3090143933155276	0.2524662825384725	0.18823170501660666	0.13975131262591242	0.12905458410469034	0.10306803856546462	0.07198609194011624	0.052511541264148046	0.034807732809598375	0.03251660920066094	0.031542700978880754	0.030695274344344745	0.03042966301113197	0.03055072395892283	0.030789232094868998	0.03093016872065537	0.030771163296691256	0.030919327441748724	0.03127708964566798	0.03145055010817428	0.03226545290599035	0.03296652227528667	0.03365855724549411	0.035087799181353345	0.036887451479856254	0.04019765530601822	0.046492824591142845	0.06055938397251345	0.1833495157489813
GLDS-375_rna-seq_FL6-1R_R1_raw	0.003844376682615251	0.00421303574308852	0.0052150510694548655	0.0070266416926205106	0.007568939170576689	0.0056356910574548655	0.0033971932422611753	0.0021747197977318145	0.0015679069841928136	0.0010488350270464507	0.0007922483209570555	0.0006919730565083263	0.0006311443115302368	0.0006193472215950922	0.0006610056954285716	0.0009400806042068364	0.001187819492844873	0.0014374016767852765	0.0023745330085083267	0.0030366446811183182	0.0038008749134794055	0.005442145050706399	0.007440277158471518	0.011116545309510957	0.01749250376039615	0.02753588254486942	0.04573879231479756	0.06880394643330764	0.1027139441337599	0.15219020200363545	0.2217937699391096	0.3116002230475794	0.4121420279970308	0.5455641658910325	0.7367153633826645	0.9417318281386962	1.1792986759801547	1.4873999558847821	1.8059011078853608	2.1596468033853045	2.557584766441361	2.896197007508877	3.1520806807699504	3.3609676970018905	3.5467995129099537	3.735809169919296	3.866466733518809	3.934905338823188	3.894060126877112	3.750543735248292	3.591694075976268	3.5264775508604256	3.4944945340690667	3.40547738000907	3.2133300657360393	3.0627136692615644	3.0167665845775993	2.9317475380284357	2.984862460825182	3.061724188343254	2.825172258895279	2.401763641351124	2.0257973896402146	2.4002307569776766	3.044527717808418	3.0380887186581917	2.0040995919769995	1.0108952171559653	0.8731597682544261	0.7052433080491219	0.6619232878300896	0.5489978563802806	0.35828241389812804	0.291560285179313	0.19990795615505352	0.11469978750786683	0.09176403271958285	0.0629017148751306	0.03150855258052937	0.01640569685012095	0.0036876965819141114	0.0017739873989973713	0.0010912308190008768	0.0007701287773286593	0.0005939097464224365	0.00047188359740578454	0.0003970458081297109	0.00031594081482559167	0.0002466329114566171	0.0002005505288974584	0.00014119642016126207	9.658867384399652e-05	6.156606309903595e-05	3.46539516844873e-05	2.5437475172655574e-05	1.9907589265556534e-05	1.6220998660823844e-05	3.170467920070115e-05	9.658867384399652e-05	0.00011428430874671345	4.6451041619631914e-05
GLDS-375_rna-seq_FL6-1R_R2_raw	0.01604046952583385	0.013795113852839389	0.011327917187000991	0.012054714050411494	0.013577702297456562	0.014610868585260523	0.016037516567526444	0.01818357901743435	0.020528227913515367	0.02292639917891813	0.025496580265727344	0.027993675634428235	0.030506643154031437	0.032782266649676824	0.03490138335502964	0.03702566773742042	0.03886942108060756	0.04033408840108134	0.04177919237276855	0.043572376304941346	0.045392875101457654	0.04743558401060632	0.04969312063661883	0.053233348527411184	0.06173306989549329	0.07695815380869443	0.09119215108997217	0.11120804073715244	0.14957472066592398	0.2067019138414395	0.28141471197713946	0.3941885588567944	0.5375978716966413	0.7264369716167886	0.9614485276315489	1.2016292371634247	1.526855145948617	1.861916989735993	2.1828747664076174	2.5254637009205734	2.847914198016592	3.1441036677650525	3.3940981651118065	3.589107102295492	3.728010938997813	3.8143299706409874	3.8844708510772445	3.9184125229823668	3.875573218577239	3.7172234131810677	3.565729638735118	3.5023008325315956	3.3993758398467198	3.302511794087796	3.061359930392572	2.7873416407359093	2.7731508304698775	2.7466059500050206	2.5131358382267264	2.5583854948502753	2.6431752632100007	2.200132962115468	1.7848798442925755	1.625343687896403	2.591048904928079	3.505446840488349	2.121249848610133	0.7673764164708883	0.6373591386749197	0.5141152089965654	0.42177989392183846	0.36964393852541727	0.26033907941738854	0.17707820522132267	0.12590860543100046	0.09072927487528615	0.070015748827981	0.04522824767581972	0.027333689452722812	0.016282981226829633	0.009706004836657794	0.008030200997204423	0.007214446264783289	0.006784052591478746	0.006517178984446853	0.006309733663351524	0.0061572871907316475	0.005957593385193261	0.005785214443998388	0.005681491783450723	0.005577030883326207	0.005550454258559545	0.005525723232735013	0.005517602597389645	0.005658237236779894	0.005891520943065033	0.006314163100812635	0.007160554775673115	0.008781728886439459	0.013417504309279743	0.13955939344656534
GLDS-375_rna-seq_FL6-1S_R1_raw	0.006328512098947078	0.006440167488192824	0.007455366304065584	0.009403361434522731	0.009916317005042856	0.0076486001695868205	0.004710126973643424	0.003154367749318934	0.0023904965623757126	0.0017288044770300743	0.001335744545884533	0.0011705275308013443	0.0011458067804148322	0.0012554021071283688	0.001957883430611752	0.003092565873352654	0.0043215991800687435	0.007119164098809021	0.015027332147454216	0.02316251908714888	0.03630942615520242	0.05132893006503424	0.05868294129251512	0.08168436348964522	0.12090671806539166	0.2136309566651467	0.4315077022091769	0.5217878826207187	0.5411013808726878	0.7320489889956774	0.9345877449623962	1.104860565512133	1.2730399505166388	1.466481470341121	1.9300725864269261	2.5124629766076727	2.686844797884154	2.9451601589229472	3.3922798390262194	3.7125462245586243	4.075929718890171	4.273035677946948	4.364510282614663	4.484781677395122	4.578978860705407	4.502016160539585	4.3657595045341955	4.173443602877312	3.793783966491287	3.434535429674391	3.106522797008372	2.7609172303172858	2.443963013324167	2.257489861021136	2.115606762227776	2.0477153414162856	1.9074304391354133	1.6385057560557421	1.6735288791658334	1.8287517068802617	1.6783164644906878	1.3271281283373142	1.06794094883489	1.2300097763563567	1.5001948056932333	1.4688056328899597	0.9574239501444431	0.48084578784308396	0.40022194454502014	0.29745696116327675	0.27095878882397456	0.2246428149248185	0.13623399531753555	0.09913226911244541	0.06426777081733463	0.03767359956403144	0.02877495344989999	0.019365823840287077	0.008133538889668897	0.0036384824443881276	0.0012900111576694857	0.000824437025390176	0.0005821736716023581	0.0004330251442704023	0.00037534339336854085	0.00032301780505042377	0.00032466585507619125	0.00032219378003754	0.0002628639791099112	0.00018128550283442148	0.00011865960185525772	8.569860133990835e-05	5.397363834388458e-05	3.13129504895819e-05	2.7192825425163224e-05	2.101263782853522e-05	2.0600625322093354e-05	3.5845088060442435e-05	8.199048878193153e-05	9.682293901383876e-05	4.449735069572164e-05
GLDS-375_rna-seq_FL6-1S_R2_raw	0.02095141453956051	0.017164183250363476	0.014493418988617592	0.018740371995000393	0.02463538398752085	0.029602278551005886	0.034087146839598036	0.03885990914155808	0.04381317314199988	0.04877180675818599	0.05395059461988873	0.05917481769173561	0.06423877838598313	0.06860055855982115	0.0722114186241859	0.07582558306747023	0.07922331069152246	0.08288332339231588	0.09098111698209752	0.10394749986250686	0.1245626938470007	0.15718641387259227	0.20786608640946744	0.22087707840529103	0.23284223447306937	0.2609930645836523	0.32643711518055013	0.434071475822572	0.5752803915242928	0.6970166022529627	0.8015031289267252	1.0396629351761195	1.263634151392227	1.4016477326787193	1.7172340935821175	2.1263942697773843	2.6503774829542066	3.462787127552351	3.8587302011166855	3.697901948627358	3.8010060057706436	4.105941527321524	4.376973295062843	4.722012824418501	4.863448090076212	4.608624300935406	4.203011788557666	4.003340561868743	3.7649961234472182	3.3757026994111614	3.041981493949775	2.723073406137475	2.4501027940650957	2.2632851883259515	2.0461189274473424	2.0493840668672467	1.9823510230573986	1.6317060279120474	1.3974486931666703	1.4152126211909366	1.5059558228908247	1.2566788468138879	0.9763229478562605	0.8611996254403885	1.332458168576484	1.765196327505008	1.0335448776065277	0.35390393885478116	0.2834756457050705	0.22427811040826284	0.1854347231613026	0.15278043763070498	0.1087731322271801	0.08153596288785948	0.06121692386403249	0.044691724887241685	0.03465550001376481	0.027038493556781215	0.02123600417400884	0.01664787404418	0.01404691478711012	0.013424039360770376	0.01297588296980312	0.012545074568163627	0.012214223628841255	0.012008939088462706	0.011965156067778347	0.011748306201181287	0.01154260861343779	0.011424064019698064	0.01134641111508807	0.011425716209157851	0.01149139074018439	0.011568630597429437	0.011936655799597018	0.012485182700246343	0.01347484418665883	0.015328600760539983	0.018959287098422185	0.029218970596335277	0.2769602365704
GLDS-375_rna-seq_FL7-1R_R1_raw	0.0060651927069334775	0.006451853076757996	0.007737108678248688	0.010455435112295275	0.011404747006819597	0.008525601069180077	0.00503352041973353	0.0031270940671682466	0.002270545983341735	0.0014985256709454712	0.0010043633148917144	0.0008014966634591194	0.0007152349890251742	0.0006961620559845029	0.000753380855106517	0.001137006894674565	0.0014352382113105163	0.0017343364794483165	0.002927695221743047	0.0038059170931157753	0.004668100361704304	0.006531179139177151	0.008691188806033178	0.012456359178562065	0.019519846539874316	0.03049068432001864	0.05027711844671143	0.07446159754228265	0.10808241025972601	0.15850734393750263	0.23151376338393226	0.32489007531779884	0.4296568295587045	0.5691887724994938	0.7705837737577006	0.9848889833056871	1.2355385337141747	1.5620307354073901	1.8970762806178445	2.2668050876112575	2.6878604578443706	3.048615016366397	3.294431745627829	3.4916467402198723	3.6932138313511964	3.9090175665701286	4.097315098014156	4.220234949752271	4.178157458610045	3.968018817979943	3.7462716967400875	3.64812108288554	3.593073130324155	3.49792520299626	3.3211516243905574	3.157008662215287	3.1400428547998587	3.1217770536074085	3.189067228326399	3.3060527970343605	2.964472604878721	2.4240774591343768	2.005024746870535	2.1117204682030537	2.4656950325048728	2.400653296505927	1.5781595011477831	0.7465995604590564	0.5909171779903277	0.4470561127250569	0.3747866020551987	0.2854000009328398	0.17452470640990822	0.1260976624681419	0.07640963756693667	0.03858280963827437	0.027575559895052396	0.01684573463242201	0.005528983203040059	0.0023173613644415646	0.001067217298775745	0.0007061319982557629	0.0005509476794248463	0.00047769027751863157	0.000393595981839308	0.00033334285246082365	0.00029389655912670797	0.00023797818725746706	0.0001751242033734366	0.00013827876454486704	0.00010793546198016265	7.369087765713917e-05	4.551495384705654e-05	3.1210254066553055e-05	2.340769054991479e-05	2.1240311795293055e-05	2.8609399561006968e-05	4.551495384705654e-05	0.00012527449201713657	0.00015908560058923573	7.715868366453396e-05
GLDS-375_rna-seq_FL7-1R_R2_raw	0.025089310382766482	0.02046695593824144	0.014685325064603304	0.014236712853636636	0.015064953386262719	0.015123958473972068	0.0154276611312996	0.016741825915649735	0.018462952260818767	0.02029905175483322	0.022423234912369788	0.024470190822757355	0.02660131575531855	0.02875934006610019	0.031027998916336858	0.03339687964349161	0.03531584657686257	0.03689162950745343	0.03891255376149863	0.04123891611662753	0.043645108884539666	0.04581441357973632	0.048264426302491434	0.0523366450763146	0.06197226267143912	0.08018531103137123	0.09520991535030329	0.11521567711034592	0.157155278643522	0.21979308399544742	0.3006296202963167	0.4239194494821846	0.5814777849380741	0.7862397567005038	1.0424671807736572	1.3017025627371703	1.6543772735587672	2.016650289934731	2.3475013616617106	2.6915149065572654	3.0146289361583567	3.3173497661808424	3.575887065893441	3.767274840349045	3.8908735785235087	3.9614493036160976	4.007291484295933	4.040275328325459	4.001090743755182	3.818410992207037	3.6230954746703112	3.5210965033459205	3.377626500302516	3.2544416654638955	3.0877791920632047	2.851799624154078	2.8199841676333848	2.8025481642152723	2.605029934691043	2.7788793145469204	2.8847227276521386	2.295374271418952	1.7412462123560395	1.4742195556492579	2.0819940859634447	2.691798217750458	1.6325636132657477	0.59844261537639	0.4567453681299004	0.3482410858855539	0.2742682296402869	0.22552482086109607	0.14459673990208946	0.08790456485875903	0.05987758205775722	0.039703916114306376	0.028086855610589226	0.01679866169866389	0.010452143882396544	0.00804551725354537	0.006878865188468607	0.006441967222855999	0.006164296221870827	0.0060311009135857515	0.005868836922385042	0.005680975135781011	0.0055087323429823965	0.0052931034562798485	0.005169019227714599	0.005079210013333457	0.0049625014207318775	0.004896554557997899	0.004841454218739904	0.004829306112446803	0.004872258345411697	0.004984194467683844	0.005278786045291551	0.005867969200506963	0.007143086500343559	0.010855200694764082	0.10522429354520915
GLDS-375_rna-seq_FL7-1S_R1_raw	0.007872093161856905	0.007852021138496283	0.00924200875621947	0.013115909264819838	0.014564568950827927	0.010850858628663307	0.006138951144756901	0.0036809002839789866	0.002642173075066712	0.001640501909281742	0.001100101280341874	0.0009457011006447691	0.0009584391154697801	0.0010182691851024085	0.0016350979029923433	0.0028374893023835495	0.003939520584971637	0.006625697711252025	0.013873628146683381	0.021294100782926255	0.033597093101640836	0.04683845251246457	0.052693693327028036	0.07301893298235497	0.11008115211684807	0.18989600900857112	0.4016624174707879	0.47984101845817095	0.4689295577589765	0.6291591162405458	0.7952323355232013	0.9439783806397986	1.0826903440783302	1.2418136252723695	1.6456017472171376	2.110551254343972	2.2327671025836646	2.423984391129994	2.7902992034618253	3.081460886327438	3.3610884897692284	3.5272543491597017	3.6117039134454827	3.7147324513542164	3.8457444778312535	3.895654721918792	3.905281959123355	3.8704211005508937	3.6554771363905108	3.4362643932619514	3.268566112087984	3.0751748690115197	2.9028202644183367	2.939286498859199	2.963902133507859	2.9027040782831146	2.793477917161339	2.634698948368024	2.6211333485798365	2.483120817955333	2.076667748908993	1.605500160545307	1.2846982751832405	1.4327707495159092	1.7140751389092097	1.6943041958989953	1.1289343558989609	0.5735183094835493	0.4762041222254056	0.37690859466129883	0.36684093094414905	0.3043501602148905	0.18850524938994945	0.13936932220359194	0.09544440108201176	0.06038089227369766	0.048547662501711525	0.03263479398167863	0.013270309444516945	0.005817026770088436	0.001990604316744928	0.0011105232924714288	0.0007059948216650133	0.0005018005840155917	0.0003898604537351905	0.0003323463867980188	0.00031767836972679383	0.00031690636882830827	0.00027406031896236164	0.00018952622057819658	0.00011580013477282885	7.025208176218283e-05	4.940805750307364e-05	3.5898041779576944e-05	2.3932027853051294e-05	2.470402875153682e-05	3.782804402579076e-05	5.288206154625851e-05	0.00011348413207737227	0.0001246781451054124	4.6706054358374304e-05
GLDS-375_rna-seq_FL7-1S_R2_raw	0.033229266387699734	0.024453970054119634	0.014607846428820738	0.014547175232573949	0.01583981950929693	0.01627456534227551	0.01671433490487962	0.01779868762251331	0.019504437050751045	0.021299840730767478	0.023162485099617932	0.02519941424240024	0.027361163744339955	0.029543781046262645	0.03181025598885765	0.03446896828298443	0.037281097551060106	0.04054420316321223	0.047891600960920454	0.05909760955177635	0.07596574787134529	0.09976470087044385	0.13250666548446716	0.14346187403478697	0.15938168677735196	0.1895886001341846	0.24833918590105894	0.3391345971862291	0.4747544292755633	0.5869033965544201	0.6766963805589269	0.8878070248496236	1.0798804389447434	1.2065294356858425	1.4952563162502412	1.8747987030183124	2.3442121348204563	3.033892151376196	3.3353236577228205	3.1627855959376854	3.2247378432389846	3.4585016437334177	3.7161092243528397	4.043882850211303	4.18551029005129	3.9936185031041704	3.7804929567928953	3.796458755983571	3.7047799411657887	3.464679671850599	3.2686158706698465	3.004924939914648	2.8060729687917263	2.902664991183277	2.9215808789863607	2.860257370769734	2.827980294366442	2.491030633126578	2.0718958467389625	2.0084608263166515	1.9862578735755099	1.6806814038470823	1.385202630665971	1.1489138263735974	1.5633680425131806	2.0248277509958887	1.2389390612630997	0.47445377837951236	0.37904117312773944	0.3006381435065311	0.24447323273384317	0.19833452697149237	0.1369321848438189	0.10253934538669827	0.08264576251033884	0.059449657066303896	0.04236549837283716	0.030458872719590004	0.02140958990104829	0.012994069896804246	0.0076557775085677	0.00678705872409139	0.006370089165172377	0.006108855224644804	0.005983261984006547	0.005759899236040663	0.005562041576942856	0.005459248339989698	0.005319743232696126	0.005216177114262118	0.0051137703180493856	0.005112997436568535	0.005101017773615347	0.005053099121802598	0.005114156758789811	0.005308536451223789	0.005613438195419434	0.006179960320883078	0.007574624953078366	0.011668964597885531	0.1341413098164666
GLDS-375_rna-seq_FL8-1R_R1_raw	0.005686414338935038	0.005952385681601128	0.008090371538508773	0.0129221212073404	0.015247005845580973	0.011657338563623845	0.006634150062090878	0.00399940691795624	0.0027887265530465847	0.0017324079346629098	0.001166036526453612	0.0009473573855418053	0.0008607180719279583	0.0008523946444192042	0.0009042268975418988	0.0013132098583129418	0.0016147449366982528	0.0019117399637151528	0.0032911589044840915	0.004344072484341458	0.005262297873602624	0.007363584981948944	0.010018380019627399	0.01410556126403959	0.0213208379012871	0.03287678198434976	0.05313827456634091	0.07851716171575956	0.11668083351862417	0.1736459930509217	0.25335567492611727	0.3559422973091229	0.46753032820523177	0.6135285434353713	0.8347887035501196	1.0722844656959205	1.333162249064267	1.6646896634645307	2.011795129122655	2.392733814253408	2.820950324309111	3.179300740531562	3.459281925045341	3.684916424653553	3.8548486556851147	4.029930818318911	4.144514904780556	4.188870449974706	4.1121257999806975	3.940496346412578	3.7658727289669915	3.6520180774252036	3.551492638363457	3.405568577305668	3.1973145293485756	3.0031978230151015	2.9212994580427183	2.843405418377273	2.8739758542664697	2.925638612138077	2.6719496217739955	2.2348126674545927	1.888413179784256	2.069338388529197	2.445560716963399	2.3451521842243883	1.5574494884289036	0.8611822921803782	0.7091647255109534	0.5406259119118804	0.4811107568609918	0.38385074974597466	0.22975497456265967	0.17036694095008673	0.11106403330067144	0.058056285211172357	0.03917307655710804	0.02382429789335185	0.00892990270405081	0.0038272633035706487	0.0015216738836458233	0.000979516082734718	0.0007479734629457465	0.0005758298485601548	0.00046838196617442294	0.00040784794792894023	0.00034693559206942315	0.00029434666371866	0.00023570433354334853	0.00018462875564872246	0.0001237163997892054	8.058591178929893e-05	6.469573199985971e-05	4.918388982445475e-05	3.70770861753582e-05	2.4970282526261643e-05	2.837532105257005e-05	5.296726596479743e-05	0.00016192849880666642	0.00022132750421004639	0.00010820455761380044
GLDS-375_rna-seq_FL8-1R_R2_raw	0.03337678312601426	0.023741845742770717	0.01329020855461279	0.013285286395380572	0.01457792113528679	0.015042118613647956	0.015672912250637924	0.017079135280518323	0.018935925193962987	0.020977106764799074	0.023099693276783326	0.02562778998397542	0.028010493680000557	0.030069470749599262	0.03201637403975678	0.033921249662623845	0.03590942336480532	0.03772342835569304	0.039310256766632384	0.041292372426681906	0.04391588329745231	0.04712929602082198	0.04943173065859868	0.052833699943325506	0.061783321310391465	0.0758114751222032	0.09106335344467015	0.113012397344015	0.15296556383190127	0.21215907213088134	0.28966452728423286	0.40383325342018506	0.5457409972230995	0.7367537160371201	0.9806149012721631	1.2299851185709538	1.5746161552565943	1.959660391004516	2.3270215803968908	2.673744156128589	3.008835290966931	3.338565815773757	3.6077212200478845	3.8451290759018613	4.019281127579747	4.109311963468552	4.193066289081017	4.216814571493552	4.121849460288269	3.9062588859172678	3.698691052467143	3.601815386224494	3.4461982930769617	3.304228075714562	3.0702301403256103	2.7814046518766533	2.750696057682133	2.7278046096036355	2.462573680748116	2.4489775410658394	2.612209971800874	2.1904990574216523	1.6463789650964844	1.4630084664319265	2.0349467095994056	2.569609440901323	1.6459681541144109	0.7286760741094227	0.5834708622485577	0.43358240519205715	0.33164373023762533	0.26983239048237356	0.17774560654503602	0.11636135876008719	0.07928349051908076	0.051742116476673594	0.036619728804777214	0.021366335971777277	0.011604936959029144	0.007911424396701923	0.006099691171613687	0.005496537351850769	0.005100492847474113	0.004867258225393789	0.004679458919303138	0.004512862760674335	0.004340208559913575	0.004165661220986578	0.004074790589007232	0.0039123593343441485	0.0037783251521746105	0.0037847618219398146	0.0038214887023648005	0.0038396628287606705	0.003894942463214773	0.00406797529160878	0.004409876044431074	0.005063765967049128	0.006426068191472842	0.010106707414269655	0.09694230470610067
GLDS-375_rna-seq_FL8-1S_R1_raw	0.00936972140027251	0.009522851523919136	0.011436018607574353	0.01510269831013041	0.01592284636585181	0.011896560332827365	0.007074688469428338	0.004473395291290914	0.003196927142797985	0.002275076122749875	0.0017189719895068637	0.0014476361563786314	0.0013413277747993948	0.0013351872184626879	0.0019273671201838515	0.0030453321582355358	0.00414679445113232	0.0066271954263908295	0.014325534148765954	0.021843494028750316	0.032294337129054274	0.04517799189300725	0.05206232311599768	0.07244474852138282	0.10913917805045856	0.19024441371522427	0.3903916258777014	0.4707304433546919	0.48151095757332274	0.6639250106049327	0.8600463205191564	1.0246447006941246	1.178904686706705	1.3644776721887795	1.8377134625288476	2.4019937465341834	2.553600628424536	2.8275062843796794	3.3088629604750426	3.6304001443644798	3.970769263184283	4.154133567308999	4.214592717430672	4.35644379044108	4.4993341526114765	4.454856567925625	4.377375028069059	4.205778716378871	3.817192414064161	3.458502177844251	3.1335546824793155	2.8209742675765077	2.52421691499908	2.341772926755329	2.2133228503802402	2.117920864424537	1.9782220564101438	1.754852411536555	1.8138228605313476	1.961558121651406	1.7812890417051621	1.3938011314051808	1.1303110103514045	1.3101870946920993	1.5890804175317335	1.5656465194117761	1.0372919440391144	0.5459879504630574	0.45492465134400856	0.33605269149986966	0.30735211496687304	0.25649717874058037	0.15993078978952896	0.11881822997619268	0.0782713689153755	0.045853069305273955	0.03382218430258113	0.022258365366249068	0.009039282712403476	0.00398598863206481	0.0014933065441328883	0.0009038131358090341	0.0006689368559299986	0.0005073634673204005	0.00039683345325967786	0.00033159004218216796	0.0003277521944717262	0.00030971431023264995	0.0002613574290810838	0.00019150860075104376	0.00013010303738397562	9.287591459269057e-05	5.680014611453803e-05	3.1854135996666596e-05	2.149194717847385e-05	2.7248718744136487e-05	4.068118573068264e-05	7.215153695630507e-05	0.0001608058190675097	0.00018536804441433695	8.980563642433715e-05
GLDS-375_rna-seq_FL8-1S_R2_raw	0.03432741731352167	0.026892556750866287	0.020660133761342583	0.025441392097285336	0.032246349403570754	0.0380517780707752	0.04352184870845749	0.0500792340136146	0.05745249034581816	0.06510181063573398	0.07232144141824828	0.07897893359788963	0.08485751728875562	0.08946666880587356	0.09365306129151582	0.09775320785452553	0.10091812519398835	0.10377964169847591	0.10996701659448171	0.11932238904147294	0.135533157258432	0.15820582422334786	0.19063390610675152	0.2020064320745999	0.21681031367861525	0.24291780151766101	0.30054624894670723	0.38867264071381313	0.5093699591736829	0.6239877101408375	0.7257844656716451	0.9461366375748005	1.1643230357511334	1.3190624669322448	1.6274932873239056	2.0183686643028125	2.5332564373927777	3.3702981432604298	3.81873920835861	3.666040032284775	3.7364840847800034	4.004705053902874	4.2096669489334	4.5589182725282065	4.76158271478932	4.530930315554619	4.169579151046192	3.971978961554659	3.7660802971948253	3.3832107749895743	3.0104455016577445	2.708637521066096	2.4496810581503006	2.3267709927378895	2.156643209816351	2.0789344784450896	2.033471326424519	1.7663076399067785	1.4990788839206233	1.5152719409213276	1.6581371566828484	1.4014823818273097	1.0328472871208352	0.8900525311978935	1.3950693814372739	1.8254284498185205	1.1037337349959961	0.4469683389639408	0.35987343303046265	0.27322400268843944	0.22489471384609713	0.1858761343836685	0.1312508931891491	0.09879123913763889	0.073918531092712	0.05129861275012054	0.038118002618510914	0.028006053216283137	0.020168454997048908	0.014910148901544785	0.012125252658681689	0.011296675759104558	0.01071336070201378	0.01032486902372692	0.010112334428668102	0.009916355970543213	0.009686110159229494	0.009536719900383803	0.009486281436701365	0.009553276037317732	0.009569062121371015	0.009623350849456692	0.009866687559741424	0.010230537545847553	0.010798066518885048	0.011810301030496701	0.013331925522656933	0.01584229791356906	0.020452989536448304	0.033009856834733134	0.3573056916999423
GLDS-375_rna-seq_FL9-1R_S10_L002_R1_raw	0.005850525162066717	0.008450758567429701	0.011110261998944344	0.009708812670906794	0.007527293321260347	0.00605892622176125	0.004743514028459976	0.0037856339283961105	0.0033229453371476972	0.0029883564798399605	0.0027034779670465155	0.002531403697573965	0.0023402100648266867	0.0023249145742069047	0.0022465251847805204	0.0021126896418574253	0.0021910790312838096	0.002407127836288234	0.002636560195584968	0.003080129423558654	0.003909909789681842	0.005070455140457821	0.006575149030178901	0.009414374476475985	0.015341377091641612	0.026713574367449724	0.04069938860291314	0.05887807920452436	0.08973099572095265	0.13446839384748832	0.1929870290224478	0.27648128844318426	0.384612759379735	0.5183775606587133	0.6940825972171346	0.9285662922910517	1.398229627262086	1.692782537872543	1.801554507478797	2.171919517346205	2.4485805278041712	2.6371395122921926	2.9265894648446245	3.165478261217039	3.407083919110792	3.680538612347587	4.045359006865324	4.383811887490883	4.3680231172986135	4.369780186783561	4.60215119221562	4.731185863020431	4.564390449748033	4.3363786591426114	3.930315886104959	3.739783783326986	3.703235208491016	3.462830246610916	3.339059136515638	2.8952107658381414	2.3663653537865144	1.9812746103249113	1.7346845344254365	1.663447698800128	1.6160622688600426	1.5132631883408134	1.085551560267187	0.708351378029064	0.6060838158088723	0.4298587325693784	0.30051050420686215	0.26337878879101323	0.17187542809449333	0.09492763865902369	0.0580884495012781	0.05313079860414118	0.04876393603219334	0.01982677971589276	0.00496721057877429	0.001915760200127729	0.000644322542358328	0.0003785633928396111	0.00025046365889893463	0.00015295490619782266	0.0001261877976132037	9.368488004616639e-05	4.015066287692845e-05	3.250291756703731e-05	3.6326790221982885e-05	4.397453553187401e-05	3.250291756703731e-05	2.485517225714618e-05	2.29432359296734e-05	1.3383554292309482e-05	1.720742694725505e-05	1.720742694725505e-05	1.3383554292309482e-05	3.059098123956453e-05	0.00011662811597583978	0.00011471617964836699	2.6767108584618964e-05
GLDS-375_rna-seq_FL9-1R_S10_L002_R2_raw	0.017184341771746225	0.02337767350432187	0.03362586663089914	0.04138906915813075	0.04774704587648739	0.05327222528304483	0.058272838106997724	0.06206924516285475	0.06495819032033749	0.06704305531470377	0.06866653145356749	0.07016939556796375	0.07110940356817848	0.07095624544187057	0.07087583742555893	0.07042019199979294	0.06956059201588985	0.06940743388958195	0.07015025080217525	0.07180818751945826	0.07368437456673002	0.07558162085636912	0.07842844752911718	0.08409912715566713	0.09247496218813032	0.10389672945754187	0.12100640664271299	0.14335792070077194	0.17411398693997684	0.21473152203683155	0.2709558702044611	0.3426108995976115	0.43013885430599663	0.546293977297907	0.7073416615872412	1.003513102811719	1.3093545652359617	1.5688484641628555	1.8360155852177749	2.430774537109238	2.6574351627088757	2.5772358243443234	3.0534216693247895	3.430502719724573	3.469839469990178	3.5552098095942	3.6650299295867	3.9400176874662165	4.062408260675437	4.05879564337115	3.947738771508714	3.9921527136614254	4.118199937136247	4.1190691095030445	3.893298715512571	3.615437328288203	3.3005269903099537	2.661846116746543	2.539668050437575	2.4370291320923365	2.2138662552022548	2.052638610114509	1.8203628247091077	1.720237614111898	1.6348462152655077	1.3868085441864448	1.1020626991845364	1.0266533812202636	0.9982597790793581	0.76641092195104	0.7119708659548974	0.6235699099265573	0.3586599567581004	0.22028733306865056	0.15442742427967532	0.11273586782208646	0.09125544060740369	0.06671567981972064	0.050695339807914436	0.042149116359933694	0.03563032360895376	0.03501960558030102	0.035023434533458714	0.03523594143371092	0.03523594143371092	0.03555374454579981	0.03605725188603703	0.03619509419971414	0.036405686623387494	0.03661436457048201	0.03729400375597331	0.037684556978058455	0.038029162762251226	0.03914913156087774	0.040114027756617494	0.04112295691367077	0.04298574262489059	0.04640499779471443	0.052022072077056614	0.06433598543221165	0.1751229160970301
GLDS-375_rna-seq_FL9-1S_S9_L002_R1_raw	0.010037001549968892	0.010694397692684909	0.011784673850752016	0.010750930530510612	0.008395934029085662	0.0066563378479919215	0.005207481975716077	0.0045113204584910065	0.004328800153510883	0.003926609392979462	0.0034081225089208815	0.003196528173058969	0.003146456230984776	0.0030269296595818638	0.0032530610108846714	0.003810313269452304	0.004391793887088094	0.005593520496868727	0.010938296507304365	0.019981935335478783	0.03349166835188364	0.04832911544522356	0.07446989965582808	0.09273000627352979	0.10532067686928252	0.1368983048547817	0.2104507573138955	0.29463945940393066	0.43462607242793355	0.5718861874447997	0.6665722299070987	0.8329225280451333	1.013420572655034	1.165306540429378	1.453024765259505	1.8123700956147963	2.275500024874449	2.8977472794783217	3.1835498487181257	3.1508593314394298	3.3068366614484166	3.595834143637342	3.890607666628117	4.203922345201783	4.3258959808705795	4.168649084846422	3.9636981650409977	3.8356706700530374	3.687950364814479	3.587833939473036	3.4764093313425155	3.2776043386207148	3.0794745095049465	3.0888944955106465	3.0042438393743787	2.7048330084579586	2.5605628215507057	2.602476267514681	2.506456050079695	2.239842341221872	1.9856852393729572	1.7847497662770964	1.6597653531880967	1.4778265288256094	1.367127156243196	1.2363408587693416	0.8209052619473269	0.4990735075492337	0.42277840484360435	0.3071687514900441	0.2262040363800118	0.1776665570468021	0.11443215510284777	0.07976621894812741	0.05513566911943806	0.03708231116578465	0.026542974971135946	0.013469352417957929	0.00510249241975406	0.0020335669377873886	0.000670317934219036	0.0003698862817738777	0.00024712926249521086	0.00014537015440894757	0.00011306567565140367	8.883731658324573e-05	4.684149419843866e-05	2.9074030881789516e-05	3.3919702695421096e-05	2.4228359068157927e-05	1.7767463316649147e-05	2.2613135130280733e-05	1.7767463316649147e-05	9.69134362726317e-06	1.4537015440894758e-05	2.4228359068157927e-05	3.876537450905268e-05	6.460895751508781e-05	0.00015183105016045633	0.00013406358684380718	2.745880694391232e-05
GLDS-375_rna-seq_FL9-1S_S9_L002_R2_raw	0.01299709690529354	0.018536551472320712	0.028484926667002215	0.036830499094990594	0.04320127618682127	0.04800968448690062	0.05230862470271325	0.055632297442929544	0.05803245819547505	0.059879482170816664	0.06141597321860522	0.06291041293245431	0.0638112818941577	0.06390508871602268	0.06451159834014975	0.06587826669318272	0.06738726263801087	0.06966612146573094	0.07514573374984425	0.08565371515772033	0.10022126764975355	0.1185281541444048	0.13045294203424168	0.14559950904744154	0.1757082641481066	0.2459970688279413	0.3982034893808737	0.49651465605437634	0.5548899943573579	0.6934653132779092	0.8536000276374306	0.993373809575257	1.1186770805609103	1.2807186611786874	1.5583431852061078	1.9296677854046678	2.1866499565447985	2.4583597987177317	2.792915359463213	3.1166184413343134	3.3504287101147954	3.510993641967697	3.7858589515450887	3.951445783085763	3.930636842221713	3.86778788893117	3.805495307135827	3.780393895491955	3.610239642141854	3.4068923300825285	3.204567188909731	3.2679029672585727	3.204764506707446	2.8691560452544813	2.753464738791993	2.724502691220678	2.4223913519685008	2.0080239767648913	2.0220869132496504	2.0521002441694534	1.978602599238237	1.817850053741605	1.5744617849769087	1.4508486541438226	1.3118382656528975	1.0844941981451093	0.82484985409481	0.671457909396584	0.5888933499244177	0.42318036438192497	0.402025308692373	0.3599383928549479	0.21697194425571664	0.14819375287970768	0.10782770701580574	0.07849851895201865	0.06054745143685527	0.04591520458491516	0.03565467910368293	0.03122796752705421	0.028860153954462158	0.02869841805469494	0.028653132002760116	0.028687096541711234	0.02888279698042957	0.028701652772690284	0.028593289719846253	0.029023507213227044	0.02914157442005711	0.029455342065605516	0.030039208663765166	0.030194475127541694	0.030307690257378745	0.031038736524326566	0.032062524769853044	0.03311380811833996	0.035103159685476726	0.038126003652126005	0.04342447172850002	0.05633099652992392	0.16644726652743577
GLDS-375_rna-seq_GC1-1R_S4_L002_R1_raw	0.003386041646327645	0.004509633464045024	0.005723295821497899	0.00516302653195676	0.004193623265312011	0.0034333668451717193	0.0027815003965775335	0.002485336248972681	0.0022578699706576133	0.0020365101696127492	0.0018853748571752214	0.0017632453117711585	0.0017052337777042287	0.0016563819595426035	0.0016182164766038339	0.0016640150561303573	0.0016930208231638224	0.0017540855958658537	0.0019433863912421516	0.0022517634933874103	0.002874624174948131	0.003653200026899032	0.004703514117373974	0.0064301205655239125	0.010341319257089029	0.01703859820318433	0.02484572939313905	0.036263315269101384	0.055730764806509014	0.08313205493722808	0.11936636443929599	0.16802124870895713	0.2318278297053098	0.3141187173985674	0.42348419868858816	0.5920825094995795	1.037940840906192	1.2614882874331064	1.250805005448886	1.5372980196770545	1.7338807891980692	1.8304760998967777	2.041157198815374	2.332657524405109	2.695469291556276	3.110094518345117	3.5863554734607535	4.148586468824945	4.296079267570796	4.472388532554737	5.032392190334622	5.391639301379309	5.238014072834854	4.883264382299673	4.444411706941302	4.338607828519127	4.335826328122549	3.940352540672383	3.7041677394347827	3.291647720684845	2.7789326228854128	2.2529664694096403	1.9503248760404195	1.973898931542039	1.9265233542604854	1.8148145123180242	1.3378055137367877	0.883933957532351	0.7914788384228405	0.555782555366857	0.39061913802035486	0.37295920575492736	0.27773174596474437	0.18102499205585473	0.11230727671494116	0.11974649264936615	0.12001212441061998	0.05055247208137674	0.01587989414116328	0.006149222611094568	0.0013785372437483602	0.0005923282952097051	0.00035417568167178253	0.00023509937490282114	0.00015876840902528182	9.159715905304719e-05	6.259139201958225e-05	5.953815338448068e-05	4.5798579526523596e-05	3.5112244303668094e-05	3.053238635101573e-05	2.747914771591416e-05	2.137267044571101e-05	1.831943181060944e-05	2.5952528398363372e-05	3.358562498611731e-05	3.816548293876966e-05	6.86978692897854e-05	0.00020762022718690698	0.00020151374991670386	4.885181816162517e-05
GLDS-375_rna-seq_GC1-1R_S4_L002_R2_raw	0.011519249358484715	0.015969729394755362	0.02424517526288611	0.03177887445830508	0.038690118198479326	0.04516854893168979	0.051307458507494054	0.05703037819674655	0.061760733781689885	0.06437443494388458	0.0664880306174674	0.06890597183304949	0.07035887768681483	0.07022276334893576	0.06964007163284672	0.0687377406289293	0.06792564272540362	0.06863680190645718	0.06988935968986118	0.07102415563038106	0.07193566288179594	0.07412266853535848	0.07749799823984278	0.08112414537592448	0.08652283765359987	0.09465146356177118	0.10571037117079972	0.11893181444006422	0.13815146482350518	0.16416153835507047	0.19893339887213213	0.24284480189666915	0.295478228167547	0.3651305347970569	0.4787080088223502	0.7710173728541058	1.0361053986846307	1.2141261295100396	1.3809350152681288	1.8464582858112044	2.0147460767909684	1.8973375194354836	2.3500018084854446	2.814014056940604	2.8246799152818243	2.9625239758141646	3.291220219922536	3.878423591031166	4.120277358198109	4.116961674102358	4.101394170222909	4.278267870111134	4.492859005963108	4.644909426996107	4.532700743222519	4.13803645585487	3.6751987670793866	2.8554126975254186	2.745080556365062	2.63263329015654	2.3019366240937216	2.115652682396845	1.9191754591048678	1.8105302181094622	1.752701506380436	1.5665307384026952	1.3124878558099526	1.385803014565534	1.4633912459057687	1.1059534652607534	0.9812543792685322	0.8808891722650061	0.5368043611033857	0.33102548159814443	0.2420449389898068	0.20621933938511955	0.18811307369803767	0.14206207563200832	0.116550578214472	0.08595238093417411	0.04673615787917344	0.04353823562630681	0.04337612192051825	0.04343423815466886	0.04361317498086943	0.044073516730325606	0.044847380269278515	0.04529701639665431	0.04594394184522561	0.04684015535081138	0.04797342191674834	0.04884822417817337	0.0493315065463732	0.05094499673134417	0.0528047162241638	0.054288209569587347	0.05608828345367345	0.060035599252166415	0.06688107988527549	0.08398713459513363	0.23313786141893386
GLDS-375_rna-seq_GC1-1S_S3_L002_R1_raw	0.008478092107574418	0.010289095108471343	0.012642634873350045	0.012044698228539142	0.010048392177972385	0.00816670657050037	0.006739682053970832	0.006025214625346939	0.005539988082912531	0.0049974513189307524	0.004428169784893533	0.004059474026272113	0.0037270747412973615	0.003643019749694551	0.003793936666435961	0.004279163208870369	0.004905754964454959	0.006279289940873617	0.013599715573191142	0.024622381517468834	0.04109142884946502	0.062202604126798254	0.10449945796947632	0.13023556812568238	0.14035464291022987	0.17314373099819905	0.2589829808318514	0.35919181354814783	0.5220712838672127	0.6788949741094388	0.7842158785877608	0.9727206593013735	1.1671207514714925	1.3135464571843072	1.6180165608583068	1.9907011108994244	2.5039829171219887	3.297807809522525	3.6339647346900663	3.511089709351785	3.7355547437456544	4.12882130468515	4.4546031694119	4.826342100797485	4.870579860809901	4.538665802377583	4.189640822131939	3.9627840411588253	3.733808692329178	3.516683186974808	3.227692574140753	2.817989441661471	2.5311193070246687	2.491493109506098	2.4862492242345136	2.391738937880744	2.242728541176143	2.1543695519351242	2.030762866101755	1.8237793596205514	1.6380636763555774	1.421020315652092	1.280881541243024	1.1492151279193756	1.1205485551013805	1.116827211382238	0.7842521750614074	0.47076717353800623	0.3825399978065468	0.28898106113046357	0.22923706550804757	0.17879260850205161	0.11699690694823969	0.08405117092137433	0.06168490179215367	0.04164542765775627	0.027720954162463358	0.0159054968201137	0.0074484184604399865	0.002876973121678025	0.0009016808190119706	0.0004470197280694939	0.000261716678399661	0.00019676509397930717	0.00013181350955895332	7.450328801158232e-05	6.495158442035382e-05	5.348954011087961e-05	5.348954011087961e-05	4.775851795614251e-05	3.247579221017691e-05	3.438613292842261e-05	2.6744770055439804e-05	1.1462044309474204e-05	1.3372385027719902e-05	3.629647364666831e-05	4.393783651965111e-05	8.023431016631942e-05	0.00023306156762597548	0.00020440645685228996	4.2027495801405414e-05
GLDS-375_rna-seq_GC1-1S_S3_L002_R2_raw	0.0224134462918463	0.031059616915698897	0.046463120092190606	0.05852527446185482	0.06867562616369506	0.07685484998980086	0.08367342146673463	0.08930740250184353	0.09266214732336048	0.09481890568836311	0.09690102911438163	0.09869226765000047	0.0996778315878677	0.09978499970538336	0.10017922528053026	0.1007763047924032	0.10089878264099253	0.10288713396418483	0.10949902407162414	0.12093922061642066	0.13729192711947966	0.160744521407951	0.1756504583245486	0.19333128399824803	0.2266108119196284	0.30716678939648795	0.4623423961263931	0.5754908773427022	0.6589480488580214	0.8130290098161593	0.9986748088154274	1.1559363664041196	1.2849189369833671	1.4505032471269808	1.7685609964659974	2.1931189763025842	2.4750744660535133	2.7974572144208407	3.167284819385457	3.465482020089161	3.748047985366653	3.939477035278998	4.189031392928898	4.309899806039104	4.278943529808152	4.159558246895708	3.947005595534473	3.757157275355484	3.4954431638003247	3.219485261197504	2.92596326962042	2.6655428303409856	2.476044720260307	2.3707730956813986	2.2735275976178597	2.118899313773838	1.9135269262861516	1.7598688966489238	1.7541813315550572	1.7676309303032722	1.754759273903088	1.5893433708012847	1.3813338821361598	1.2977905933835514	1.1739941942055079	1.0040159912437525	0.7589933139916569	0.5515081836158052	0.4600038347048907	0.3600561691068496	0.3486695566208109	0.3015729964054474	0.19400873959825773	0.14345792130939844	0.10758530768741595	0.07930440696158733	0.06707001811734438	0.05555901406633213	0.0447790496740874	0.040455964362161104	0.03788775697455372	0.03769447161974869	0.03756625262200674	0.03737488098358592	0.03756433890562253	0.03773465966381706	0.03729259117906497	0.036618963011823685	0.03691558905137596	0.03713566643555989	0.03724474826945977	0.037679161888675025	0.038100179493200825	0.038542247977952915	0.03980721450791453	0.04180322069664367	0.043984857374641	0.04803428124362553	0.05519158052056416	0.07267912083945859	0.22657062387556004
GLDS-375_rna-seq_GC10-1R_R1_raw	0.0035961001383053894	0.0037257494016353114	0.004407704526750702	0.005882742716978562	0.006356888594299422	0.004865922066005314	0.003014160159187366	0.0019284401854159307	0.0014268827495624596	0.0010057078569735405	0.0007264063011142221	0.0006260207286501964	0.0005811991261847091	0.0005708271851183153	0.0006223164639836273	0.00109238765017126	0.001374282191297177	0.0014361434112288827	0.0022984962256061944	0.00286932341072451	0.003449040831042591	0.005038911225934096	0.007144785688878692	0.010159316274532716	0.015398998645394863	0.02404327067130077	0.03999383432554779	0.06065288879747093	0.09210468880191013	0.1382620491061624	0.2056533657585894	0.2960333489317449	0.39760687907433917	0.5237696885000866	0.7041288534094748	0.9118754991311425	1.1485587491486489	1.4549803379113204	1.7826136574341673	2.1246561960835018	2.54473203334585	2.875206894294422	3.079494497670447	3.28451147075932	3.48049263104703	3.692718473603514	3.8445366496834525	3.8595229932449917	3.774844984673086	3.6604435859901625	3.5380391234951167	3.5105164370225075	3.516716635221411	3.344958772867796	3.0810847384918056	2.951056528886493	2.8996980105639105	2.797531427648199	2.8442996211959684	3.0167531444539644	2.8548497373928243	2.4497932116475476	2.136905088056446	2.5195822988186447	3.04820864872307	3.0281367202007985	2.121596473468916	1.184663105574299	1.0284516715998087	0.8437140658545358	0.8164162282471873	0.6917288274381344	0.4786624872288067	0.41164233789597	0.2862340871828027	0.1668015562297449	0.14351654853569085	0.10497774937117144	0.051355925337315526	0.025991713885916177	0.006105369023439371	0.002706706191862122	0.0015317134396263682	0.0010234883273730728	0.0008071592708454309	0.0006552844195160932	0.0004974827447202449	0.00038857736352311014	0.0003063426879252737	0.00025929852665984473	0.00018224982159520514	0.00012112945459681317	9.149533726425948e-05	5.5193543531881224e-05	3.482008786575057e-05	2.7041132065955232e-05	2.4448146799356786e-05	3.2227102599152124e-05	8.186424913117954e-05	0.0001022377047973102	4.6673734798772045e-05
GLDS-375_rna-seq_GC10-1R_R2_raw	0.014382240826526033	0.012245702859745874	0.009744362991297889	0.010251155877049835	0.01189906690643346	0.0133078547380775	0.014801911306899996	0.016706370015098795	0.018802498015129166	0.021142939483857804	0.023675420978057922	0.026066282221813824	0.02852684138987211	0.03102373245464122	0.0333608373206107	0.035685707976463275	0.03767135735180156	0.03922806790576823	0.04076142224042079	0.04259062201971861	0.04443428041097277	0.046250504512873866	0.04802261131162611	0.05095919247332412	0.05846840234962677	0.07180851091437611	0.08487872538927366	0.10332902644649182	0.13766563470733595	0.19042251460056586	0.26159039778518384	0.3706999031450951	0.512478086119912	0.701233782275459	0.9295504651454101	1.1711905735663148	1.4907551857591304	1.8214692414384885	2.1546405196831464	2.495507116091339	2.81413896244615	3.1114158096750772	3.345706865152119	3.5351662137562077	3.6758477666241824	3.7798459672907048	3.8548505729147133	3.8788314784120543	3.8470266101781303	3.6994861142382494	3.5786069280122317	3.5550508832662238	3.440308821715216	3.2161132139864637	2.9044960188323197	2.660648191585773	2.6657950867085924	2.775318701544279	2.589651216609152	2.5251965781759576	2.5949916346920023	2.2041360557461203	1.8532581681258966	1.7473403086719388	2.6575444095524774	3.4278458689424847	2.1032746324068445	0.8819979440891853	0.7500716368612391	0.6193439114911101	0.5486868992622831	0.5013279011660893	0.3559202358565895	0.24454554795685057	0.17494475586811664	0.12937825492086993	0.10515155302027132	0.07367923286134344	0.04663569676473654	0.026131531342437335	0.01424136204336163	0.011380039810564601	0.01018627749006623	0.009527483811952687	0.00905776429019137	0.008823089896130667	0.00858841550206996	0.008422326831391927	0.008220276997642979	0.007948529239591641	0.007621171435554356	0.007411336195367375	0.007327550392748545	0.0071599787875108855	0.007095841867807091	0.007207803427058802	0.0072971502342762265	0.00771867438284972	0.009014017720682424	0.012725061456144753	0.09608859845912125
GLDS-375_rna-seq_GC10-1S_R1_raw	0.0042201539545512305	0.00442991990878649	0.005035713341102272	0.006411387738645139	0.006996337619482997	0.005348366613271105	0.003142054515342104	0.0019530851214631798	0.0014457442088941794	0.0009259858614021615	0.0006159934681454034	0.0005428192980633361	0.0005521323742555992	0.000642158777447476	0.0011650214836702482	0.0025336002041142476	0.0036352040737133704	0.005303131671765827	0.01147947510651099	0.01807313305063328	0.02865101368576946	0.041697746471492735	0.049223155514660014	0.0693682262781625	0.104202679075776	0.18500159768039479	0.3451665515954798	0.4259743397964722	0.4793790665214584	0.6526577186748873	0.8370694881964387	1.003912361221195	1.1545824122183586	1.3300496372769695	1.8141655117417401	2.3526120987928993	2.52996633047999	2.8598997937836583	3.3066014933455588	3.572248122133491	3.93895759288095	4.136577078362405	4.201604080695517	4.36115525854155	4.481426985367348	4.475551764729486	4.407059854573034	4.137076436638238	3.690032814136136	3.38892066076861	3.160309031638578	2.9135023125077755	2.6841057240986808	2.522438704037729	2.4184258343243483	2.346752399948691	2.119101791585737	1.855285404009494	1.8895490982804672	1.9844457968410791	1.7684245597633492	1.4132517730190106	1.1890221679773476	1.2905040983655267	1.3919767156775136	1.311680703187277	0.9242363335174721	0.5287969096765185	0.4418398303097205	0.3256667439681556	0.3220266616164368	0.27601119563028337	0.16038580686478732	0.11490606449959838	0.07548336949792994	0.044621165436226	0.03553559439094531	0.024780321828337438	0.010656376563042405	0.004892912839487571	0.0016359970511075543	0.0009583598881657429	0.0006474805352716263	0.00047851472435485266	0.0003876013615256174	0.0003410359805643018	0.0003326098640093971	0.0003348272631027931	0.00030245323633921176	0.00021375727260337254	0.00013215698596640043	9.046988301055601e-05	5.011321951074916e-05	2.527834966471418e-05	1.5521793653771862e-05	8.426116554904727e-06	1.1973955104338295e-05	2.394791020867659e-05	5.898281588433308e-05	6.430457370848344e-05	2.749574875811016e-05
GLDS-375_rna-seq_GC10-1S_R2_raw	0.016590818373543995	0.012668674743286895	0.0081459223734496	0.007902396377859104	0.008320249725484324	0.008389448369040091	0.008589947002932448	0.009120913517908443	0.00999565534542111	0.01098351034028455	0.012153233565006104	0.013606405079677248	0.015184666450006896	0.016976290304633497	0.018937362119762047	0.02142540822043068	0.024290941793317002	0.027604492225122085	0.03559427406952277	0.0481281001740856	0.0689222925625941	0.10985639529317037	0.17035419658389805	0.17410866657784693	0.17009115302217645	0.19353662933717747	0.2606588700052247	0.3619510459962718	0.4870772753007485	0.5916062622022216	0.6859466360022045	0.9271096753476883	1.1365943741192284	1.2410776721727126	1.5231246895902995	1.8962397834135687	2.4487386096426667	3.388505870207431	3.7726213304508254	3.557634008773457	3.72414191408638	4.0622988290635815	4.3266780133220255	4.710751333365818	4.855262054486879	4.605480235370314	4.295331914953359	4.163653106401409	3.945106490391402	3.54166997042135	3.240887420261039	2.9725541545368506	2.7286737376886574	2.5803016435409756	2.375460794765495	2.30859006455191	2.2528514443298358	2.0521917905168983	1.7504888096810853	1.5796848219140749	1.5906457096208895	1.3282386867037845	1.0885350290076499	0.9785965712205194	1.28565224456779	1.5372305669305137	0.9128192682913251	0.36908826506558157	0.29414746483782933	0.23204833596225338	0.19695885712584899	0.16454638991674628	0.1125041305712754	0.0785812698922535	0.056336567475364446	0.03910521806788116	0.02914194413899577	0.020754270094149412	0.013621930416372451	0.007666854841140431	0.004764060460185618	0.00415945949116951	0.003800158841937634	0.003661317973777662	0.0035867963576406803	0.003413356167702824	0.0033077838781754333	0.0031835811846137965	0.0030407480870179152	0.0028797281664362227	0.002683221761979777	0.00253284778656051	0.0024042092825145296	0.002244963686126575	0.002091928224416701	0.002023173161909367	0.002040029241749875	0.0022050413917674774	0.00257099575672587	0.003576150412478254	0.031188183515423722
GLDS-375_rna-seq_GC11-1R_S16_L002_R1_raw	0.010538145873787175	0.012309566621010406	0.014035798063457533	0.012484901123541685	0.009874766879673987	0.007682181811937478	0.005654085813585984	0.004408668573956591	0.0038103621787209893	0.0033024343930375933	0.002863194350613874	0.002523370778697581	0.002391418008751361	0.002286578821670802	0.002216083506220082	0.002136550329814141	0.00202628842616045	0.00215824119610667	0.002440222457909552	0.0029174215163451974	0.003938699804285121	0.005379334840547279	0.007441774710528612	0.010724325809464719	0.017434033782620463	0.029797827569362192	0.046830580325570866	0.07046639429566369	0.10916832247810918	0.16430831216590983	0.23892308464001974	0.3463977119751206	0.4828748351155242	0.6552864934138848	0.8765911719077976	1.1257378848603627	1.4401813356422055	1.7584875681963097	2.0842066543058855	2.470625822162914	2.8572673213994406	3.228971044049179	3.548569690719879	3.7821983964123307	3.9352780701274743	4.041095153763388	4.087551566645413	4.049699197392758	3.9857093342576055	3.8922741201303444	3.748892071220152	3.568586745163502	3.352999417509862	3.1956972551564387	2.994518085437611	2.753474718617497	2.719613468762667	2.9458130527499273	2.8764221639079346	2.627658656259871	2.4854931034342513	2.188004679804403	2.007346877170499	1.928547575074122	2.168602199905735	2.36158764488256	1.6947489575957122	1.062472858173819	0.9107344030244299	0.7265066453132139	0.6059939997641118	0.5100534905800634	0.36136079457258374	0.25488033194255716	0.17838749196195242	0.1270307508700071	0.09168729181852156	0.051810441711897394	0.023959369392289712	0.009598208334444237	0.0028668094949959623	0.0011351553359757024	0.0005368489407401014	0.000305479700286455	0.00019702536882380825	0.00014641334747457312	8.85710373611615e-05	5.964988230445571e-05	5.2419593540279264e-05	3.434387162983814e-05	2.349843848357346e-05	3.615144382088225e-05	3.9766588202970474e-05	2.349843848357346e-05	2.89211550567058e-05	4.157416039401459e-05	5.2419593540279264e-05	7.772560421489684e-05	0.00014099063090144078	0.00012110733679995554	3.253629943879403e-05
GLDS-375_rna-seq_GC11-1R_S16_L002_R2_raw	0.018362539377003065	0.024817667079920346	0.03527692896086708	0.0425484511096665	0.04817813343049453	0.05273799509164109	0.05682539788277604	0.060058392295958954	0.061874010099107035	0.06308502536361955	0.06482461530262783	0.06643749213473643	0.06705295579682052	0.0678874521151169	0.06834542948719713	0.06834361929995571	0.06857894364134079	0.06868936506306765	0.069643333739298	0.07066608953070244	0.07239481834626217	0.07530016886874738	0.07832499174916654	0.08369219691998812	0.09345091633850386	0.10690603810400699	0.12798023796866292	0.155167440147607	0.1935090161082046	0.24678644699778995	0.31903464017749683	0.41080208238147653	0.5209411148986665	0.6677273881184813	0.8503698502164188	1.0655812011620533	1.325748552248448	1.6288318224545184	1.9509039568231241	2.323302916877795	2.6746747419360863	3.0101585535764013	3.3504990975854563	3.564917586519347	3.688497259304109	3.8015941377737854	3.8451128492448547	3.822154244461877	3.7319399429110387	3.607920394626611	3.449775196466862	3.3326072068912236	3.2452222279987306	3.0468872527048907	2.785939710917442	2.601659029366016	2.4316643455239064	2.31535076432622	2.3976219642616905	2.5786660310254508	2.7091732903831414	2.532169561542239	2.2716600850672153	2.3310016432155702	2.3270554350292665	2.0463895236209884	1.5923022439225858	1.2435497598026346	1.0787629846541014	0.866294067379224	0.823722083835419	0.7120262902906046	0.5107407097932434	0.4238643935155907	0.2973666988976539	0.18553514130973275	0.15391841095102457	0.11451787545419408	0.06743671549200238	0.04799530451911072	0.036511476659518115	0.03382877916772804	0.032976180977017426	0.0332784822463352	0.033441399098063346	0.03337804254461351	0.033416056476683415	0.03337442217013067	0.03356992239220444	0.03383964029117658	0.03375275130358824	0.03433744178256813	0.03549415142983794	0.03620374482847607	0.03693144009952844	0.03862758554474254	0.04104237532480189	0.04458491175626828	0.05037932111606587	0.06503821739711584	0.1866592675866569
GLDS-375_rna-seq_GC11-1S_S15_L002_R1_raw	0.008205438302463567	0.008549577453097462	0.00900151922923113	0.008327752819857542	0.006963634981802709	0.005757074827170624	0.004730876757509313	0.004034305946587697	0.0037440681087036894	0.00369223992336726	0.0033729783016948523	0.0030454241703686156	0.002883720232118955	0.002734455058350037	0.002854696448330554	0.003513950965809941	0.004343201931192819	0.005852438688189654	0.01359349645003881	0.025538856606379154	0.0442301733661092	0.07417442572608489	0.13608837592898393	0.16140540790212318	0.16015945832663542	0.19739904605456693	0.30183698576229995	0.412324311262501	0.5755209012498511	0.7381162842872988	0.8465304823740426	1.039559375841042	1.2328287520880021	1.3660997478620978	1.6838728640516432	2.050356181947779	2.6286965364799317	3.7108649000497587	4.124735764362699	3.820744799217817	4.073434153389288	4.577137774782155	4.856050117606445	5.26855064469909	5.347762770039876	4.945001795535653	4.475604286580675	4.018506642569739	3.66127983857469	3.3430547806090107	2.9320344664895743	2.51892236680996	2.1919901737077607	2.033109834995228	1.976712476839539	1.9808877554502415	1.9468407839390343	1.9291031057894943	1.698542313629266	1.354850958516679	1.2679537498542073	1.1413499318417901	1.075536428974178	1.0415827481965763	0.993399120853004	0.9210988023086845	0.6722861964003791	0.4887190564483985	0.44171711173049705	0.3383634176600022	0.2862781645243037	0.23379279779780796	0.15292217052625634	0.11596245499914153	0.08385800387434343	0.06072812132240154	0.050690038386441816	0.035757301627309654	0.020300063632572828	0.008029222472319707	0.0018409371431499868	0.0007193752124696458	0.00028816471047054973	0.00015133830118237504	0.00011609513515360279	9.951011584594525e-05	6.426694981717296e-05	3.938942085568666e-05	2.69506563749435e-05	2.69506563749435e-05	2.69506563749435e-05	2.0731274134571924e-05	1.4511891894200349e-05	1.2438764480743156e-05	1.4511891894200349e-05	3.1096911201857886e-05	4.9755057922972625e-05	6.219382240371577e-05	0.00018658146721114733	0.00018450833979769012	3.731629344222946e-05
GLDS-375_rna-seq_GC11-1S_S15_L002_R2_raw	0.019308815013870165	0.026477991169020026	0.03832073104419372	0.047144651883865574	0.05432836155569254	0.0591348031424785	0.062309338428092206	0.06542366343032933	0.06795249533214588	0.0695262675666097	0.07036090666720926	0.07078653108418166	0.07106474411771484	0.07072839701747323	0.07099000031766114	0.07176027670154779	0.07232708385195495	0.07511751905395941	0.08252546012594746	0.09422078861768193	0.11374553016504055	0.1446396341872328	0.16355189181748475	0.18025713112948472	0.2138503168202825	0.3039934159017019	0.46598814521806814	0.6053624939348521	0.7217365144017807	0.8936140350585794	1.1040074511263787	1.276788126033826	1.4172068117346936	1.6085218728387882	2.0020687422881527	2.5209152876608574	2.8679901994268397	3.2837588158755002	3.682737068128766	3.9280690582883295	4.2980134966540735	4.541354395028873	4.718262588672618	4.81923523389515	4.7247694517106265	4.484495125354695	4.155416859668308	3.7899819639058037	3.3590216700962308	2.9478248827508544	2.556979171186763	2.266499849578102	2.060022178146449	1.900427555298474	1.7791972640447233	1.6679369652314682	1.4375392015659656	1.2391587751401292	1.2726647597308642	1.3461628297836603	1.3864040612459003	1.334442586691908	1.1954668715754104	1.1008266871907604	0.9935402670803598	0.8625247666695803	0.7025169767046414	0.6258153043328774	0.5511649340292535	0.39820174721937496	0.4691938237537043	0.437446394680899	0.24736045384435393	0.1834669620984571	0.1348419677301948	0.09723960765318379	0.08881432041379829	0.07193052646833677	0.0500409741359461	0.03948548859503041	0.03245126652331083	0.031145326239039393	0.03102905810562254	0.031207612739084137	0.03138201493920942	0.03117646948906176	0.030937704572223584	0.03134256682251441	0.031641542022729174	0.03174327663946892	0.03239936110660688	0.033227771557201954	0.03387762737433543	0.03493442165842789	0.03583965212574482	0.03705631509328545	0.039066092828062476	0.04235274381375672	0.0483966105347649	0.06300694722859333	0.1914853108708836
GLDS-375_rna-seq_GC12-1R_R1_raw	0.006010310263883395	0.0068117478976256595	0.009217476766403237	0.013936896613157598	0.017076568662423526	0.013535233817919278	0.007552770915867919	0.004390443385789487	0.0029744758350081003	0.0017831751356173601	0.0010633916306368217	0.000783030055582107	0.0006758885109063154	0.0006485131382578753	0.0007075117862070997	0.0017166246607306348	0.0022622441569650625	0.002115455520867392	0.0038490717922074038	0.0047519871004223346	0.004834585207551249	0.00667392705601627	0.009480374741664981	0.012914096052309846	0.01808143363429472	0.026721667629162744	0.04451707581819962	0.06788667626547923	0.10259628883778336	0.1521409934396241	0.22799579110253382	0.33435808163621206	0.4434456377159609	0.5687960531056175	0.7714545208544692	1.0027811396256243	1.2505367578993125	1.5867516449837824	1.9359651141844256	2.2738857701784037	2.7242998562009433	3.039900615691954	3.210604471733139	3.4174178602651666	3.600180567957989	3.8169014814428346	3.9566527588131213	3.948738916171804	3.8439167263441925	3.699236937918819	3.5322112935853807	3.4401649069792857	3.4217894240836126	3.3332022462040762	3.1930002191634577	3.030534462332719	2.902708463675113	2.7958501125094775	2.9023606076468043	3.16746513234185	2.9411760541271907	2.4088255898111357	2.0305281471174426	2.3756088790265384	2.8901497754780494	2.813316072248366	1.914311666408693	1.019654280949919	0.8373763061486474	0.6673011397000099	0.606826109584504	0.4908191920732702	0.33815476262904054	0.2783362694679136	0.18716070290554937	0.10424919495872884	0.07940132438843348	0.05353773309504425	0.02248178879293968	0.010287004256426776	0.003203390589051091	0.0016812254719611001	0.00105819974961729	0.0007589586072188235	0.000607450079285215	0.0005064443939961428	0.0004200703733984782	0.0003521039309609716	0.00026714587791408837	0.00018879567343751827	0.00013498890650782557	0.00010242165283985367	7.315832345703833e-05	4.106305897266023e-05	2.5487415914064967e-05	2.2655480812502194e-05	2.4071448363283577e-05	2.9735318566409125e-05	6.796644243750659e-05	7.976617202735148e-05	3.5399188769534676e-05
GLDS-375_rna-seq_GC12-1R_R2_raw	0.040044205432403786	0.02919764030507843	0.016540716626347103	0.014838989034195865	0.014773338150124528	0.01411730161792967	0.01338191725462701	0.013513691331288182	0.014500343826432213	0.015823279986747398	0.017399373512977954	0.01920406436216194	0.021347872727628076	0.023718389181973644	0.026146527275576065	0.02879712268139143	0.031714100091640135	0.03433446775227158	0.03659115785365893	0.03917090698169947	0.041806388514922875	0.04436677299370497	0.04614690379992701	0.04831810605946608	0.05513162874733003	0.0696461418293172	0.08444545694795916	0.1031295096312539	0.13891396453531688	0.1947214667726187	0.26998288457836833	0.3885252380937942	0.5331366602877623	0.7280517735529655	0.9762140045766884	1.2278297554876747	1.5819005594654985	1.9715399733544317	2.3397077696838897	2.6863160990694324	2.9937280168132765	3.270755855253573	3.484812215847978	3.675423181584101	3.829095842705469	3.9224480936952792	3.986358520875947	3.9959128498966594	3.918613893142106	3.731564605943982	3.5614187683144123	3.475811904719465	3.3348774043420097	3.1677628427841658	2.920172105067826	2.635452722403776	2.6031359566425314	2.7043256951883103	2.507774977523546	2.52813950391566	2.7654745344613154	2.3328489053782495	1.729564039306006	1.5259277492467223	2.391486952566915	3.219015401669065	2.045177594473582	0.8390438030916693	0.6608767498924341	0.5099737059235433	0.42086750851503774	0.35173807220495823	0.244740355807199	0.17023415932252897	0.12236521866415527	0.0847515128679464	0.06116442545411543	0.039868034355003724	0.023741059990861586	0.01374984559053759	0.008317353010764184	0.0067464548782371165	0.006022878227896927	0.005835371746052896	0.00569367919050325	0.00552600966643617	0.005355033982739598	0.00520672910793097	0.005178862905339539	0.005175084437191549	0.005101876616824232	0.004939402486460639	0.004826048442020922	0.004809045335354965	0.004881308538685285	0.005044727286085875	0.005144384383489126	0.005438632590513889	0.006348298797142613	0.00901920346925343	0.09020856549068174
GLDS-375_rna-seq_GC12-1S_R1_raw	0.005454843778007497	0.00561276041340408	0.006935732225902049	0.0097857915019691	0.011055004459863977	0.008579577201812223	0.005125150802511971	0.0033154093612250677	0.0025392658978929264	0.0017942017723781975	0.0013401914456130214	0.0012267938616846242	0.0011637952039466257	0.0012469534321607836	0.0019894976113659928	0.003825278497851269	0.0055560616214398815	0.008175965801237446	0.015936980443507276	0.025690012643452616	0.04198734540922124	0.06001084139701103	0.06994404975808705	0.09589655680878133	0.13651389140772688	0.22795224320391583	0.4091582223930821	0.5172647590535906	0.6045346996627821	0.8321232306160239	1.0620070126661867	1.2584679068310833	1.4393903920604287	1.6314968190024748	2.321723972884689	3.132542737417928	3.2619264407428683	3.5765858365468493	4.11589760586243	4.328584854305377	4.682363056636243	4.833139844155852	4.785271784042315	4.900849961510549	4.917936877453301	4.647067848643003	4.385682217777532	4.024179540025885	3.5077900423238004	3.1245288881626028	2.778195027221111	2.4620497030766164	2.160265552950076	1.9909507804044828	1.913735005579224	1.8375540887050752	1.6145711796235327	1.326536696543836	1.3628940619065382	1.4862034346523805	1.3253464419036396	1.0325337206300416	0.8349686699905234	0.8495746987915526	0.9054162890194629	0.8519766276155767	0.599156714247215	0.3737932958852792	0.3072692332602623	0.2218976522042426	0.21692705810871452	0.18396070049652308	0.10609771946076964	0.07567356768383222	0.04799993730373582	0.027537973270433905	0.02093319399318214	0.013904643744879442	0.005761437245665756	0.002498106774837434	0.0009130605461493916	0.0006119269621617587	0.0004603101925389757	0.0003460726265074051	0.0002587144877773805	0.00023981489045598096	0.00028433394192416654	0.0003179332260510991	0.0002839139508725799	0.00019865576740048862	0.00013607710071407677	9.953787922603764e-05	4.619901567453224e-05	2.309950783726612e-05	2.0579561527746177e-05	2.0579561527746177e-05	2.6879427301546026e-05	4.577902462294558e-05	0.000125997315475997	0.00013733707386883674	5.1238908293572116e-05
GLDS-375_rna-seq_GC12-1S_R2_raw	0.024738567485154198	0.01855182328132391	0.013185829701788627	0.016990631135828337	0.022738408304943468	0.0276742646464389	0.03195040903633655	0.03652045951556935	0.041356244828077995	0.046268134578597596	0.05179180309876333	0.05733102887973792	0.06196793353379803	0.06591064798257583	0.06936309848262004	0.07293748427008513	0.07645174334685648	0.07993488790201009	0.08879916283099948	0.10352516135286631	0.1295827322747077	0.1799331761828546	0.2570984511943774	0.2651079177118956	0.26613133319321425	0.2906571446251444	0.36083132300236753	0.49636870196829747	0.6542757401113499	0.7580851368238593	0.849572762509235	1.1615883443589252	1.391085271612808	1.4239413655081257	1.707136491009621	2.11397273655636	2.773494216825858	4.091847191824654	4.64405805076663	4.190399075316782	4.26843093180201	4.650795606096396	4.861202092471761	5.321381242066559	5.4402660449693725	4.9132575280712585	4.350507676097544	4.013795993880043	3.6793775359990706	3.1838817225021034	2.7632264246920033	2.402766794083015	2.127979737348952	2.0003126504862774	1.84612253627702	1.8726770986117285	1.787955199512178	1.443347156267904	1.2031165599889175	1.1409371318014205	1.226343129910053	1.0411822936289095	0.7881177981156213	0.6756888379819809	0.8195358965523895	0.961249508059441	0.6202158506026322	0.3023196241671888	0.23869925725558375	0.17963674729446935	0.15110809470306763	0.12713183299754807	0.08797883267321283	0.06465933965373263	0.04714018211691104	0.03244866184872876	0.024943334674719604	0.018005216820471705	0.013124862058078189	0.009841439094389816	0.008078843491395623	0.0075843748775785485	0.007319901443827749	0.007105043058061998	0.006961243512207032	0.006862013416236939	0.006706440808148233	0.006536151872267354	0.006495366620957612	0.006403704922137781	0.006314986488876384	0.006314986488876384	0.006266212373908033	0.006392772792920737	0.0066715420879553625	0.006995301299383208	0.007585215810595243	0.008674644533724527	0.010837103786157529	0.016656780728200142	0.1333740787804803
GLDS-375_rna-seq_GC2-1R_R1_raw	0.005842195342010931	0.005973163747046093	0.006959869665806568	0.009146926128650364	0.009682776210608384	0.0072538724865492165	0.004313457941644759	0.0026974082712551465	0.0019436638517165057	0.0012725956524655476	0.0009577306079119891	0.0007997185794182402	0.000702361534967324	0.000686908035848131	0.0007525854071047014	0.0012733683274215072	0.0015882333719750654	0.0017879698480906356	0.003020386402846281	0.003818945969830582	0.004744996904548225	0.006931280692436061	0.009297984082540477	0.012965872098480947	0.01951004263798122	0.029450119608924172	0.04763232033508873	0.0695774480967768	0.10175820100006237	0.1490072745569951	0.21406496049888596	0.2980439107623167	0.38905381678750234	0.5016538064321125	0.6631069428422278	0.8564506927096658	1.0750609136369844	1.3455423497077863	1.6371545141366948	1.9452953548860143	2.3075408277390186	2.5900362003625594	2.844025662173358	3.0704580580173344	3.2215422828559492	3.408281593537322	3.56473900001968	3.6966137527781813	3.6755177947930937	3.563517787251786	3.5105126716104316	3.5529236409306235	3.7010632015120755	3.961446548583441	4.0289358426117365	3.9297742158011766	3.8551983334142967	3.83448446319493	3.8199067911383175	3.5525450302022024	3.0059601750810363	2.3982204152205315	1.986398571843244	2.12888446977194	2.4966545685600554	2.5196775778853073	1.7627508965405463	0.9506162032549905	0.7774199528642006	0.6571720265055018	0.5885472866294231	0.4645970882192436	0.33958253005722966	0.2681073922686159	0.19013405810038156	0.12444046066973596	0.09402372469090625	0.05993485098387832	0.026015579429683515	0.01250960753698677	0.004701727107014485	0.0023837022391355275	0.0013799974713439391	0.0009252782597616836	0.0006807266362004537	0.0005026250588517538	0.0004075860392687166	0.00032066010672325573	0.00024107458625941154	0.00018351030204041745	0.00012903671764526194	8.538058263354159e-05	6.297300891071167e-05	4.4042472489700186e-05	2.7816298414547487e-05	2.0475886332930786e-05	2.2793911200809745e-05	4.5201484923639664e-05	0.00012517334286546368	0.00015105795389011204	7.108609594828801e-05
GLDS-375_rna-seq_GC2-1R_R2_raw	0.02170146245674858	0.01776193380362792	0.0133270616656355	0.014080138557479588	0.015983728090357835	0.017397391957730112	0.019126450309610576	0.02143831123041046	0.024069436506694096	0.026541123098784633	0.029205142278360532	0.03196745618071567	0.03464076305063291	0.037395724198134486	0.03998660281627229	0.042465255176118835	0.044503903206044144	0.04629874936450914	0.048190342297363145	0.05014811002389924	0.05204125090514347	0.05421611839340852	0.05666226383706035	0.06002092485674937	0.06875483666149204	0.08434422489944024	0.09834619206321352	0.1175798377988471	0.1557356046565817	0.20901250536422164	0.27638966795841413	0.37965794891544313	0.5112815484845995	0.6817671663645304	0.890700339373753	1.124829081343558	1.4830939965190046	1.8141935784073089	2.0827440487305298	2.3514334474217735	2.5966300203816814	2.83401061493225	3.0794242876538873	3.272846243818868	3.3522320030373227	3.3903157902949115	3.504187904712074	3.699715457674858	3.7275669190859664	3.6528323577930384	3.651472098145129	3.5529115152298694	3.4619672253816103	3.6324652268486632	3.6988145517117466	3.4539852295074196	3.3615932209272033	3.2197407783954453	2.8276880197323795	2.8166178668196906	2.8783461787508573	2.502861498695459	2.0363245593915833	1.6765740007486187	2.238663085271353	2.8361765817172713	1.8246948602865898	0.8291217914493405	0.6490934587307748	0.5185313647702148	0.4273541086892272	0.3528482567709546	0.250514936641621	0.18225621743919584	0.149797287644584	0.11243213542715642	0.079786290864425	0.054129433283555954	0.034907397160849035	0.022211511451327465	0.0154767749925594	0.013267465652611868	0.01205503507596874	0.01146139686831775	0.010970697228616669	0.010617378008547989	0.010430076253330856	0.010203688801260562	0.009986202052434058	0.009727307684169056	0.009441324219075129	0.009243573812223984	0.009093035831274679	0.008924309456740238	0.00892121355995979	0.00909767967644535	0.009524526445049681	0.010537271679353883	0.012541477857596703	0.01831803426281597	0.18748557408847086
GLDS-375_rna-seq_GC2-1S_R1_raw	0.007338124775582644	0.007353066138548485	0.008676717652573652	0.012162652566065689	0.013400487021004997	0.010010713187113631	0.00590950060892567	0.0037158020360434406	0.0027001724662371555	0.00180024268144841	0.00123745134306839	0.0010504927500599149	0.0009800001658108177	0.0010083504442588243	0.0014880065066494197	0.0029576236434947275	0.004108491703735422	0.005867358303124579	0.011779540695146681	0.017944960033846248	0.028693546684349886	0.04247561312879022	0.05101670917905854	0.07164575098056333	0.10584040101943924	0.17513422822443078	0.295117970182587	0.36735141477314004	0.43906344410737247	0.604313002950222	0.7751671053527456	0.9181038457214012	1.0401970016408375	1.1836053527225945	1.7044976613395573	2.3019407022204597	2.4222244207735453	2.711498785589005	3.167918729896492	3.364463931250973	3.711807328565368	3.8781001010327305	3.8816228146858305	4.060702712068856	4.120475826169639	3.975467216803054	3.9147616084084533	3.810689651785176	3.459638880895898	3.1622831542752734	2.9801693939864404	2.8971869796335126	2.9145710638883333	3.1959039027315126	3.3794340276071333	3.319411124566511	3.123204210994051	2.951622962260523	2.8617161839526055	2.4749218417303256	1.8963723458756652	1.411226673486671	1.1203014796194215	1.0083017890512174	0.9685585297858216	0.9217748236685471	0.68741648065436	0.4395499961834396	0.35081324152930843	0.28092597403626335	0.298258721300381	0.24474642139415606	0.13832867078524186	0.09261499612344422	0.06293876749018709	0.04186684836589991	0.03302500949696017	0.020781520326130568	0.008035005268784316	0.003549531484064592	0.00137613784034107	0.0008026193695753178	0.0005493824228978548	0.00039268966769198134	0.0002892494625438496	0.0002448084855172449	0.000249022716097354	0.00023599691248610776	0.00019308838294317907	0.00014136828036911327	8.888195405320942e-05	5.59343331541749e-05	3.6395627737305584e-05	2.5285383480654406e-05	1.992181728778832e-05	1.7623146062274282e-05	2.758405470616844e-05	5.210321444498484e-05	0.0001375371616599232	0.00015975765017322557	6.742768928174509e-05
GLDS-375_rna-seq_GC2-1S_R2_raw	0.029836837146749482	0.02129043779845443	0.012656204079332725	0.014834036208388433	0.018869814591960847	0.0218350876088206	0.024257245040132117	0.027213696264288757	0.03050882761700408	0.03402488734350173	0.03794022907886642	0.04198406214273298	0.045591408245897636	0.04871547353141344	0.05201981023303636	0.05562907411722343	0.0590741759458917	0.062329801009545244	0.06980454432251418	0.08128246374167447	0.1004453152738605	0.13930377790625975	0.1981911619805681	0.20309032538043223	0.20226261109115745	0.22121719160430908	0.2767035828134648	0.37116772263461395	0.47794670151310586	0.5589767852722303	0.6337595055727322	0.8579822435953719	1.0159659757723731	1.0431229057183984	1.2508941510183438	1.5612060791372415	2.17314392156831	3.2749305980938033	3.7056753388583865	3.3668613491843407	3.4577515122921154	3.749910108809027	3.931477177774884	4.316059011548889	4.407017447661062	4.082735635462476	3.8515517358846703	3.8521834529534544	3.7165341985635107	3.3978557589562204	3.194304782574204	2.9291450908470704	2.8048487165536256	3.0833856980245202	3.2450435150842663	3.1592366223545083	2.99382110515944	2.616357690984438	2.189051148036843	1.972752297642622	1.8178005772620605	1.5912799540183618	1.3906996204400677	1.1092031192953806	1.0125270108429765	1.0314658655517446	0.7106939761803849	0.3978057010359734	0.3065607484390519	0.232405909645289	0.18473907877693269	0.14572642655033122	0.09741483770223859	0.07417708505362287	0.06503847492560573	0.04899662022929964	0.03440537509834909	0.024936139522067413	0.018609763485321226	0.013409508464937762	0.010516727570725339	0.009887695395372861	0.009533673018634852	0.009247923646294856	0.009078391803913273	0.008874723459332684	0.008636151500144122	0.008397579540955562	0.008122953298545578	0.00795150367514158	0.0078046016488245076	0.00762126178308153	0.007482030880854122	0.007450579272086498	0.007616659108627731	0.00778810873203173	0.00821730812484845	0.00916737684335338	0.011087459202996365	0.016510560378184574	0.13754287137147728
GLDS-375_rna-seq_GC3-1R_R1_raw	0.005707370472888649	0.005994587647104961	0.007204777436110579	0.009443899080001008	0.010376340392841401	0.00803080861847209	0.004843464498322789	0.003250468773823216	0.002505146970087639	0.0018540612564795483	0.00145051436334988	0.0012742162234463043	0.001171864106417886	0.0010834895912744053	0.0011055832200602754	0.0018463961199620016	0.0022305547266061104	0.002233260068906421	0.0036991047052913947	0.004599081910528063	0.00514916817825789	0.007309834895439309	0.010277595398880065	0.014120534136471307	0.020307651977281706	0.031072659880601067	0.05150205226139676	0.07708602350505095	0.11612997447351728	0.17238982206039366	0.2532957888934832	0.36012524742891594	0.47423433120410113	0.6149256575317553	0.8242208574722196	1.0585864645096628	1.3183011289010163	1.6599678258149126	2.018552380803802	2.3839692777721253	2.860057670232706	3.195567008071096	3.3616096462045775	3.569344765418529	3.7772575354435354	4.0146905497591465	4.1895084165340695	4.1685785358277165	4.007664324914857	3.852251878460063	3.691976128330076	3.63084260658919	3.6565248719364223	3.452974917261051	3.1250062701943944	2.9741757718155593	2.90967860781462	2.7340099108862503	2.6556640996500214	2.7243419192857066	2.568932178173213	2.2214882227770025	1.9028787073982705	2.1723154702361738	2.5941725709447274	2.481050486218772	1.6643870024624703	0.9155270618884701	0.7851403843826993	0.6210000527767194	0.552329447387168	0.4514941256084568	0.303881181005458	0.24481769701469308	0.16437163837265634	0.09328155518586051	0.07138541638791308	0.048183048149299	0.02147726163178267	0.010126096230062671	0.002765761611684229	0.001405876215394755	0.0009310886416902401	0.0006695722193268797	0.0005334033235445783	0.00043465832958324046	0.0003670247720754748	0.00030660546070187085	0.00023491388974363926	0.00018937396102174377	0.0001388742380826121	8.792362476009532e-05	6.4928215207455e-05	5.455773638959761e-05	3.111143645357219e-05	2.029006725232969e-05	2.795520376987646e-05	4.103102488804448e-05	0.00011091903431273564	0.00013391444386537594	5.591040753975292e-05
GLDS-375_rna-seq_GC3-1R_R2_raw	0.02134122810287804	0.018675268768547977	0.016525695050069344	0.019357909770780266	0.024230819003128005	0.029050418084407968	0.03360798421976157	0.03861823485825003	0.044076200409519546	0.04950028239019513	0.05465284402517808	0.060024971197609654	0.06523265010742538	0.06960995564721931	0.07383681813357619	0.07802798992557415	0.08187987423069161	0.08505815315240181	0.08750048092081196	0.08983257413955655	0.09241359865693116	0.09534339806095259	0.09753001781661391	0.10080091183128086	0.10939920670519539	0.12337776080848405	0.13917834744784338	0.16166800270338486	0.2003088266086975	0.2588054228820505	0.33659848671817344	0.4557209228410017	0.6042109272689971	0.8000755847585953	1.0465062758788028	1.303567372546678	1.6398206986257349	1.9935963485112635	2.3462240230250697	2.694483879398849	3.0183575041257087	3.3147628476244266	3.5380578367431017	3.728669185447818	3.8647040411064273	3.9516176585845524	4.004377992246825	3.985293861726443	3.895982642793092	3.714989710327638	3.5892238354636943	3.5981632249482547	3.47506692366617	3.1994864226544797	2.8736809826228242	2.632206328428155	2.6523146463423553	2.5793813900912834	2.3016730008462942	2.267309187111817	2.270364581617507	1.9415733213451154	1.6486281680754493	1.5329582419056713	2.2535619448504502	2.8467823971616015	1.704702314941807	0.6759478675876324	0.5730384941035269	0.4693823267235312	0.3897794284367514	0.3448168338204947	0.2478556082089175	0.17234042387858892	0.1257762658255927	0.09375764695715688	0.07658138735168415	0.056589177139385605	0.0409200587539307	0.03175477879874448	0.026902651489694344	0.025404545888501585	0.0243162056010247	0.02369184434021396	0.023116275421058482	0.02238981166752472	0.02197462498251382	0.021680515589758545	0.021188526144734748	0.020693374233122182	0.020364025926949227	0.019938900061230773	0.0196249123070604	0.019558952289637555	0.019436971435499426	0.01941844841690808	0.020062688039133914	0.02137827414006073	0.0246830517253216	0.03486664592209059	0.22660789876087872
GLDS-375_rna-seq_GC3-1S_R1_raw	0.008237277983025322	0.00799227594024957	0.009310891585753623	0.013306622575740907	0.01580629458027359	0.012607023719376257	0.007171397002909545	0.004365675934975921	0.003180549774572278	0.0021598435897191397	0.0014997218066921103	0.0012604174858413747	0.001189602941916157	0.0012404754591038133	0.0019095508051558702	0.0036856121252113296	0.004982657823427818	0.006455925921182346	0.012900049418377156	0.018861087492357983	0.02718057546315856	0.036757632058838	0.04273372839790637	0.061156091302038	0.08853242421133466	0.14138489976793464	0.23371241376146848	0.3022657760427292	0.38027898464006904	0.5219776660940171	0.6833941282297634	0.8389484484649415	0.9863875847583448	1.1697874860013586	1.5961883086840318	2.0829919024342285	2.304186828106571	2.670365171922634	3.1156205704154654	3.3846735113969926	3.799198246687242	3.9626109463974317	3.916502945679502	4.07678067739052	4.214040833464879	4.2743097080671655	4.286331494348814	4.0621159620959375	3.6602812744731144	3.443062137764022	3.280922878904073	3.1715937696664245	3.0639210695884063	2.8337652552485615	2.64790068229284	2.6147859294447757	2.3450126336198713	1.9912821842894213	2.060959218730323	2.106460412063238	1.8814349893367337	1.529632811897765	1.222926882554897	1.2577875801928418	1.4122430540567663	1.3303932437032022	0.9322649241926033	0.6673497502690515	0.6476922026476036	0.48441828316430163	0.501426797070754	0.46027907026868997	0.27436199687523094	0.2162843033332524	0.16464055878503112	0.11902174819237837	0.11415060292662592	0.08751985762923155	0.045233400402439054	0.02284867887959524	0.003839450617186803	0.0016079785232674432	0.00095314748202793	0.0006308192131269393	0.00047453884032645874	0.00040168939571373483	0.0003658751436136247	0.0003357586134385322	0.0002572114469007907	0.000176629379675543	0.0001241289419378816	8.546582887526273e-05	5.8198159662678905e-05	3.459331168760634e-05	2.8081629487586325e-05	2.197692742506756e-05	1.91280664625588e-05	2.7674649350085075e-05	6.267494117519266e-05	6.959360351271393e-05	2.930256990009008e-05
GLDS-375_rna-seq_GC3-1S_R2_raw	0.03560162843435533	0.02548525193498716	0.015762792487841314	0.01933004339405727	0.025479141536038523	0.030671351202662775	0.035411798707017585	0.041100172768271395	0.047436249118081024	0.05403670206240182	0.060660374522727434	0.06699156255337815	0.07277607355809056	0.07776134438032087	0.08282482830909378	0.08791601271310052	0.09247355560892605	0.09690400220661986	0.10441490459428798	0.11597740884483425	0.13334805097602767	0.15592312357174262	0.18756439876751949	0.19722860574468828	0.20695513879113325	0.22480768771940943	0.27028331349483686	0.34136069614520553	0.4238339728347876	0.5043217772259916	0.5964213764192607	0.8014989932934421	0.9783445302252576	1.092019948106174	1.349220082732113	1.6801205905971073	2.207312776367998	3.0528803742389603	3.5472128712637154	3.450823364648571	3.4994674359588336	3.753143092471197	3.931413574437835	4.238929178166454	4.4004653142124175	4.227547949084718	3.9869033293702234	3.862828419838652	3.7187696542255186	3.4851719539385253	3.338845822955517	3.2314449700749934	3.0285536539446354	2.9384635612856087	2.6802853554679573	2.395871540724426	2.400970057607171	2.2650185693190927	1.943346393306265	1.7475011818835489	1.7255901059735859	1.5409057419105252	1.286582383109606	1.108786475461312	1.3603874478506475	1.5628697746113762	0.9504334499076603	0.43178115770738856	0.3840805319947964	0.31805115359586406	0.2808001248053059	0.2578779815493082	0.19268817196591898	0.15009054409530093	0.11143697506606491	0.08330999398561578	0.07430530273497016	0.06561346391049491	0.05598143836778893	0.03285276362732721	0.015159085071715697	0.012914531857915319	0.011890428994123275	0.011421150354867734	0.011050860178580157	0.010679755282432762	0.010381160453809227	0.010122894258246716	0.009918806933362145	0.009765232239786328	0.009695573691771835	0.009609213386631057	0.009589660109995408	0.009627137223547067	0.009876034140721664	0.010519255470048488	0.011418706195288278	0.012982560966210175	0.01628339847826543	0.024737746463603556	0.12249394564359373
GLDS-375_rna-seq_GC4-1R_R1_raw	0.013579849547384708	0.013791353717227872	0.016468270129485287	0.02200668841131779	0.02413412126313418	0.018150476021753036	0.009902667960172048	0.005784959506073928	0.003954914335491563	0.0023761104818138053	0.0015130025563932178	0.0011989509102624597	0.0010254747628759455	0.0009630917148009922	0.0010118017660375996	0.0018172267360464154	0.002315863839494844	0.0024248205330504127	0.004267684138168726	0.005381606099342722	0.005971254087996391	0.00824823534273219	0.011061027161070668	0.015095843071836316	0.022066507772485554	0.033098907096425934	0.05515430555898033	0.08158762669671263	0.12078383582073844	0.17870991420754223	0.2617421784764563	0.37292372498631515	0.49220096746792835	0.6371659254784329	0.8522118287838794	1.0981112767362047	1.3683653230256827	1.7246990027544211	2.0940446753806015	2.4683985103799775	2.9596684322194444	3.307717557707599	3.490326839700977	3.688451127575517	3.8581471186173792	4.043777278349729	4.148050543207014	4.075410183816394	3.8937926213749474	3.6838493095771105	3.44283283062068	3.2685380125484698	3.1895542371871595	3.041195812273838	2.837853994262016	2.6613091136475955	2.549815651897362	2.424564164359694	2.545007457102927	2.897488769972462	2.8033856510759994	2.3275692066319214	1.930531015315427	2.3818014394666154	3.088654357018586	3.04700854505474	1.9822213525816428	0.9821544360805536	0.8112159114510062	0.6472638609247024	0.5519729004279088	0.43378992497451446	0.30628837489463623	0.24647884119335028	0.16347605932386886	0.09195944936090042	0.06617345916723356	0.043191715168881234	0.016990834977400823	0.007371881701624453	0.002799118821500133	0.0015168480867540027	0.001022056513666359	0.000778506257483322	0.000639639883343871	0.0005097464133795846	0.00043539949307107854	0.00035934344815777926	0.00027089624985972895	0.000225604447832708	0.00015467577673378846	8.801991714685199e-05	6.665585958693647e-05	4.7855488934210795e-05	3.418249209586485e-05	3.418249209586485e-05	3.460977324706316e-05	5.2128300446193904e-05	0.00013758453068585602	0.00016193955630415974	7.092867109891957e-05
GLDS-375_rna-seq_GC4-1R_R2_raw	0.05498820764010749	0.04190504244258756	0.026600369050881773	0.02452254261862979	0.02421636362593738	0.023030989089982964	0.022069262058467282	0.022727375843039375	0.024478924940899864	0.026357478453326894	0.028608065099332697	0.031149863887829463	0.03382037758805865	0.036640559790302285	0.03943978840226389	0.04234635071138444	0.04491722795170115	0.0468962731726236	0.04917850401619817	0.052078224336655196	0.054755580025547895	0.05715626279785962	0.05922895773861396	0.06262899848009071	0.07223344006650345	0.08851993883142399	0.10474999118987054	0.12836725318345865	0.17271231983317314	0.23671313704029914	0.32030598878540756	0.45449064283002205	0.6189955696370144	0.8356783572405746	1.107589677336048	1.3758610594625305	1.741182629786677	2.1374629159403664	2.5152274978977025	2.8847239641794697	3.228412021598157	3.530474702860878	3.7450946308823876	3.9308661689527584	4.055944991334814	4.1071076720634325	4.083464752612356	3.977111597953765	3.8241084817144366	3.5963044691626207	3.373696519376454	3.231397266776908	3.0524412046639835	2.83162329016191	2.5715648601773977	2.3211425159768666	2.285682626855313	2.2747717930584597	2.089994481465756	2.2906764233310972	2.5893198207592256	2.1561800311780015	1.5677805519713632	1.3966166596976022	2.5947904183199992	3.635704916130069	2.192724803127015	0.8036574226710209	0.6311084553171893	0.49566829635281934	0.4046681366308703	0.3306352535458617	0.23803406847664946	0.17043650335397065	0.12179894406648183	0.08449428375152687	0.06120458196520465	0.040746180612704276	0.02549111163880899	0.017228127454737157	0.012942904429917829	0.011536875759564974	0.010841558661635005	0.010427190723200724	0.01016163603819795	0.009943975273839799	0.00972203826656695	0.009403458169421914	0.009279874749187128	0.00924352668441219	0.009116949894137116	0.009034418405883437	0.008950176420463876	0.008863368689295497	0.008928795205890384	0.009040405145964013	0.009298262593720331	0.010015388530515264	0.0115535531069323	0.01613426451715729	0.11083636773036086
GLDS-375_rna-seq_GC4-1S_R1_raw	0.008024510289326072	0.007927644194628325	0.009042757451446438	0.012031383984283677	0.013352529886966839	0.010379663313981219	0.006344729202702439	0.004352824033163845	0.0033184325219271873	0.0024166553070029224	0.0019596164713060124	0.001728214133972505	0.001620585139863897	0.0017658842819105178	0.0026626644363940263	0.004557703511234874	0.006104101523016766	0.008868244725284623	0.017482408146619995	0.026894179292153087	0.04212291317999177	0.05929281285443213	0.06907974792228665	0.097041760591703	0.14338872740119296	0.23890407822287713	0.43603311555029206	0.5326966371055561	0.5923446256405468	0.8079193506118538	1.0303142943062644	1.2170163884401433	1.3839201291077436	1.5796430705049824	2.2103508979277486	2.966172818330595	3.11296915656312	3.458479753450573	4.017485913776714	4.249352208952682	4.652127965323414	4.806690504259404	4.723854233332979	4.8427023969096155	4.877122918004077	4.602652454288745	4.3620828173820385	4.027978587534509	3.4951281947230837	3.0679537141664595	2.697935610931211	2.39988248143889	2.1331605365208492	2.026733143253611	1.9792137891868664	1.8981541654417622	1.7003374557198463	1.430469284670452	1.4388312887341614	1.538506884567408	1.3706306390601835	1.0398390758956115	0.8174744989531101	0.9309431347706393	1.1285207543699283	1.1106743295896626	0.736821174660766	0.39145895202947667	0.3227535992509821	0.24819553552856732	0.24149063358486575	0.20179821372540516	0.12212508205797876	0.08746239572677221	0.05752039395502216	0.03514893875101865	0.026594740054972355	0.017910233398201712	0.007409487465848311	0.003268846306784293	0.0012638719022467963	0.0007526341802309086	0.0005431420309837966	0.0003916926607023983	0.0002986704586513871	0.00025485008247859675	0.0002536969146845759	0.0002659973711541311	0.00023524622998024312	0.00017028444425040473	0.00010647582631458716	7.610907440537277e-05	4.305159764344318e-05	2.5754080733131193e-05	2.2678966615742393e-05	2.0757020292374394e-05	2.8060416321172793e-05	5.112377220158878e-05	0.00011108849749067037	0.00011416361160805916	4.843304734887358e-05
GLDS-375_rna-seq_GC4-1S_R2_raw	0.02679709598473407	0.020921444842441354	0.017081464488358285	0.024467315423038757	0.03496788124943714	0.04384814859860889	0.05134332829725524	0.05902867845153237	0.06675213968902295	0.07429736424441424	0.0819615415746839	0.08998219226915213	0.09762057725017632	0.10389735716730158	0.10926986501908938	0.11456076125833928	0.11917913161502444	0.123460276629336	0.1326404281585409	0.14734591683282391	0.17148563092440156	0.21512474600599119	0.28514827948438737	0.2972321875861084	0.30373955880469694	0.32919391278692056	0.39639376146359245	0.518504366802561	0.6642145867406983	0.767637287689796	0.8578231240298564	1.1361252671115356	1.3464884374784638	1.4009630339662065	1.6729021659929848	2.0555401361791388	2.711326784083552	3.9531367796690566	4.530625939433389	4.151012603396812	4.176961631539937	4.512885422677744	4.68804588592897	5.083755187736466	5.1925696445591765	4.747618128516839	4.21562628786108	3.879834538152994	3.5690721461052357	3.099186357630386	2.6982800899301456	2.344795173600103	2.0986418464913745	1.9958589497877395	1.864553564422979	1.895799263211902	1.7853464147714493	1.4079054104780395	1.1851311156383655	1.181632210231021	1.2725279136159866	1.0884440674467006	0.819453732363509	0.6868075297984209	1.0076127697135795	1.302118667488398	0.7920137524498208	0.3135368019136106	0.24555432866953508	0.19505367876777735	0.16475228792958785	0.13734579957387497	0.10262429300379755	0.08018186947674645	0.06460983485990293	0.051545817486854	0.04190409839428613	0.0353493770420082	0.030222858909143616	0.025577156361466975	0.022845092143629633	0.02196199290229965	0.02133951187647987	0.021073889175295176	0.02086909022307741	0.020590763827488236	0.02028164059697909	0.020196564340512688	0.02005720866249985	0.01981352870619563	0.019740386223260718	0.019704199942229758	0.01961411920008886	0.019478613126441016	0.019631057459294842	0.020062598108610843	0.021013065426328248	0.022974438850293485	0.026699316033863184	0.036940803486497364	0.18033471647821686
GLDS-375_rna-seq_GC5-1R_S8_L002_R1_raw	0.0089636876268958	0.010586153468276318	0.012581960911866976	0.011639883971710547	0.009649310288898537	0.008093138750714213	0.006693980035889294	0.005969976461509816	0.005378561493522724	0.004685960483815127	0.004157350645171798	0.00377877528218301	0.0035292993517341783	0.003401944506120438	0.003244931682761034	0.0031036201417375692	0.00313502270640945	0.0032833125951377768	0.0036322299803808987	0.004277727143080674	0.00536809397196543	0.006847503685396267	0.008783995173495594	0.012559281281826172	0.02086525963753869	0.03346117724481539	0.04952707824833494	0.07402456786625453	0.1166151684959562	0.17613872983150658	0.2523440313555306	0.3624204880520307	0.5049078806637644	0.6851498789457301	0.9100602808865201	1.1690948031040875	1.5154999831734592	1.8565859177047992	2.188575576002851	2.5693072484324406	2.954421323220684	3.3353344326906003	3.66648145550329	3.891862895914158	4.025372644203586	4.109177366378206	4.122146625587693	4.091539592554166	4.01471321808441	3.8897414782118798	3.7263417221155994	3.5161957593313726	3.300728806422187	3.1567515365754653	2.9896986154556897	2.7365381174186902	2.6323932562713237	2.8701368396413556	2.8678252619641196	2.6719622323448196	2.510942092815897	2.148798994085135	1.9168038246369832	1.7970135079353147	2.123165778378249	2.3711064723320114	1.6314591869851582	0.9555102594882893	0.7936963329079391	0.6286618988617949	0.5318163894137139	0.4492747481736748	0.310306187392118	0.2151005896546798	0.15356900876705523	0.10700249453250818	0.07366518295945411	0.04213700802888561	0.019476568444271064	0.007543593868956295	0.0024267204143659125	0.0009752240917545256	0.0004640601223733521	0.00030006895130908485	0.00020586125729344192	0.00013956695409724876	0.00013084401946617072	0.00011165356327779901	6.978347704862438e-05	5.757136856511511e-05	5.233760778646829e-05	4.187008622917463e-05	3.8380912376743406e-05	3.489173852431219e-05	2.9657977745665357e-05	2.2679630040802923e-05	4.012549930295902e-05	8.199558553213363e-05	0.00020586125729344192	0.00019190456188371703	4.187008622917463e-05
GLDS-375_rna-seq_GC5-1R_S8_L002_R2_raw	0.022488484100841217	0.03067756794708592	0.04559464909863209	0.05803400744541704	0.06886354589080347	0.07826524407581902	0.086568065197706	0.09388399672786607	0.09968459778562273	0.1041011036890248	0.10665406807613398	0.10883957357270654	0.11216770123842394	0.1136707830811428	0.11310209670293135	0.11426396671872334	0.11553432459743566	0.11493939115561447	0.11558681872465518	0.11696566446628782	0.11886245226315306	0.12180387319168667	0.12437783522968368	0.12975673346544356	0.13965187644632257	0.1530693753636312	0.17346159398417302	0.1997016583769691	0.23924373460719084	0.29175885947759594	0.3612995796095312	0.4504573550834	0.5586022563725683	0.7047021614456883	0.884464800500444	1.1040792311360166	1.3646478300240161	1.6593516100386267	1.9791510824726484	2.3421759690634607	2.683228563804424	3.009357078176879	3.337118159905861	3.542121725132001	3.6711330419909274	3.77955966176284	3.813924067244977	3.8012152390451317	3.7120522141585415	3.5782026885742155	3.4040901674125204	3.2410749047450316	3.137491743111239	2.969183322615782	2.731229193733951	2.529954461344637	2.363870042039047	2.298122897500842	2.3906332978997975	2.5548016815618753	2.6766982943783164	2.462810973022393	2.1803050783693574	2.2105416956477995	2.19271119043557	1.938644864105828	1.464841620843668	1.0848313844888604	0.9142202216127071	0.7320621005525006	0.6843326902802749	0.5891800854779371	0.4384746956434249	0.3748448142364073	0.27558191927278136	0.18037157093050213	0.15339658875663287	0.12206459402354362	0.08204832084410557	0.06701400280843581	0.05979781011999283	0.05856594793457482	0.05759830618949505	0.0569946237264706	0.05742857517815194	0.0579045219316089	0.05802350861997314	0.057939518016421915	0.0584994553734301	0.05878817307313745	0.058889661719095175	0.0604784839696059	0.061909823838458077	0.06265524044497522	0.06499297891048439	0.06863607133951889	0.07281635367043313	0.08017603030660944	0.09259964041522854	0.12287650319120548	0.37858239609443695
GLDS-375_rna-seq_GC5-1S_S7_L002_R1_raw	0.005072111765573021	0.006572402250686822	0.009125197776264003	0.010047970585099689	0.009470452908821573	0.00838237612742802	0.00744077122045283	0.0073068540781274696	0.0073549805511506465	0.0069678763116164015	0.006333862340919774	0.005965590199525033	0.005754252209292824	0.005463400915804932	0.005471770737200267	0.005863059887432179	0.006451039840454464	0.007855077379521914	0.014839693333928986	0.024975547043679693	0.04031952211667761	0.06539969192779899	0.11671297444724915	0.1422806863546488	0.1459257435723172	0.17824999380110104	0.26183940007631185	0.3675837235849745	0.5461057365814238	0.7122445988234751	0.8199621077260879	1.0110681471904237	1.2012304892924353	1.323825355725256	1.6288467568354499	2.0023291120487867	2.5680788194450623	3.457171466985919	3.7304105638026774	3.4943167343384167	3.702850834403188	4.131521699442016	4.52155119155393	4.940711847032307	4.971925003470861	4.599689751645428	4.234790648273008	3.9702394260646074	3.6647200205813903	3.425721863092948	3.1753323786854546	2.7677555560182205	2.4838951558507825	2.493491156080534	2.5317496096786107	2.483372042013574	2.300367989659923	2.1220761467518447	1.9828399829297492	1.7670199533403381	1.5837815459876174	1.4056278051325628	1.2491916583430538	1.0649593346996369	0.986054935950465	0.9629751534528285	0.69615989455699	0.4406229699913655	0.3586175524152218	0.27247325815908496	0.21300149223453202	0.16179074002717472	0.10634695064912673	0.07864911919661433	0.06168349122827024	0.044516987546438125	0.02920649175902154	0.016942610959506908	0.008518385725102214	0.003481845700459367	0.0010085634781378694	0.0004310458018597534	0.0002427248204647155	0.00016948888325553412	0.0001046227674416877	6.486611581384637e-05	3.975665162784133e-05	5.0218928372010106e-05	6.277366046501263e-05	4.6034017674342594e-05	3.557174093017382e-05	2.9294374883672558e-05	3.3479285581340066e-05	5.0218928372010106e-05	4.8126473023176346e-05	4.6034017674342594e-05	7.532839255801515e-05	0.00012554732093002525	0.00024063236511588174	0.00020715307953454167	4.8126473023176346e-05
GLDS-375_rna-seq_GC5-1S_S7_L002_R2_raw	0.03249331126866775	0.04588525738585769	0.07003693952134162	0.09168865177820905	0.11122242145948955	0.12611728817541115	0.13968975268853812	0.15011993768169124	0.155802069051477	0.16100351771580249	0.16460548943008116	0.1680038531861518	0.17074731299417173	0.17071162912520743	0.17099080292357519	0.1707641054030961	0.1694375050980704	0.1724202567332627	0.1782325292722124	0.18636215424272595	0.20223937688072358	0.22691582179509423	0.24226408355197399	0.2587710215246357	0.2910124466594378	0.3727264075365675	0.5250587450940453	0.6425762208490603	0.7344789758410551	0.8829070783236155	1.0678040948876897	1.2251510655602091	1.3399523691717063	1.4825954867798192	1.8192853847646757	2.301754382724272	2.5864885674971085	2.8767579500616427	3.205368600302759	3.448308578313939	3.7322283312539435	3.9157735588996054	4.146954652561491	4.244096639137891	4.164120692584435	3.980522988660884	3.6978941521569406	3.5275456588747227	3.29192297305234	2.9947372170620783	2.7197384313631487	2.494652982140811	2.3334227669045298	2.294911476087589	2.2513330758777172	2.0986103148127477	1.8743497926788204	1.6869905891562096	1.667057999762975	1.6609854448856975	1.605721627115576	1.4331460405997627	1.2264440810473862	1.130446077328959	1.0138773726781714	0.8678211979561791	0.6734133807875614	0.5130983518376584	0.43302165083065547	0.3482031933536317	0.34523093697401713	0.2999250176960504	0.2041663058047957	0.16186832677540788	0.13006980142598618	0.10625396746898977	0.09636743671476335	0.08603800617515649	0.07531185497471127	0.07006422718584372	0.06758524781838271	0.0668652732857501	0.06561213976976851	0.0656289321786929	0.06526999443793435	0.0647011515856211	0.06523011246673896	0.06553237582737773	0.06580105437016776	0.06628173707562801	0.06648324598272053	0.06704579168168713	0.0680491381149186	0.06901680067918577	0.07015238733269671	0.07252011699103374	0.07699949207161107	0.08433777477156341	0.09678514788675721	0.12825202315992246	0.4047600266109304
GLDS-375_rna-seq_GC6-1R_R1_raw	0.004748066796754089	0.0049019212991919785	0.00579895147416529	0.007400985824866649	0.007836062987456831	0.0059968200494524984	0.003623176156144917	0.002337419921847522	0.0016923995268167773	0.0011876009567927167	0.0009126103777518319	0.0007762836034397784	0.0006894239729495274	0.0006839709019770451	0.0007490182485773678	0.0012818611836027652	0.0016004763304235073	0.001716938346192947	0.0029851668523645067	0.0038615532586562793	0.004592654274038348	0.006622754696079555	0.009214521428286422	0.013178514520211472	0.019843335763793032	0.031329450757187724	0.05290374704967438	0.08087021103711847	0.11993211643328587	0.17427235817913983	0.25348561465076264	0.35785973009448757	0.47469372320526465	0.6197045130409959	0.8267291839960719	1.0598725068890593	1.3206278441562795	1.6590064782015745	2.0158133760933037	2.3890503768251214	2.859629757981648	3.207222134445091	3.399660619558916	3.611570463095197	3.816605931660525	4.011950903602683	4.125174184719539	4.088341806340978	3.9384925845323764	3.7553204250210768	3.567739847133594	3.4693707313457804	3.4411421304465875	3.2551853991936963	2.9757388821581547	2.827238126900035	2.7464723032215326	2.5820244314094585	2.569322671094269	2.7504101994738033	2.652871897999155	2.2832273025229943	1.9379470281518838	2.330692779792826	2.907301283433226	2.84353307148102	1.9008303110726148	0.9825915850670424	0.8261336307448628	0.6604685555907166	0.5858397737866734	0.4738749835492534	0.3292607098742355	0.2698179517184161	0.1814182181835082	0.10288036350233423	0.08056990262856249	0.05568364473043188	0.023704499517379848	0.011088040812403499	0.003724057969135836	0.00203048992711067	0.0012643334554769297	0.0008666487795551967	0.0006711172346847658	0.0005624453203045861	0.0004650690529388337	0.00038755754411569474	0.00029329731730564637	0.00022396541494123064	0.00016008658354929703	9.815527750467845e-05	7.868002403152797e-05	5.219367930804331e-05	2.9212880209725732e-05	2.8044365001336702e-05	2.9212880209725732e-05	3.8561001876837965e-05	9.620775215736342e-05	0.00011490399549158788	5.2972689446969324e-05
GLDS-375_rna-seq_GC6-1R_R2_raw	0.01688474727434612	0.014327066980200715	0.011580564650917058	0.012335462663298288	0.014155800712792259	0.015586010590512981	0.017061085207987627	0.01931836680986763	0.021617001997955604	0.023801719759885785	0.026051198798330323	0.028397039495202857	0.030820905826430045	0.03308989127346324	0.03534249133728197	0.03762435101398369	0.03989294633284512	0.04181549796334368	0.043579657556102304	0.045716779681076146	0.0481074851177026	0.05055007760117491	0.052922447013728016	0.05648119619664358	0.06552865862823694	0.08072727194417909	0.09736896936751048	0.1222388600617114	0.16470314117471402	0.2269586244417734	0.310740599970937	0.43932762564374267	0.5995275173316782	0.808060388220601	1.0662612569143197	1.3358550386083323	1.6903180830462408	2.0595342144279263	2.4211073447964018	2.781604111538955	3.1272264614763103	3.445933088586685	3.6800825554905825	3.8681902659463177	3.994786857686736	4.063329646570093	4.072070468258673	4.011850283663755	3.9025812346726445	3.6985765814734934	3.527039565113828	3.4660960828884417	3.3062535486058504	3.0287409452811844	2.7234769645856005	2.499307756572006	2.468967878781372	2.4304142424622244	2.245376060462002	2.2919296650715313	2.3617317876933726	1.9884126783291478	1.632472608632906	1.5152110037866777	2.5062227784166864	3.32870971630129	1.967757732402785	0.7350248833111034	0.6076991420176405	0.49472972731726145	0.4168800407680818	0.36187235867622586	0.2567905553527583	0.17614364981196445	0.12591893910604846	0.09050115303161424	0.0695875521273658	0.048205797416989465	0.030599313024862837	0.020091210718150433	0.014943859619774217	0.013226515407628385	0.012140008449239893	0.01171906015189656	0.011504879785593046	0.011215404682137298	0.01096923380574838	0.010766367156426291	0.010527608715301064	0.010376629112824817	0.010238913868188862	0.010043849782302237	0.00996465376343227	0.009866731592317185	0.0097906565988214	0.009925640946254944	0.010317719758887057	0.011087832769967446	0.01271505737443366	0.017906883084392027	0.17703821370984052
GLDS-375_rna-seq_GC6-1S_R1_raw	0.007913982359296353	0.007888897139139074	0.008327888491891453	0.00990987576310049	0.010597291715474952	0.00817130816607102	0.004882716723516789	0.003156691736565958	0.002278304430736082	0.001571063062430866	0.0011705087405646394	0.0010171652173451447	0.001027684825798197	0.0011021312856197988	0.001826770467905063	0.0038271144752854906	0.005422453557223401	0.007901035148892595	0.016579307522335718	0.02483274955440557	0.03819346149043237	0.05375519919509782	0.06230723626710432	0.08910877100353116	0.13167515280783237	0.21927435999835052	0.40592741418378553	0.5010598748276646	0.5594416787404798	0.7606389008129101	0.9676417329504498	1.147706275441673	1.3125088890691428	1.5000164591412257	2.05061600237659	2.6824329918743954	2.8263278837014236	3.158313779269354	3.6550929826572762	3.8880739878696295	4.323570403013644	4.451609008099322	4.319805596988427	4.429050921572726	4.5041131830891565	4.410540456698605	4.31337164261841	4.037786627771521	3.5592342644298114	3.208265330808023	2.9098066411809462	2.6580720062990766	2.4683435850424247	2.3949053892310155	2.356623320269382	2.2949424053055596	2.0688145204000454	1.780561873974055	1.7557825316625648	1.771870654390208	1.5365008888583622	1.1658153767932777	0.9083920613402577	1.0603271708280186	1.296173960143178	1.2752148541014463	0.8278992542601015	0.3916425951051906	0.32871591574033154	0.25346713347402205	0.24258783533194025	0.20095891248093603	0.11939674674149464	0.08564377381922574	0.05634423667552407	0.03445900048959876	0.0265866919637895	0.01784246973735224	0.0074527379886625165	0.003384886319932172	0.0012595208120904677	0.0007525566047183648	0.0004887571927418197	0.00034795627960096436	0.0002694638165281887	0.00023547738921832705	0.0002565166061244319	0.00025206600254814047	0.0001938035557312348	0.00012502150046127676	7.768326242254089e-05	5.704864584155347e-05	3.762783023591824e-05	2.023001625587002e-05	1.4161011379109015e-05	1.1733409428404612e-05	1.4565611704226416e-05	3.0345024383805035e-05	6.756825429460588e-05	6.797285461972328e-05	2.508522015727883e-05
GLDS-375_rna-seq_GC6-1S_R2_raw	0.02381166195548465	0.01912589309126058	0.014672650493835558	0.01774126803913662	0.0229354349257175	0.02730563242785715	0.030915866033629162	0.03492026001848737	0.039507184964420565	0.044248452258176814	0.04940170424415369	0.054438287998705245	0.05949715214467483	0.06413187865765033	0.06861995968529264	0.07345480462300459	0.07822078289633358	0.08313705253722778	0.09267913653453028	0.10792175995064156	0.13318205244632378	0.17897392818273122	0.24755742904570346	0.2529833120030318	0.25155412616807177	0.27801148332994075	0.346842499086666	0.4670237405915579	0.6081052045406368	0.7089057462960511	0.806237838754717	1.0840743197375198	1.3090750805116123	1.3950409325628779	1.676509927542871	2.0615734253620985	2.684455390589197	3.8041584867922973	4.266400855385546	3.8983417522965573	3.944846600558342	4.2277933931363885	4.417101371956827	4.763122737345231	4.837213950966741	4.4919817165325595	4.098415616250187	3.8829528884931386	3.611898558657983	3.225243430695457	2.930957944375763	2.640663483806077	2.4432835217239	2.3989325796652006	2.274393698696968	2.2231828266696705	2.1208186065347365	1.7469641710889057	1.4391326118850771	1.4023833342801824	1.4044663483287552	1.1567570075233833	0.9162478790282664	0.7796378870877726	1.1842481748470488	1.537681618813193	0.8716384844291176	0.27768173353695397	0.21546920932546026	0.1722298562495072	0.14217239293251077	0.11694288788678801	0.08355308820970622	0.06231825479622289	0.048147115658305845	0.03568062901288079	0.027578263399208644	0.021779690258160546	0.016614690429435988	0.012222212535878317	0.009963791042141894	0.009406376158665424	0.009104578129457598	0.008869216176478071	0.008631018537318067	0.008380262859358813	0.008221869531277928	0.008054158948604047	0.007853230327816017	0.007686735039219484	0.007572092297923089	0.007515783672339346	0.00753927935783472	0.007654732295182682	0.007866193464641052	0.008309370704846908	0.009088779306452088	0.010490013377633126	0.013270606226602956	0.020536849515060393	0.1439402407170248
GLDS-375_rna-seq_GC7-1R_R1_raw	0.00644745281599125	0.006877363285791189	0.007996495302413255	0.01025081574909529	0.010987403715559238	0.008195594829043293	0.004839804420520888	0.00304991573253029	0.002239066853916025	0.0014763872156154786	0.0009830539127358095	0.0007867642584574057	0.0007104962946273511	0.0007040737292521885	0.0007526443799018549	0.0014458800300834566	0.0018954596063448313	0.0019544669257291368	0.0033381283537407074	0.004212400065434702	0.004971868421047667	0.00727275246669963	0.010220308563563268	0.014461208762850253	0.021761658542730274	0.03419092818501349	0.057624460776965744	0.0878570816391994	0.1292428886857387	0.18702510372473186	0.2718904741301134	0.38520098517175366	0.5129723035659083	0.6712925541670233	0.8962573572041838	1.151301442355246	1.4375664206156449	1.812557935302906	2.205753810135729	2.603022394237077	3.1050357942212785	3.4875220412910175	3.6881633850214306	3.8970557182072465	4.100319877072741	4.301345370494655	4.421903746562166	4.397539744811487	4.264619134627797	4.073897041708986	3.8536223170370385	3.725942921609816	3.6578007072103498	3.4920346962877415	3.2547180958031356	3.0584095752389424	2.9229893828933053	2.779838830297988	2.736046568287443	2.7518910370679683	2.472033772000302	2.051204809640842	1.7026445599343905	1.761154531912457	1.971206940969162	1.8704589678013397	1.2535422605624578	0.6297963592780983	0.4987423071565638	0.3736363533931017	0.30202956638407125	0.22348841582154502	0.13007461090182224	0.089332666034143	0.053542117660378086	0.02654807538857012	0.017563709249389686	0.010211076125836473	0.003814201012174627	0.0017987197153814462	0.0009987089158377679	0.0006896229571580729	0.0005190235643803191	0.00042469213543262004	0.00038174122948622083	0.00034200160622740284	0.0002990507002810037	0.00022759966048232092	0.0001758177271450733	0.00015895849303527177	0.0001103878423856054	7.38595018143687e-05	5.0176291993456997e-05	3.090859586796951e-05	2.6493082172545297e-05	2.3683209820911703e-05	2.207756847712108e-05	3.973962325881794e-05	0.00010637373902612882	0.00012804989716730226	6.342283307972963e-05
GLDS-375_rna-seq_GC7-1R_R2_raw	0.023799652171049835	0.02026700434744386	0.015544213139414483	0.015119362900530477	0.01609165497986861	0.01662985220774532	0.017431319924239838	0.018898399746308536	0.02076098821081987	0.022761843924315208	0.02510475030317506	0.02761727522584669	0.030118143897877224	0.03258886709411183	0.03511947930226102	0.03765009151041021	0.04028601191400652	0.042336306207807185	0.0440722836739756	0.04640433768154892	0.048557528532733034	0.050394392857898505	0.05238359232075275	0.05609510330074792	0.06647117606970779	0.08669919226845557	0.10452923635255627	0.1285600038380416	0.1767389051947777	0.2470269004399278	0.3404159766970167	0.4867091571569347	0.6691970055558353	0.9032074914867568	1.1938376119972756	1.4957164163161272	1.8883331027807344	2.2881284318815465	2.6745275134783237	3.0665179779257303	3.407865248855003	3.7122320597762117	3.959411697293506	4.138155477598551	4.244987426362239	4.305268329462172	4.30824670247081	4.260488230016508	4.162832162145424	3.94251897653682	3.726603412937326	3.5949203378068257	3.4189873216649924	3.201848655627538	2.929292958524906	2.6596979490851114	2.554519580153749	2.457012631902936	2.2356933912821018	2.2767008849168247	2.3091068694577745	1.8668679162553214	1.4425213077869476	1.23766632022682	1.6711361554900748	2.0723635956610322	1.2494909835926937	0.47924754898792554	0.36543953518538136	0.276809424707277	0.21174423362869146	0.16849472047410619	0.10908160513741932	0.0660342676405054	0.04392678151080057	0.029831962847654506	0.02175176951531284	0.013972629001253215	0.009757085665950058	0.008208814029070978	0.0074595984706227435	0.006955968054992036	0.00665169971929176	0.006557243895131173	0.006312060691990924	0.0060029690801633	0.0058401835108652655	0.0057569819976684925	0.005588167333211273	0.005460350515836519	0.005333739517493604	0.0052292352014010396	0.005314044473306929	0.005376747062962468	0.005426989522622354	0.005573697504829224	0.005954334379212529	0.006639239589296108	0.008115965963619506	0.012551370302394331	0.14851389717688504
GLDS-375_rna-seq_GC7-1S_R1_raw	0.015499560382102599	0.015368444295545737	0.01763921101960233	0.023997112004298476	0.027900274005987945	0.02168496176542238	0.011779960901592727	0.006870482935579369	0.004645606841817682	0.0028366145851035285	0.0017823593016322908	0.0013845039264863243	0.0012398664935032902	0.0012378178046508392	0.0020560641323197322	0.004364936469031907	0.00606125083886126	0.007838693287247667	0.01627068686616512	0.02445642804501797	0.03664448776601892	0.05034775776229256	0.05850563677275208	0.084111379263995	0.12171916052843634	0.1960013404161424	0.3324280382163238	0.4386550136425264	0.5404080623527466	0.7234469386616617	0.9252378737748302	1.1170221930570876	1.3124974301759207	1.530980672321089	2.1047790850666215	2.7814687980487958	3.007754266819638	3.4094886294388353	3.8923019020826297	4.107823149884924	4.572759153864461	4.677071424689163	4.503886332022767	4.619299628263359	4.6605872644445725	4.50514340750263	4.386939797045	4.047158604799459	3.507510606010972	3.141443916312945	2.827606909957072	2.6161146136520075	2.4732935482055565	2.4018717476936424	2.3604620096568225	2.275899918845288	2.019612631043614	1.7141887703292162	1.64829023496351	1.6048166477767312	1.3613258802852357	1.0507684150443664	0.8338302940317167	0.9275356831917393	1.0675647954700704	0.9855811844482307	0.6460827112643284	0.3553848260213477	0.300495534810942	0.22450228999366895	0.21436455807620083	0.17851291289608043	0.1035083653190002	0.07339755604121774	0.0481048532066293	0.029254457337458	0.022117644851060013	0.014438749294303516	0.005989956466795968	0.0025956887760553017	0.0009796830092420248	0.0006260793133089978	0.00047324712491616	0.0003331168074085178	0.0002556763687858734	0.00021879996944175709	0.00022248760937616872	0.00021101495180244362	0.00018397225895009161	0.00014996402399940654	9.587863829470254e-05	6.350935442597818e-05	3.687639934411636e-05	2.253557737696e-05	1.843819967205818e-05	1.6799248590097454e-05	1.6799248590097454e-05	2.499400399990109e-05	7.86696519341149e-05	9.014230950784e-05	3.1140070557253816e-05
GLDS-375_rna-seq_GC7-1S_R2_raw	0.06263145365466859	0.044313322425968665	0.023946717298837853	0.02359559722333588	0.026754037154837276	0.02850471528829805	0.029706563210284944	0.03257336018187757	0.03618423637889144	0.0399612383125622	0.044348188321316415	0.048869269480408414	0.053197562747577594	0.05747130114320267	0.06146036975798851	0.06590843763035231	0.07061205200626484	0.07510113857903773	0.08507155408747985	0.10163982755672718	0.12749719592062134	0.1646199401648732	0.2243222484233273	0.23714797566724752	0.24535417687109387	0.26713551697533483	0.3255387629918325	0.43772613917175796	0.5599249495605346	0.6491516979994573	0.7517903309111462	1.0368719395024704	1.2490985935491596	1.3261194073073437	1.6176003433494928	2.0033057462884107	2.666110928906044	3.869512229077431	4.5302750906016955	4.184071106343754	4.098185741240156	4.397291233314352	4.540641336569085	4.908797708911973	5.040344270936982	4.662310185348576	4.216770804122891	3.953554623971647	3.6723816873423067	3.2432678345084454	2.903404931146748	2.635737811814111	2.4419954147327787	2.3971045490050495	2.275897980979169	2.182769123570328	2.0844325319575465	1.7220577454373216	1.4115892529757958	1.316668698733085	1.2797481766818501	1.0698398995822835	0.8636335601946394	0.748245494821791	0.9853024089741304	1.2102013803252096	0.7199512054665917	0.2714092553709599	0.21732568869454555	0.17191060397558824	0.14064409958874485	0.11625848219552955	0.0828688498755107	0.06230330405139572	0.04687822176255026	0.0332124315342515	0.02566909252901634	0.01941538146464358	0.014279429986419035	0.010732132775039288	0.009006886235832161	0.00857742044254879	0.008165182503437243	0.007880512722598028	0.007774684475542526	0.007664344171442023	0.007537596387177875	0.007354652983353249	0.007233647817146378	0.007289023062698675	0.007308301851890957	0.007303789794845954	0.007365317845459617	0.0074846822636501255	0.007683622960634303	0.008081914541606753	0.008902698736793025	0.010184533124577682	0.012645244962120132	0.019233258434827136	0.14526485618983098
GLDS-375_rna-seq_GC8-1R_R1_raw	0.0013811184844216805	0.001521672155108837	0.0019853205984560894	0.00302756180058543	0.0032303521601997386	0.0022366496197695645	0.0013843940996283726	0.0008870961546123729	0.0006497629437274917	0.00047377307216793735	0.0003781846647726464	0.000325774821465571	0.00031743689184853625	0.0003356016670856476	0.00035436200872397574	0.0004984890778184331	0.0006381493989037647	0.0007206353454722868	0.0010074005676581595	0.0012605162881752852	0.0016014780528718837	0.0022592811430158016	0.0031082610479503015	0.0043282788208428465	0.0061858504262379405	0.009058862745707618	0.01413398183367629	0.0203293613223337	0.029409366675284515	0.04277983238260091	0.06163218902991703	0.08570349405109566	0.11305875220858355	0.1473109670753622	0.19578411647039476	0.2763395345493727	0.3874775851140322	0.4881714854837539	0.6025911069191178	0.7393623353921468	0.8723124098349692	0.9895332778384561	1.2805716889530592	1.5370505729378559	1.6359315691822738	1.8194898985684906	2.085825406493425	2.656157361507436	3.0008637499516846	3.207126857251488	3.6698110785951705	4.212984312364095	4.995887613999598	6.72134204456397	7.720270084598421	7.556179331951976	7.347071501736761	7.3842059602022285	7.1991021360048535	5.714090964072517	3.9852078577363392	2.8443995228560217	2.2177442577125404	1.6420530984371802	1.1784305622283808	1.0019764466590781	0.7575944096325957	0.4212899741935123	0.2711277329723248	0.24310871606068085	0.2248036849360829	0.144689283777206	0.08291892334220667	0.04809615586306237	0.03096051936725358	0.020482421887446405	0.014238205953889225	0.006569990755022754	0.002175604063644846	0.0010353921885153476	0.0005324363626877888	0.00034870412791241647	0.00024596892370252435	0.00017330982275407891	0.00012834455946221306	9.856623940137477e-05	7.236131774783707e-05	6.432117133141072e-05	5.032536090281672e-05	2.9778320060838298e-05	1.8760341638328128e-05	1.667585923406945e-05	1.6378076033461067e-05	1.5782509632244296e-05	1.3102460826768852e-05	1.1613544823726938e-05	1.2506894425552086e-05	2.1738173644411957e-05	6.938348574175324e-05	7.682806575696281e-05	3.216058566570536e-05
GLDS-375_rna-seq_GC8-1R_R2_raw	0.006847842799239297	0.005252894650526618	0.00352975440761834	0.003779579930725112	0.004253294436950242	0.004544558799808614	0.005018869548332328	0.005636874690814829	0.00626322722547751	0.006875568066123461	0.00759582876281315	0.008331591759266028	0.009085540145825723	0.009909845123618349	0.010639347575936093	0.01153788471990245	0.012476071976724656	0.013120908022643447	0.014113651449786106	0.015171385287474437	0.016056506979722652	0.017223949400350474	0.01843432126647636	0.019931783799370523	0.02295443413204302	0.02820166448073309	0.03264575645323027	0.038409332632494235	0.049689342558259034	0.06570828627317088	0.08656752496798908	0.1161444223104066	0.15357293636172986	0.20432955263445457	0.27189483554656585	0.42281419555844685	0.8036651562636884	1.0284016978094852	1.0482577588369355	1.0631074714043236	1.074842116082759	1.146431736389164	1.4048017097557959	1.6215015013589764	1.6615898523042836	1.7202845404192086	2.120127607061252	2.962964987978473	3.5061536468346324	3.832446350371376	4.196351210587408	4.174317970806677	4.547886129955862	5.873218877429463	6.841894984189771	6.776604365646759	6.618806456357261	6.0916024572838445	5.2331336901457925	4.8543302254938885	4.105121070844491	3.3611722638743515	2.9772107070973957	2.2287483459269746	1.4990810326136728	1.1317990560184605	0.7923073367179585	0.48446207177825945	0.3450817889708781	0.25671838219955345	0.1651221496853054	0.11376809862939934	0.07471542055673278	0.05361917554822735	0.05151503647652379	0.038830279695294664	0.0249187543847286	0.016625322132571962	0.013300078833367993	0.011997587532110852	0.011483030428432706	0.011187294248334954	0.010922264546614286	0.010822393961601435	0.010749056158875583	0.010539476990923242	0.010304855646430367	0.010172191734995388	0.010049365821487046	0.0099456196615334	0.009685359898201405	0.00943911182888614	0.009309727250093373	0.009125786500980154	0.008885798975800021	0.008702156347836094	0.008606459458913333	0.008624942970169443	0.009168715946478214	0.011737029647629566	0.12313953695739618
GLDS-375_rna-seq_GC8-1S_R1_raw	0.006422476576090795	0.006332964707434476	0.007366909671774814	0.010502725922341277	0.011782828525486486	0.008788739400292527	0.005076483291851351	0.003182644218891296	0.00230575943149885	0.0015478093955154934	0.0011217992057993148	0.0009875314028148382	0.0009871169960155035	0.0010434763207250368	0.00174589584559753	0.0037565976359699993	0.005536060432313649	0.008403341076911158	0.016934733854816773	0.026964621619117033	0.04459721652401362	0.06485590731629486	0.07735565960463055	0.10914894924959674	0.16417388406527203	0.2711612874495384	0.4748239954234239	0.5872227227934043	0.6670548774308594	0.9083598126155227	1.1542489158144273	1.3572208076538217	1.519101364491575	1.6999049790073533	2.409528966086282	3.223039764876854	3.3259792426452184	3.6740647922212792	4.272801807934201	4.440324098938098	4.76833039586599	4.9531989266764445	4.85874484253126	4.9562713386867125	4.949394257851751	4.563707092931247	4.248898409341771	3.8873666023476923	3.3650374978893227	2.947555385696655	2.5729386840135806	2.2675055398522543	1.9883072469364171	1.8744207991568247	1.8366380880410724	1.761286499718025	1.5518759694373658	1.287020295846506	1.3018291228207353	1.3822899325727813	1.2271186218162586	0.9445864261997725	0.7524069306354545	0.8448295926502998	0.994274215846815	0.9937085505657229	0.6818288942339447	0.36516532581064537	0.3017130143236975	0.2334631153208506	0.22519652848771993	0.18761356144924723	0.11659666824724182	0.08565664220210602	0.05609451876475843	0.03359968888326659	0.025341804592921947	0.01705864148781788	0.0071298689825553055	0.0031221408261884144	0.0012283017532283595	0.0007181669832472155	0.0005175940923691704	0.0003704796786053149	0.0002880127255376889	0.00026397713117627024	0.0002892559459356933	0.00030583221790908544	0.000254031367992235	0.00018275339850664865	0.0001085745814257187	7.04491558869167e-05	4.97288159201765e-05	2.2377967164079424e-05	1.8648305970066186e-05	1.906271276940099e-05	2.5693221558757854e-05	6.257542669955543e-05	0.00013592543018181574	0.00013509661658314616	5.2215256716185325e-05
GLDS-375_rna-seq_GC8-1S_R2_raw	0.02624961729160642	0.018893617958292603	0.011357161840070627	0.013038936106777949	0.01620792318703873	0.018610280063827606	0.02063637417300337	0.022785261864553426	0.025392966117272275	0.028298942619069217	0.03144303910830818	0.034704951061717074	0.037541648751836625	0.04030408951207443	0.04329013074832487	0.04636992654409082	0.049775789082242554	0.05370310950230131	0.06437370587335353	0.08049741589410178	0.10686733770898033	0.15782874861022866	0.23166959077872964	0.24278158029723537	0.2524237804159029	0.2854336822290344	0.3673689445978297	0.5150601703280567	0.7003913626446565	0.8192845894058269	0.9126201573057973	1.237910728094881	1.4571072288693951	1.4797547627969612	1.7739325096519594	2.187500050559013	2.889635413947931	4.348652580835067	4.922666945684661	4.358206004512423	4.412521007710677	4.764747761260386	4.933559068315807	5.3914376690462635	5.454832345006093	4.9000219008161965	4.345720884055881	3.96402781916818	3.595839144439365	3.084475641721232	2.64578602729586	2.243526696733201	1.9612478969161815	1.868512192259837	1.7534375970045966	1.8039252569900628	1.691864497464381	1.3178854415775245	1.111364059437686	1.085024836018401	1.1585736285855792	0.9786540656003059	0.7267397126139827	0.618947689448542	0.8833840839347568	1.1596082474857194	0.7291939248887338	0.2878339648899048	0.22609036480118974	0.17610093147934328	0.1459513734178021	0.11896872822060323	0.08514697829697689	0.06360085302212616	0.04772314500931018	0.0345000185289708	0.025181396093586845	0.018170961132292565	0.013015290045307224	0.0087058990530636	0.006208543087208132	0.0056364743368900756	0.005344009892383746	0.005217482721356185	0.0051058899049417125	0.004966917438403244	0.004849931660600712	0.0047736005148004785	0.004704321703123093	0.0046192788504652235	0.004528428193235598	0.004523864918214932	0.004590239827606439	0.004627575714139162	0.004744976335125391	0.004977288517995667	0.005435275392797069	0.006233848521413643	0.007754248789662861	0.011954536024594195	0.12278321129469641
GLDS-375_rna-seq_GC9-1R_S12_L002_R1_raw	0.009270074971731334	0.011846345807321718	0.014602618098673872	0.01293338584875805	0.009841017089225709	0.00751787330080032	0.005568795037629867	0.004313003631416869	0.0036872173203700786	0.003186588271532646	0.0028814295535615144	0.0025087702896797177	0.0022570495038878625	0.002221892969559391	0.002058766650275284	0.0020039224567228687	0.002043297775170757	0.002176892605618948	0.002577677096963522	0.0032090884535028678	0.004185033846461234	0.005885203846586109	0.008032564963369142	0.011342904235738006	0.01878062063826941	0.03230604252511892	0.04984915315502614	0.07445872718495611	0.11559890365613332	0.17397140699375407	0.2517460984965716	0.36244699379006223	0.5049336149006105	0.6832658384124681	0.9082718768988043	1.1673024093082354	1.523262319384008	1.856761422808007	2.160698099645881	2.5430197854225147	2.918817824689157	3.273606319041105	3.595963613605725	3.812593959353646	3.936671212828434	4.020577203918137	4.038398754299926	3.995419187952683	3.9150302565571997	3.81488054034637	3.6759306665892657	3.472052298972968	3.255548516748629	3.123638387425458	2.974854527885994	2.7659979950087847	2.6901681629850183	2.8919146383596375	2.9108372913965943	2.72980504604831	2.568797962653523	2.232240240742947	1.9718990727337509	1.8355648451306847	2.122151069146772	2.372344655087398	1.706997399091465	1.063611726959842	0.8984674226052803	0.7157490698706026	0.6002275105899919	0.5025373455207819	0.34691483692374364	0.23851317897533494	0.16629743868053534	0.11637515993410597	0.0829202018671326	0.04691709819203163	0.021467986122337763	0.008720226774834042	0.002584708403829216	0.001040633416122753	0.0005301605376733485	0.00032765889994135325	0.00021515799009024487	0.0001518762282989964	0.00010546960298541414	7.59381141494982e-05	5.625045492555421e-05	4.640662531358222e-05	2.8125227462777105e-05	3.0937750209054816e-05	3.2344011582193674e-05	2.2500181970221682e-05	1.4062613731388552e-05	1.828139785080512e-05	4.359410256730451e-05	7.453185277635933e-05	0.00017297014889607921	0.00015328248967213522	2.9531488835915962e-05
GLDS-375_rna-seq_GC9-1R_S12_L002_R2_raw	0.015569692442123575	0.02063336185571476	0.02916009125191209	0.034734773175131746	0.038884814162417486	0.04208180978050633	0.044604494125559266	0.047204604608434696	0.04899385226611454	0.050293203633572044	0.05131100540894776	0.05200502515342939	0.05251885315897868	0.0527088991336339	0.05297777899407202	0.05304253540025083	0.053176271456489684	0.05371262342940551	0.05482192882220781	0.056307102920439306	0.058010477952534195	0.060597918703765956	0.06393005812605405	0.0694399836430949	0.07947300335692986	0.09338436870169163	0.11405996299621865	0.14187283945001933	0.18141929515382904	0.23284292039960952	0.3047929186561137	0.3977437009859993	0.5063739800989205	0.6531190352399153	0.8358545747367269	1.0655371009652181	1.3407771666884656	1.6473494787665361	1.9713651958220348	2.3823586206114036	2.72581252150423	3.0091513612437106	3.3538187408784093	3.5681244361353532	3.6913206833946255	3.797547936739129	3.8340072011657615	3.83403535612497	3.7726702147827815	3.6601855217542596	3.4729480042800605	3.3270109964683403	3.228540434385691	3.060293436897409	2.8386885684657446	2.6395443187424057	2.475761290036581	2.3961137259325604	2.495257191540285	2.656231763065094	2.7737984262306914	2.590085909649356	2.310198867908799	2.3577174003124046	2.35346881696789	2.102812253877265	1.633756264460827	1.2203415131795545	1.038307032167027	0.8420655587380513	0.7774414808675156	0.6579504262400391	0.481335774875086	0.3980702985128142	0.2742898358499714	0.16462204649022882	0.13276330239821268	0.09757804987575006	0.054858530269178446	0.03825836632003548	0.02958523113595561	0.027828361681365175	0.027353950618707344	0.02721599131858726	0.027078032018467178	0.027482055683104557	0.0276918101292055	0.02766647066591814	0.027734042568017772	0.02790015682734603	0.02832388896342914	0.028799707774047386	0.02940503939702326	0.029865372980077	0.03089865998301721	0.0323035924475054	0.033684593196666626	0.036301596655066964	0.04067546956805774	0.051602409236752425	0.1387743861891591
GLDS-375_rna-seq_GC9-1S_S11_L002_R1_raw	0.012217653566754739	0.01488466111990406	0.01792872836160208	0.016257250351999014	0.012544132077571294	0.009677098957935773	0.007336569915603005	0.0057961431392150355	0.005092604939849783	0.004520117973699628	0.004046494218571385	0.0036924259744463886	0.003359050030302724	0.003165921897143635	0.0032578876748384387	0.0037797934632564528	0.004303998396116837	0.0055846218505169855	0.01313271305481804	0.025067571855161258	0.043334274449791745	0.0674936842502168	0.11699426409444517	0.1437953908591535	0.14941220073186368	0.1816645989694315	0.28425012484354323	0.39044990578106076	0.5392068503468489	0.6961326551163781	0.8057006826619677	0.9944558430916687	1.1859308913966935	1.3283398981570977	1.643961848916781	2.0232792973078855	2.5581223715031163	3.454905960394018	3.83675246767173	3.6622290113402998	3.9117183713596493	4.368408927669836	4.682012229609118	5.044283821104491	5.101799218474821	4.75705860335252	4.33740036657559	4.015462666032716	3.7204387503322263	3.4385958297198447	3.1085145595620958	2.6908588775944695	2.385962435658443	2.280525970675792	2.2396724730793176	2.1974027025063436	2.0439715972892167	1.9484352482754117	1.8698918758351644	1.685912038412266	1.5331913688278318	1.3143427067919484	1.1909821117365806	1.0953905832561588	1.0749213002857376	1.0751512147299747	0.7556621030182249	0.4565411119214318	0.37149345985371923	0.28267980918940444	0.22269283154352604	0.17510973816423434	0.1173000503052804	0.08288875543632702	0.05786946561445555	0.03649661887818305	0.023267341756785465	0.012946482354986064	0.005980074694604643	0.002363520486756468	0.000765615099309245	0.0003954528440876581	0.0002161195775827899	0.0001425469554269465	0.00010576064434902485	7.127347771347325e-05	5.2880322174512426e-05	3.908545552029179e-05	2.7589733308441266e-05	2.299144442370105e-05	2.299144442370105e-05	2.069229998133095e-05	2.5290588866071156e-05	2.7589733308441266e-05	2.069229998133095e-05	1.3794866654220633e-05	2.299144442370105e-05	5.2880322174512426e-05	0.00014944438875405685	0.000131051233215096	1.8393155538960843e-05
GLDS-375_rna-seq_GC9-1S_S11_L002_R2_raw	0.019872117835168217	0.02700021013717377	0.03897089404506234	0.046151923422607495	0.050073870236497536	0.05261484986239812	0.05510749563671909	0.057572522067280266	0.0592296826928676	0.06031604354741931	0.060339059667219135	0.060896049766374874	0.06168320106352886	0.061876536469847386	0.06272122806650093	0.06338639392871585	0.06386052599659224	0.06601483480985579	0.07243403062202676	0.08450598545703455	0.10211792032786002	0.1280202615505822	0.14501536441077237	0.16199435598710268	0.19270706624798808	0.2747549301104014	0.43641785397238664	0.5596691755004453	0.6544472552241413	0.821813573572523	1.0177336901445666	1.176887856948371	1.3162504623363065	1.4951064276887602	1.8390109881257537	2.2983022619552056	2.6173885404120485	2.9957021999497786	3.4030046623753876	3.702324697148142	4.0206054114119905	4.252244244301381	4.508885488129321	4.644303130583567	4.585328926820477	4.387079578924691	4.112421316517449	3.84783951135857	3.517479937423774	3.176346517810679	2.826107921204774	2.5328779517310536	2.3167680948706044	2.2057613490760524	2.11310995882186	1.9735977486552254	1.7645147131696626	1.6037908469955102	1.6140445283663318	1.6757829681173804	1.7039500955284053	1.5537676122225723	1.3602135527659507	1.284099244587932	1.1567694666313446	0.9760330842912451	0.7312244276523949	0.5270622385800343	0.43426814838308303	0.33616884257227236	0.315132109075233	0.2678869199621339	0.17038373165413861	0.12386815353869389	0.08858444188556339	0.060364377398998935	0.04779757598829492	0.037642863932612486	0.028675783658600972	0.024815980368170454	0.022848102125285485	0.022599528031447387	0.022401589401168896	0.022256587846430004	0.02248905065640823	0.022047141156251605	0.02185380574993308	0.02219904754693044	0.022127697575550987	0.022429208744928687	0.022486749044428246	0.02261563931530726	0.022604131255407348	0.02259492480748742	0.02337286965672148	0.024493754690972917	0.026150915316560257	0.028427209564762874	0.03279797071474949	0.04355110188522736	0.13675718062659545
GLDS-375_rna-seq_Plantctrl_rep1_R1_raw	0.0034900343996770544	0.003525141691922853	0.004009252774470179	0.005315244046013879	0.005604971594652889	0.004300088974443266	0.003126027211654828	0.0025746579481734475	0.002264235574631651	0.001874729405925635	0.0017527777591770722	0.0019135322026183595	0.002671849715127605	0.004674443574916885	0.006188491746822527	0.008266104346884408	0.012285704533805978	0.018241749050916852	0.025559217406275314	0.03743989465269819	0.05541519783299167	0.07573197263085756	0.09592827398375366	0.15834608319322566	0.20747744526466413	0.25643696637932045	0.3511228117680176	0.42710386139859796	0.4855312649062791	0.5409435063357133	0.651656754510729	0.8194825457112096	1.0657128983585649	1.2517974379304182	1.403426572240911	1.8093344983337194	2.320782705476736	3.055003311689355	4.5243805953909995	5.735915142821712	6.086363525028166	5.9739363018906655	5.524464660726158	5.7728857084096505	6.09526119108503	5.670022081230351	5.042091573920222	4.451491204780718	4.0158078602581355	3.598848528116795	3.2362164372992703	2.970936867879345	2.575017890306578	2.240854857096839	2.0380330083344123	1.7728631953965603	1.510459467537233	1.311307254690604	1.183630902003308	1.0213110428783023	0.7918889531069015	0.6897636877160973	0.49363144110349655	0.19176194305366598	0.10056391476197779	0.06456231044002327	0.04525699520928107	0.02547237305177255	0.015031094787427415	0.013001523745175575	0.011546234093976057	0.007141562343684781	0.0037250684825015576	0.0022634964737422657	0.0016119790397491859	0.0011371067183191758	0.0008566179307974812	0.00041278784672165076	0.00014671152654296808	9.201806072846109e-05	6.50408782659002e-05	4.6193805586576853e-05	3.8802796692724554e-05	3.0303136464794415e-05	1.8847072679323356e-05	1.145606378547106e-05	1.2564715119548905e-05	1.145606378547106e-05	7.3910088938522964e-06	8.130109783237526e-06	8.869210672622755e-06	1.0347412451393215e-05	1.1825614230163674e-05	1.441246734301198e-05	1.5890669121782435e-05	3.621594357987625e-05	8.610525361337926e-05	0.00021507835881110182	0.0005258702827975908	0.00045306884519314577	9.275716161784631e-05
GLDS-375_rna-seq_Plantctrl_rep1_R2_raw	0.010405956632868805	0.00818905151509878	0.0066370330364864715	0.008990021737799343	0.012030454411411543	0.01452803192023869	0.016832947616495664	0.019060946504663202	0.021194648344451866	0.023578329810531196	0.026367673480812977	0.029233564166837617	0.032346845932726825	0.035601758167357646	0.03872058681844562	0.042907745558814256	0.04860106852681881	0.05550620101457855	0.06564849570433309	0.07883307202943275	0.09590268674774206	0.11821854548703609	0.1533843184777714	0.20952323419735486	0.2861164739835294	0.357230870362718	0.41925059377002405	0.5121220926528185	0.6460283388589801	0.8118369405972748	0.9755850593804044	1.1892666085150945	1.4128659883851626	1.6571504427460901	1.9102226424312356	2.290911290299498	2.761865880176526	3.06037187694	4.022561208565405	5.05398787061874	5.117130653382621	5.2215821995986875	5.479702804399396	5.555236958904954	5.884895002529342	5.571263759205897	4.879086075077949	4.435770504769289	3.8205477173424747	3.3556259198076157	3.0428947510557554	2.711299735119961	2.3709772500124418	2.1873649957478687	2.097151564252319	1.8197662573639801	1.412549446136487	1.2111139403512667	1.229246338273658	1.1162285523489768	0.798532551551882	0.580110634326334	0.5295282184065191	0.4027463915496414	0.17307797968743951	0.08052709076913324	0.05506060123694505	0.03705282333535257	0.027224482347847703	0.022802875259744917	0.018857560714042102	0.014106098852786547	0.010128612372930937	0.008161686881451578	0.0072978519598317654	0.006474694196336173	0.005746573065912623	0.00526658260004682	0.0049056652697810075	0.004556211502259295	0.004355044465717694	0.004219700466868015	0.004014465714513992	0.0038613716830282895	0.003710866197968673	0.0035300377404891828	0.003389146856440746	0.0032367924096482104	0.003162833940331446	0.0030851775475488428	0.002994578422635806	0.0029158126528134516	0.0028329791671786748	0.0028803125875414043	0.0030293389032146857	0.003185761065819643	0.003415402113048198	0.003936809321731389	0.005025108197727583	0.007978639669892585	0.07402281318507037
GLDS-375_rna-seq_Plantctrl_rep2_R1_raw	0.003471034023248511	0.0034955109826473848	0.003913966398124021	0.005358107002657574	0.005804392385669916	0.004459836122800274	0.003227270331700823	0.002550297988874437	0.002220361988210166	0.0019283149794920968	0.0017968770605282817	0.0019313326868152457	0.00278199085112953	0.005227004384507442	0.006959503688808548	0.009132588262289383	0.013596447994853857	0.02037120093532296	0.029063874530059985	0.04193674336898549	0.06165846662820408	0.08414776280356383	0.10505544504077992	0.17270506660787546	0.22461499737905416	0.2751971369280473	0.3738433069152728	0.4482012918617282	0.5069332529881053	0.5648477507307227	0.6808162313544498	0.8534639615231855	1.0960919892149286	1.282628214387236	1.439563748426777	1.8480030579970688	2.3604831923459355	3.0979565433916907	4.595271833365635	5.78233763934909	6.13148470013334	6.033953070050798	5.551560483616166	5.77132233701797	6.069256557422689	5.637617449252843	5.019550082772694	4.445482900868939	4.011277064970347	3.5912511004824186	3.233897216982458	2.9581391217931188	2.5472155684942477	2.2108344155893582	1.9939937028763626	1.719003111249544	1.4600023448256503	1.2574095695884953	1.123546755140123	0.9646510525437902	0.7383186443970506	0.6359858419633783	0.4506986123220407	0.17255418124171804	0.08962490159507895	0.05584636232381946	0.03765729908394678	0.020482520805465785	0.011832095113252845	0.010151902735886318	0.00849249900896815	0.0049943056198113	0.0025204562164566325	0.001436428685818839	0.000990813904433863	0.0006702663265527216	0.0005042924237795365	0.0002611993338592147	0.0001257378051312009	9.220772376288066e-05	6.739546355032368e-05	5.130102449352996e-05	3.7553691132518665e-05	3.4200682995686643e-05	3.0177073231488215e-05	2.2129853703091358e-05	1.40826341746945e-05	9.388422783129666e-06	8.047219528396857e-06	6.370715459980846e-06	8.047219528396857e-06	1.1735528478912084e-05	1.2070829292595286e-05	1.6094439056793715e-05	2.4812260212556976e-05	5.0630422866163555e-05	0.00011668468316175443	0.00028634689488545484	0.0007383323917304116	0.0006199712045002412	9.79078375954951e-05
GLDS-375_rna-seq_Plantctrl_rep2_R2_raw	0.011061486645211562	0.00870977122185464	0.006623198539250106	0.008433552898260699	0.010945025213513995	0.012825524930521108	0.014622789964355317	0.016388170744554748	0.018125694755789054	0.020072312346123028	0.02227534646042513	0.02469284413338644	0.027379847655492263	0.030529676290886112	0.03418226926254208	0.03859572121304066	0.04406269602837688	0.05140412933371572	0.06319291258552276	0.07757438909342115	0.09601254953483106	0.1201402033195757	0.15800896354974336	0.21962847212432032	0.3037468525584883	0.3808513684404496	0.44362710073894035	0.5364676704726945	0.6728866312032993	0.84297234315873	1.0127365275880333	1.233393350798006	1.4568170559760327	1.685384194700933	1.9426672991204843	2.3310728863063197	2.786178989601226	3.057084389668445	3.9973835848592043	5.03409673555687	5.0998944238524935	5.197157507377253	5.483274045794319	5.568438229747709	5.888692399472229	5.610991961519854	4.920569662064871	4.443593310142562	3.8374484767661974	3.383562365702475	3.0449462221215455	2.6937559357782264	2.3518459809849626	2.1710542079064177	2.0839262895528488	1.8142136961952926	1.4027917053698153	1.175295541943321	1.1701316353493765	1.0595614068523498	0.7503606688037014	0.5331137826140381	0.4830179145505158	0.3694602992997711	0.15752163790471493	0.06889146776936422	0.04634627983607211	0.03068238508461059	0.022707294191245786	0.01953128690549917	0.016574106286803888	0.012576492128447346	0.00909741662130908	0.007577712405958695	0.006916198048967616	0.006320801565303397	0.005776084263732356	0.005334739068682498	0.004994080990374053	0.004762164998146334	0.0046366417259420395	0.004467822993538938	0.004242955099483118	0.004035875262718279	0.00392612630547014	0.0038183910905568285	0.0036499079818761984	0.0035035760388786785	0.003411615138921522	0.003323010476189079	0.003199836570042085	0.003092436978851245	0.0031058619277500995	0.0031115675310321132	0.003154527367508449	0.0033753677768946135	0.0036173524807964746	0.0040925956718159415	0.005197804589914178	0.008166732038895957	0.10530764852867579
GLDS-375_rna-seq_Plantctrl_rep3_R1_raw	0.0018462301396274213	0.001927532017335785	0.0023264193548424433	0.0031947685764776037	0.003513765527208335	0.0028757716257468715	0.00217849510512306	0.0018194118119111207	0.0016155925212672372	0.001391447761196263	0.0012892558176878337	0.001316638741777109	0.0017231481303189265	0.002896943989733425	0.003694154068373767	0.004823911410696235	0.007233326432365965	0.010882030492715265	0.015228011073688378	0.02226711635375103	0.03326912357572343	0.045365883164893865	0.056477422083223365	0.09284702664113761	0.12193446718042357	0.1511260757505234	0.21231223158435614	0.26304714395805334	0.29640011009516354	0.326739543091521	0.39569793259572417	0.5036213761844064	0.6597105363515643	0.7767999197573051	0.8704842428195643	1.135133146687747	1.478995203982473	1.9818106188444582	2.915122299154093	3.7496349778586904	4.11762844873073	4.0723210012904385	3.8408085408503303	4.098296951218261	4.350572725572702	4.13633776104018	3.8049143264384604	3.636671664746648	3.5164089674266035	3.3559701568020475	3.3397526905847212	3.444415590119474	3.558381061793546	4.092854524480971	4.452378767460203	4.255420451940709	4.001868125186971	3.8595376140328352	3.7007313338207366	3.0119375914026834	2.1243534182348327	1.6137496787058478	1.2103207279749804	0.7096722339924726	0.43581899775386906	0.33087069475257724	0.2532897894403038	0.1414361904993443	0.08336378366246727	0.08576021296755859	0.08653455689309346	0.05095087048636005	0.026344066763001675	0.013390532177842064	0.009306524313929235	0.0073281786230257225	0.005436498475373835	0.002350979297066845	0.0006501327234804207	0.00031843235435775706	0.00019647953779521182	0.00012364660568146949	7.904349221646452e-05	4.714379714339134e-05	3.246429144604793e-05	2.710062590278784e-05	1.806708393519189e-05	1.1574225645982305e-05	5.928261916234839e-06	3.952174610823226e-06	5.928261916234839e-06	7.622051035159079e-06	7.339752848671706e-06	7.057454662184333e-06	8.751243781108572e-06	1.6655593002755023e-05	3.133509870009844e-05	5.871802278937365e-05	0.00013776151500583816	0.00011884753651118416	2.653602952981309e-05
GLDS-375_rna-seq_Plantctrl_rep3_R2_raw	0.006069274748307523	0.005203688366404049	0.005527435753369252	0.008999951355966351	0.013251042698943992	0.01698402522194416	0.020350037539300526	0.02368808215045309	0.026860580541045783	0.030042966504538818	0.033745156300506514	0.037134616290740816	0.04039638533951938	0.04380590297763721	0.047077842101398974	0.050785399436941145	0.05530628026905645	0.06095434441180977	0.06778100724428283	0.07523397719447131	0.08464751159975446	0.09734061268503678	0.11804321282375492	0.1518945899074193	0.19917781102306234	0.24144238263657902	0.2765613465660661	0.33060653753720576	0.4087500036831209	0.5093100101045063	0.6111282808029798	0.7417682615017595	0.8839625773897859	1.0429589871583904	1.2101722525092549	1.4728568142628273	1.8712946444150662	2.1401120438855914	2.8205332830803562	3.5002002417138667	3.463551529005657	3.504809263195837	3.766464669861526	3.9289491328472854	4.188390853191631	3.9865657151500256	3.693077691284837	3.772533097103585	3.616515106794644	3.471070886945319	3.4484130898910808	3.2462396267813007	3.21501495406413	3.68942183183046	4.118267903680383	3.979826345461158	3.621926434191955	3.266354340085573	2.946587407467961	2.726339461096371	2.1999038922264047	1.7553871473377831	1.6164161802152657	1.2116839211546744	0.650563029052421	0.3696519979164567	0.26271676699101926	0.18314949034745612	0.12800282375521932	0.10137474242837281	0.06548737283348835	0.043198523499473875	0.030200885168861286	0.02351603838198729	0.024081890053969227	0.02055739406812466	0.015477441614016211	0.012343363506693383	0.010914467971553769	0.010344661270411698	0.009874295302438694	0.00953698781549589	0.009211827918116353	0.00879739736255095	0.00850896273594408	0.008186345357310344	0.007785192399639673	0.00740381458776967	0.0070984298361908	0.006843895459527931	0.0065263631183857945	0.0062062882584978584	0.0060113618213198565	0.005828300471622255	0.005689309446851854	0.005685636919774586	0.005894123456930188	0.006440482485194327	0.007773327312159273	0.01174050406185591	0.08170638241502957
