	1	2	3	4	5	6	7	8	9	12	17	22	27	32	37	42	47	52	57	62	67	72	77	82	87	92	97	102	107	112	117	122	127	132	137	142	147	150
GLDS-375_rna-seq_FL1-1R_S2_L002_R1_raw	0.002215175570344709	0.0019753675728211534	0.0	4.877450797089267e-05	0.0	0.0	0.0	0.0	0.0	0.0	8.129084661815446e-07	0.0002235498281999248	0.0	0.0	0.0	4.064542330907723e-06	0.0003674346267140582	8.129084661815446e-07	0.0	0.0	1.8696894722175524e-05	3.901960637671414e-05	6.5032677294523565e-06	0.022187523675959078	7.316176195633901e-06	8.129084661815446e-07	1.1380718526541625e-05	2.4387253985446338e-06	8.94199312799699e-06	3.2516338647261782e-06	4.8774507970892676e-06	0.00036337008438315044	1.6258169323630891e-06	1.6258169323630891e-06	0.0	0.0	0.0003966993314965937	4.064542330907723e-06
	1	2	3	4	5	6	7	8	9	12	17	22	27	32	37	42	47	52	57	62	67	72	77	82	87	92	97	102	107	112	117	122	127	132	137	142	147	150
GLDS-375_rna-seq_FL1-1R_S2_L002_R2_raw	0.4951628694628334	0.005064419744311023	0.0	0.000292647047825356	0.0	8.129084661815445e-06	0.0	0.0	4.0645423309077225e-05	0.00021542074353810933	2.4387253985446334e-05	2.276143705308325e-05	6.5032677294523565e-06	0.0009771159763502166	0.0001861560387555737	0.0006064297157714323	0.0014022671041631644	0.002824044011514686	0.0021176265544029234	0.0013250407998759177	0.010095510241508603	0.0004267769447453109	9.429738207705917e-05	8.129084661815446e-07	0.0	0.0	8.129084661815445e-06	0.004503512902645757	9.754901594178535e-06	8.94199312799699e-06	3.2516338647261782e-06	3.576797251198796e-05	0.0024289704969504555	1.8696894722175524e-05	0.00014307189004795183	0.00036906044364642124	8.94199312799699e-06	0.004377512090387618
	1	2	3	4	5	6	7	8	9	12	17	22	27	32	37	42	47	52	57	62	67	72	77	82	87	92	97	102	107	112	117	122	127	132	137	142	147	150
GLDS-375_rna-seq_FL1-1S_S1_L002_R1_raw	0.0022570619788012396	0.0019351993080274441	4.023283384672442e-06	3.620955046205197e-05	0.0	0.0	0.0	0.0	0.0	0.0	8.046566769344882e-07	0.00025105288320356034	0.0	0.0	0.0	5.632596738541417e-06	0.00035243962449730583	1.6093133538689764e-06	0.0	0.0	2.5749013661903623e-05	4.586543058526582e-05	4.827940061606929e-06	0.022551308027765966	9.655880123213858e-06	1.6093133538689764e-06	1.9311760246427716e-05	4.827940061606929e-06	9.655880123213858e-06	3.218626707737953e-06	4.827940061606929e-06	0.00039428177169789923	2.4139700308034645e-06	1.6093133538689764e-06	0.0	0.0	0.0003934771150209647	2.011641692336221e-06
	1	2	3	4	5	6	7	8	9	12	17	22	27	32	37	42	47	52	57	62	67	72	77	82	87	92	97	102	107	112	117	122	127	132	137	142	147	150
GLDS-375_rna-seq_FL1-1S_S1_L002_R2_raw	0.4927154229872952	0.0048681728954536535	0.0	0.0003460023710818299	0.0	2.816298369270709e-05	0.0	4.023283384672442e-06	6.83958175394315e-05	0.00018024309563332536	1.2874506830951811e-05	1.2069850154017321e-05	4.827940061606929e-06	0.0010146720696143897	0.00016656393212543903	0.0006211949545934249	0.0014894195090057376	0.002934582900780079	0.0020913027033527347	0.0014524053018667511	0.01034466623866978	0.0005004964530532516	8.770757778585922e-05	1.6093133538689764e-06	0.0	0.0	8.85122344627937e-06	0.004828744718283864	8.046566769344883e-06	1.36791635078863e-05	5.632596738541417e-06	3.942817716978992e-05	0.002592603813082921	2.0116416923362206e-05	0.00014161957514046992	0.0004079609352057855	9.655880123213858e-06	0.0047414394688364715
	1	2	3	4	5	6	7	8	9	10	12	14	16	18	20	22	24	26	28	30	32	34	36	38	40	42	44	46	48	50	52	54	56	58	60	62	64	66	68	70	72	74	76	78	80	82	84	86	88	90	92	94	96	98	100
GLDS-375_rna-seq_FL10-1R_R1_raw	0.0002595542705658086	0.12037711782009297	2.7685788860352915e-06	0.0	0.001484650427636425	1.3842894430176458e-06	5.329514355617936e-05	0.0	1.1766460265649989e-05	9.413168212519991e-05	8.651809018860287e-06	1.4188966790930868e-05	3.1146512467897028e-06	0.0	2.7685788860352915e-06	8.997881379614697e-06	0.0	3.4607236075441144e-06	1.5573256233948516e-05	6.0216590771267586e-05	2.6301499417335267e-05	3.045436774638821e-05	7.025268923314552e-05	0.0006582296301548906	1.5573256233948516e-05	9.309346504293668e-05	3.4607236075441144e-07	4.152868329052937e-06	3.876010440449408e-05	2.145648636677351e-05	2.872400594261615e-05	4.7411913423354367e-05	7.89044982520058e-05	0.00011697245793499107	0.00012043318154253517	0.0006938750833125949	0.00036129954462760553	0.00014292788499157194	0.00019899160743378657	0.00018895550897190863	0.002759581004655677	8.651809018860286e-05	0.0003696052812857114	0.001754586869024866	0.006725916331261987	0.0028914345741031075	0.00240208825599637	0.0006094334272885186	0.00028862434886917917	0.0002547092575152468	0.00022840775809791156	0.0002862018423438983	0.00012216354334630724	7.613591936597052e-06	2.664757177808968e-05
	1	2	3	4	5	6	7	8	9	10	12	14	16	18	20	22	24	26	28	30	32	34	36	38	40	42	44	46	48	50	52	54	56	58	60	62	64	66	68	70	72	74	76	78	80	82	84	86	88	90	92	94	96	98	100
GLDS-375_rna-seq_FL10-1R_R2_raw	0.030580338085702815	0.0075699868191419955	0.0002637071388948615	0.0007011426028884376	2.42250652528088e-05	0.0004824248708916495	0.0006070109207632376	0.00180511343369501	0.0002242548897688586	0.00010624421475160431	0.00010243741878330579	0.0006274291900477479	0.0013877501666251899	0.00013219964180818516	0.0006146245126998347	0.0028125300758511016	0.0014780750527820913	0.0013624868842901177	0.0039857153788085565	0.0036901695827242895	0.005963172848159263	0.003552778855504788	0.0021671051230441247	0.002514561773241554	0.0006381574332311347	0.0017431664811199707	0.0027834599975477313	0.0016919477717283176	0.0025062560365834473	0.004465371670814171	0.002308648718592679	0.0028910885017423534	0.005119794505000763	0.004186783420406869	0.004048008403744351	0.006018198353519215	0.006690270878104283	0.00815934804950676	0.00520354401630333	0.003555201362030069	0.0038178702838426674	0.0035468956253719625	0.003467991127119957	0.0037742651663876113	0.004006825792814576	0.003910617676524849	0.0043587813837018125	0.004852626642498357	0.004671976870184554	0.005257877376941773	0.007450591854681724	0.007111094868781646	0.007695957158456602	0.007498003768105079	0.012162367046353036
	1	2	3	4	5	6	7	8	9	10	12	14	16	18	20	22	24	26	28	30	32	34	36	38	40	42	44	46	48	50	52	54	56	58	60	62	64	66	68	70	72	74	76	78	80	82	84	86	88	90	92	94	96	98	100
GLDS-375_rna-seq_FL10-1S_R1_raw	0.00027437483142512295	0.12002497269673117	1.6989153648614424e-06	0.0	0.0015281743706928674	8.494576824307212e-07	5.691366472285831e-05	0.0	1.698915364861442e-05	8.452103940185675e-05	7.22039030066113e-06	1.61396959661837e-05	3.397830729722885e-06	0.0	5.946203777015048e-06	6.370932618230408e-06	0.0	4.672017253368967e-06	1.8688069013475867e-05	6.073622429379656e-05	2.7607374678998438e-05	3.567722266209029e-05	7.560173373633418e-05	0.000656206059677732	2.1236442060768028e-05	0.00010788112566870158	0.0	2.973101888507524e-06	4.5870714851258936e-05	2.6757916996567714e-05	2.1236442060768028e-05	3.9075053391813175e-05	8.112320867213387e-05	0.00010915531219234765	0.00011382732944571662	0.0006931574688634685	0.0003695140918573637	0.00015672494240846806	0.00020259565725972697	0.00017796138446923607	0.00276838258704172	7.899956446605706e-05	0.0003576216843033336	0.0017299205702701636	0.006615576430770456	0.002907268918119143	0.0023984437663431414	0.0006099106159852578	0.0002994338330568292	0.0002561114912528624	0.00022255791279684895	0.00027437483142512295	0.00013336485614162322	5.946203777015048e-06	1.9962255537121946e-05
	1	2	3	4	5	6	7	8	9	10	12	14	16	18	20	22	24	26	28	30	32	34	36	38	40	42	44	46	48	50	52	54	56	58	60	62	64	66	68	70	72	74	76	78	80	82	84	86	88	90	92	94	96	98	100
GLDS-375_rna-seq_FL10-1S_R2_raw	0.030167640133844632	0.007534689643160497	0.00028032103520213796	0.0007194906570188208	3.822559570938245e-05	0.0004289761296275142	0.0005946203777015048	0.0017040121109560267	0.00023445032035087902	0.00010490802378019406	9.131670086130252e-05	0.0006099106159852578	0.0013149604924027562	0.00011764988901665487	0.0005958945642251509	0.002774328790818735	0.0014512984504328871	0.0013748472590141222	0.0039402094599549	0.0037040602242391593	0.005910951283194172	0.003549034197195553	0.0021588966998976776	0.0024791422461740596	0.00061245898903255	0.0017689956236619766	0.0027806997234369655	0.001671732719023659	0.00250292706128212	0.0043721586914709214	0.002330062422907468	0.0029115162065312967	0.005061493600763452	0.00417083722073484	0.004027703601245264	0.005922843690748203	0.006558238037206383	0.008003165555021039	0.005129874944199125	0.003484050684489603	0.003789855450164662	0.0035320450435469388	0.0034470992753038664	0.0037422858199485415	0.003955074969397438	0.003883295795232042	0.004284239821339342	0.004769704886848499	0.004595990790791416	0.005163853251496354	0.007319352120664309	0.006929451044428607	0.007543608948826019	0.007333368172424415	0.011956966337894831
	1	2	3	4	5	6	7	8	9	12	17	22	27	32	37	42	47	52	57	62	67	72	77	82	87	92	97	102	107	112	117	122	127	132	137	142	147	150
GLDS-375_rna-seq_FL11-1R_S14_L002_R1_raw	0.0021941606044637153	0.0018145624770755059	4.171407993277026e-06	5.4228303912601326e-05	0.0	0.0	0.0	0.0	0.0	0.0	8.34281598655405e-07	0.00024194166361006744	0.0	0.0	8.34281598655405e-07	6.67425278924324e-06	0.0003495639898366147	0.0	0.0	0.0	2.7531292755628368e-05	4.505120632739187e-05	5.00568959193243e-06	0.022071753974027396	1.001137918386486e-05	8.34281598655405e-07	2.002275836772972e-05	3.33712639462162e-06	8.342815986554051e-06	3.33712639462162e-06	3.33712639462162e-06	0.00035456967942854717	1.66856319731081e-06	1.66856319731081e-06	0.0	0.0	0.00035540396102720255	2.085703996638513e-06
	1	2	3	4	5	6	7	8	9	12	17	22	27	32	37	42	47	52	57	62	67	72	77	82	87	92	97	102	107	112	117	122	127	132	137	142	147	150
GLDS-375_rna-seq_FL11-1R_S14_L002_R2_raw	0.49006535386617145	0.005080774935811417	0.0	0.00024194166361006744	0.0	1.2514223979831075e-05	0.0	0.0	6.257111989915538e-05	0.00019522189408536475	1.5017068775797291e-05	1.0845660782520266e-05	2.502844795966215e-06	0.000935229672092709	0.00017519913571763506	0.0006048541590251686	0.0014224501257074655	0.0027856662579103975	0.0021015553470129654	0.0013857417353666278	0.009972167948728055	0.00044634065528064175	9.343953904940537e-05	3.33712639462162e-06	0.0	0.0	6.67425278924324e-06	0.004504286351140532	9.177097585209455e-06	1.0845660782520266e-05	5.00568959193243e-06	3.670839034083782e-05	0.0024377708312710933	1.6685631973108102e-05	0.00013348505578486482	0.0003670839034083782	1.001137918386486e-05	0.004363292760967768
	1	2	3	4	5	6	7	8	9	12	17	22	27	32	37	42	47	52	57	62	67	72	77	82	87	92	97	102	107	112	117	122	127	132	137	142	147	150
GLDS-375_rna-seq_FL11-1S_S13_L002_R1_raw	0.002269520447975766	0.0019837289841565953	0.0	5.04337877327948e-05	0.0	0.0	0.0	0.0	0.0	0.0	1.3449010062078613e-06	0.00025620364168259756	0.0	0.0	6.724505031039307e-07	7.396955534143237e-06	0.0003947284453220073	1.3449010062078613e-06	0.0	0.0	2.151841609932578e-05	4.16919311924437e-05	2.6898020124157227e-06	0.022469933561217844	6.7245050310393064e-06	6.724505031039307e-07	1.6138812074494333e-05	4.034703018623583e-06	4.034703018623583e-06	6.724505031039307e-07	2.6898020124157227e-06	0.0003933835443157994	6.724505031039307e-07	6.724505031039307e-07	0.0	0.0	0.00040683255437787806	3.3622525155196532e-06
	1	2	3	4	5	6	7	8	9	12	17	22	27	32	37	42	47	52	57	62	67	72	77	82	87	92	97	102	107	112	117	122	127	132	137	142	147	150
GLDS-375_rna-seq_FL11-1S_S13_L002_R2_raw	0.4977108776198587	0.004996307238062205	0.0	0.00029251596885020983	0.0	2.017351509311792e-05	0.0	6.7245050310393064e-06	5.71582927638341e-05	0.00019770044791255563	1.2104109055870752e-05	5.379604024831445e-06	3.3622525155196532e-06	0.0010012787991217527	0.00015869831873252765	0.0005776349821662764	0.0014578726907293216	0.002910365777433812	0.002133685446348772	0.001405421551487215	0.01020981598862698	0.0004976133722969086	9.616042194386208e-05	2.0173515093117917e-06	0.0	0.0	8.069406037247167e-06	0.004835591567820366	5.379604024831445e-06	6.052054527935376e-06	2.6898020124157227e-06	3.3622525155196535e-05	0.002590279337956341	1.2776559558974682e-05	0.00015399116521080012	0.00042835097047720384	6.7245050310393064e-06	0.004737413794367192
	1	2	3	4	5	6	7	8	9	10	12	14	16	18	20	22	24	26	28	30	32	34	36	38	40	42	44	46	48	50	52	54	56	58	60	62	64	66	68	70	72	74	76	78	80	82	84	86	88	90	92	94	96	98	100
GLDS-375_rna-seq_FL12-1R_R1_raw	0.00024008544485531392	0.12086229468365588	8.6361670811264e-07	0.0	0.001196972757444119	4.3180835405632e-06	5.008976907053312e-05	0.0	6.045316956788481e-06	9.456602953833409e-05	7.77255037301376e-06	1.5113292391971203e-05	4.3180835405632e-07	1.29542506216896e-06	3.0226584783942403e-06	7.340742018957441e-06	4.3180835405632e-07	5.61350860273216e-06	1.5113292391971203e-05	6.088497792194112e-05	3.152200984611136e-05	4.10217936353504e-05	7.945273714636288e-05	0.0005496920347136954	2.4181267827153922e-05	9.197517941399616e-05	0.0	2.1590417702816e-06	3.065839313799872e-05	1.4681484037914882e-05	1.94313759325344e-05	3.324924326233664e-05	6.347582804627904e-05	9.024794599777089e-05	8.808890422748929e-05	0.000551851076483977	0.0003018340394853677	0.00016235994112517632	0.0002029499264064704	0.00018481397553610497	0.0023594008465637325	7.470284525174337e-05	0.00032256084048007107	0.0014556259615238548	0.005825958312927869	0.0024880797360725157	0.0021042021093164473	0.0004926933319782612	0.00024915342029049664	0.00021935864386061056	0.00018049589199554177	0.0002331765111904128	0.00010881570522219265	4.74989189461952e-06	2.7203926305548162e-05
	1	2	3	4	5	6	7	8	9	10	12	14	16	18	20	22	24	26	28	30	32	34	36	38	40	42	44	46	48	50	52	54	56	58	60	62	64	66	68	70	72	74	76	78	80	82	84	86	88	90	92	94	96	98	100
GLDS-375_rna-seq_FL12-1R_R2_raw	0.028620257706852892	0.007478920692255463	0.00021244971019570945	0.0007055748505280269	2.072680099470336e-05	0.00038085496827767426	0.0004931251403323175	0.0014724664873320512	0.0001917229092010061	9.024794599777089e-05	7.858912043825024e-05	0.00048578439831336	0.0011572463888709376	0.00011097474699247424	0.0005203290666378656	0.0024483533674993347	0.0012971522955851854	0.001222449450333442	0.0036043043313081034	0.003338742193563466	0.005385513791790424	0.003226040213154767	0.0019383877013588208	0.0021905637801277115	0.0005665325605218918	0.0015588281581433152	0.0024738300603886574	0.0015346468903161615	0.002270880133982187	0.003988613766418229	0.0020929750921109833	0.0026897342374168176	0.004684257024802959	0.0038500032847661493	0.0038055270242983484	0.005577236700991429	0.0062072450895596	0.007494033984647434	0.004831935481890221	0.003263607539957667	0.0035166472354346704	0.003232517338465612	0.003201858945327613	0.003457489490928955	0.003675984518081452	0.003580986680189062	0.0039981135502074674	0.004469216464482912	0.004289152380841427	0.0048699346170471775	0.006909797281609234	0.006613144942372542	0.007155928043421335	0.0069598870506797665	0.011211040296364235
	1	2	3	4	5	6	7	8	9	10	12	14	16	18	20	22	24	26	28	30	32	34	36	38	40	42	44	46	48	50	52	54	56	58	60	62	64	66	68	70	72	74	76	78	80	82	84	86	88	90	92	94	96	98	100
GLDS-375_rna-seq_FL12-1S_R1_raw	0.000265815524065104	0.12004772339384026	9.701296498726423e-07	0.0	0.0013882555289677512	9.701296498726423e-07	4.171557494452362e-05	0.0	7.761037198981138e-06	8.052076093942931e-05	7.275972374044817e-06	1.9402592997452847e-05	9.701296498726423e-07	0.0	6.790907549108496e-06	8.24610202391746e-06	4.850648249363211e-07	2.425324124681606e-06	1.649220404783492e-05	5.287206591805901e-05	2.3283111596943414e-05	3.152921362086088e-05	7.712530716487507e-05	0.000623793364868109	1.4066879923153313e-05	9.022205743815574e-05	0.0	3.395453774554248e-06	3.0074019146051915e-05	2.2798046772007096e-05	1.988765782238917e-05	4.12305101195873e-05	7.227465891551185e-05	0.00010477400218624538	0.00010137854841169113	0.000641740763390753	0.00034488109052972435	0.0001445493178310237	0.00018917528172516525	0.00017995905005137514	0.0025378591640668326	8.197595541423827e-05	0.0003468213498294696	0.001620601580112249	0.006283529742225105	0.0027221837975426348	0.002270588445526919	0.0005510336411276609	0.0002866733115373658	0.0002565992923913139	0.00020712268024780913	0.0002692109778396583	0.0001285421786081251	7.761037198981138e-06	2.7648695021370307e-05
	1	2	3	4	5	6	7	8	9	10	12	14	16	18	20	22	24	26	28	30	32	34	36	38	40	42	44	46	48	50	52	54	56	58	60	62	64	66	68	70	72	74	76	78	80	82	84	86	88	90	92	94	96	98	100
GLDS-375_rna-seq_FL12-1S_R2_raw	0.029301795944753288	0.0074622372668203645	0.0002221596898208351	0.0006625985508630147	2.7163630196433985e-05	0.00037058952625134935	0.000542302474278807	0.0015395957543478836	0.00021924930087121716	8.48863443638562e-05	9.022205743815574e-05	0.0005369667612045075	0.0012587432207097535	0.00010622919666105433	0.0005476381873531066	0.002511665663520271	0.0013431445002486733	0.0012344899794629373	0.003678246567492123	0.003375566116731859	0.005581155875717312	0.003263516142171569	0.0019746989023157638	0.002258461824903511	0.0005675258451754958	0.001599743792639987	0.002528157867568106	0.001540565883997756	0.0023030877887976527	0.00405708219576739	0.002098875497499462	0.002701811074895309	0.004698822959158144	0.0038713023678167793	0.003783020569678369	0.005605894181789064	0.006271403121601697	0.007594659964027981	0.004841917082514358	0.0032717622441954864	0.003526421277287055	0.0032567252346224606	0.0032096739466036367	0.0034667583038198876	0.0036729108544178235	0.0035802634728549863	0.004006635453974013	0.004478118463812117	0.004331143821856412	0.0048909086298329265	0.0069684412750351905	0.00659930694325865	0.007169743177383763	0.006973291923284554	0.011452865581571478
	1	2	3	4	5	6	7	8	9	10	12	14	16	18	20	22	24	26	28	30	32	34	36	38	40	42	44	46	48	50	52	54	56	58	60	62	64	66	68	70	72	74	76	78	80	82	84	86	88	90	92	94	96	98	100
GLDS-375_rna-seq_FL2-1R_R1_raw	0.00030865987805789633	0.12028089623068647	1.5432993902894814e-06	0.0	0.0014638194716895731	4.6298981708684445e-06	5.47871283552766e-05	0.0	1.003144603688163e-05	9.722786158823733e-05	8.102321799019779e-06	1.3503869665032965e-05	3.858248475723704e-06	0.0	3.0865987805789627e-06	7.330672103875037e-06	0.0	6.559022408730297e-06	1.813376783590141e-05	5.2472179269842374e-05	3.009433811064489e-05	3.742501021451993e-05	7.060594710574377e-05	0.0006574455402633191	1.890541753104615e-05	9.684203674066497e-05	0.0	2.3149490854342223e-06	3.588171082423044e-05	1.967706722619089e-05	2.700773933006593e-05	4.051160899509889e-05	7.099177195331614e-05	0.00011227503064355977	0.00011999152759500719	0.0006551305911778848	0.0003630611815656005	0.000145841792382356	0.00019329824863375755	0.00017670778018814563	0.002738584768068685	8.642476585621097e-05	0.0003565021591568702	0.0017227079444106339	0.006590660046231231	0.0028091907151744284	0.0023211222829953803	0.0005606035035226541	0.00027702224055696197	0.00025618769878805396	0.00020911706738422476	0.00026737661936765265	0.0001265505500037375	6.559022408730297e-06	2.0834541768908e-05
	1	2	3	4	5	6	7	8	9	10	12	14	16	18	20	22	24	26	28	30	32	34	36	38	40	42	44	46	48	50	52	54	56	58	60	62	64	66	68	70	72	74	76	78	80	82	84	86	88	90	92	94	96	98	100
GLDS-375_rna-seq_FL2-1R_R2_raw	0.030717059414626696	0.007454136055098196	0.0002747072914715277	0.0006582171899584638	3.1637637500934375e-05	0.0004506434219645286	0.0006265795524575295	0.0017639912031008774	0.00023149490854342222	9.452708765523074e-05	9.954281067367155e-05	0.0006107607337070624	0.0013723789828149213	0.00012037735244257956	0.0006161622815730755	0.0028234662345346063	0.0015085751540079683	0.0014148197160478821	0.004031869657131271	0.003720123180292795	0.006010379475482386	0.0036390999623025972	0.0022107763765896824	0.0025456723442824998	0.000663618737824477	0.0018079752357241276	0.0028265528333151855	0.001747014909807693	0.0025530030163863748	0.004471709983363773	0.0023716653380273607	0.0029619773548130875	0.005160793161128026	0.004246388272381509	0.004139514789603962	0.006034686440879445	0.006684801309038889	0.008161738825545922	0.005263808395429849	0.0035711947891298606	0.0038922010623100725	0.00360861979934438	0.00357775381153859	0.0038277683127654867	0.004066979718260356	0.003953161388226507	0.004387600166592996	0.004895731490845808	0.004702047417364478	0.005316666399547264	0.00743368733817686	0.007066767908135536	0.007652064201902823	0.007451049456317617	0.012140750478559779
	1	2	3	4	5	6	7	8	9	10	12	14	16	18	20	22	24	26	28	30	32	34	36	38	40	42	44	46	48	50	52	54	56	58	60	62	64	66	68	70	72	74	76	78	80	82	84	86	88	90	92	94	96	98	100
GLDS-375_rna-seq_FL2-1S_R1_raw	0.00026269834709288434	0.11943161856365742	1.6574028207752957e-06	0.0	0.0013913896680408607	2.4861042311629437e-06	5.137948744403417e-05	0.0	9.115715514264127e-06	8.867105091147833e-05	5.8009098727135355e-06	1.9474483144109725e-05	1.6574028207752957e-06	8.287014103876478e-07	3.7291563467444154e-06	1.0358767629845598e-05	1.6574028207752957e-06	3.3148056415505914e-06	1.7402729618140604e-05	5.386559167519712e-05	2.8175847953180027e-05	3.231935500511827e-05	7.62405297556636e-05	0.000637685735293295	1.6574028207752958e-05	0.00010607378052961892	0.0	8.287014103876478e-07	2.9833250773955323e-05	1.90601324389159e-05	1.90601324389159e-05	3.480545923628121e-05	6.215260577907359e-05	0.00010193027347768068	0.00010690248194000657	0.0006302274225998062	0.000338938876848548	0.00015662456656326544	0.00021173321035404403	0.00017899950464373194	0.0025474281355316298	8.328449174395862e-05	0.0003575846585822701	0.0016089237882676184	0.006353239362736902	0.002753774786718154	0.0023050329729932427	0.0005705609210518956	0.00027968672600583116	0.0002440525653591623	0.00019888833849303548	0.0002523395794630388	0.0001292774200204731	6.215260577907359e-06	2.5689743722017085e-05
	1	2	3	4	5	6	7	8	9	10	12	14	16	18	20	22	24	26	28	30	32	34	36	38	40	42	44	46	48	50	52	54	56	58	60	62	64	66	68	70	72	74	76	78	80	82	84	86	88	90	92	94	96	98	100
GLDS-375_rna-seq_FL2-1S_R2_raw	0.029050127941138995	0.007579303099405427	0.00022872158926699081	0.0007085397058814389	2.3203639490854142e-05	0.0004077210939107227	0.0005535725421389488	0.001565416964222267	0.00022209197798388964	9.198585655302891e-05	8.245579033357096e-05	0.0005320263054688699	0.0012389086085295336	0.00012347651014775953	0.0005266397463013502	0.002576847035600391	0.0013064477734761268	0.001238079907119146	0.003696422641034103	0.003440768255929514	0.005473572815610415	0.0033152199922557857	0.001984325527173223	0.002279757579976419	0.0005465285801506538	0.0015828196938404073	0.0025548864482251186	0.0014949773443393168	0.002279757579976419	0.0040991715264825	0.0021015867767430747	0.0027011522471585385	0.0047861649956938606	0.0039475191683815605	0.0038443458427882987	0.005646357059676239	0.006222304539895654	0.0075399397824120135	0.004883951762119603	0.0032779284287883415	0.003589105808388903	0.0032887015471233802	0.0032447803723728353	0.0034884185870268035	0.0037229410861665084	0.003664103286028985	0.004042405479870947	0.0045367258711671785	0.004345295845367632	0.004895139231159836	0.006925043335904379	0.0065716021843740475	0.007123931674397415	0.006900596644297944	0.011245063788255188
	1	2	3	4	5	6	7	8	9	10	12	14	16	18	20	22	24	26	28	30	32	34	36	38	40	42	44	46	48	50	52	54	56	58	60	62	64	66	68	70	72	74	76	78	80	82	84	86	88	90	92	94	96	98	100
GLDS-375_rna-seq_FL3-1R_R1_raw	0.0002706137159926473	0.1204909355508159	1.4280407176392997e-06	0.0	0.0015015848145977235	5.712162870557199e-06	4.426926224681829e-05	0.0	1.2138346099934048e-05	9.103759574950535e-05	6.426183229376848e-06	1.677947843226177e-05	2.8560814352785995e-06	3.5701017940982493e-07	2.1420610764589496e-06	8.925254485245622e-06	7.140203588196499e-07	4.641132332327723e-06	1.6422468252851945e-05	5.533657780852286e-05	3.320194668511371e-05	3.7129058658621786e-05	7.747120893193201e-05	0.0006636819235228645	2.1420610764589493e-05	8.88955346730464e-05	0.0	4.641132332327723e-06	3.962812991449056e-05	2.106360058517967e-05	2.713277363514669e-05	4.855338439973619e-05	7.925625982898113e-05	0.00011567129812878327	0.0001131722268729145	0.000654399658858209	0.0003673634746127098	0.00014851623463448715	0.00018957240526661703	0.00017707704898727315	0.0026333070833268685	8.425440234071868e-05	0.00034629987402753015	0.001709007728834832	0.006632178102896317	0.0028332327837963705	0.002375545733792975	0.0005954929792555878	0.0002970324692689743	0.00024133888128104162	0.00020777992441651808	0.000281324021374942	0.00012066944064052081	5.712162870557199e-06	2.249164130281897e-05
	1	2	3	4	5	6	7	8	9	10	12	14	16	18	20	22	24	26	28	30	32	34	36	38	40	42	44	46	48	50	52	54	56	58	60	62	64	66	68	70	72	74	76	78	80	82	84	86	88	90	92	94	96	98	100
GLDS-375_rna-seq_FL3-1R_R2_raw	0.030391562552799574	0.007367262062301146	0.0002763258788632045	0.0006440463636553242	3.070287542924494e-05	0.00042198603206241306	0.0005705022666969002	0.0016586692935380465	0.0002306285758987469	9.425068736419378e-05	9.674975862006254e-05	0.0005683602056204413	0.0013034441650252707	0.00011638531848760293	0.0005519377373675894	0.002679361396470736	0.0013873415571865797	0.0013038011752046807	0.0038564239579849287	0.003551537264768938	0.005843542616580014	0.0034629987402753017	0.0021052890279797372	0.0023741176930753356	0.0005962069996144076	0.0016540281612057188	0.002667937070729622	0.0016144000312912283	0.002429811281063268	0.004233783717621114	0.002269156700328847	0.0028232364987728956	0.004917101201011518	0.004069559035092594	0.0039749513375489905	0.005904591357259094	0.006519362886202812	0.007931338145768671	0.005072400629054792	0.0034312248343078273	0.003718975038912146	0.0034430061702283516	0.003378030317575763	0.0036422178503390337	0.0038635641615731254	0.003770027494567751	0.004204865893088917	0.004697896950853885	0.004521176912046022	0.005113813809866332	0.007313353525210263	0.006930995623062341	0.007492929645453405	0.00729871610785446	0.01190521845277943
	1	2	3	4	5	6	7	8	9	10	12	14	16	18	20	22	24	26	28	30	32	34	36	38	40	42	44	46	48	50	52	54	56	58	60	62	64	66	68	70	72	74	76	78	80	82	84	86	88	90	92	94	96	98	100
GLDS-375_rna-seq_FL3-1S_R1_raw	0.0002783293849074362	0.12050803325180544	0.0	0.0	0.001522221203876472	2.5771239343281127e-06	4.638823081790603e-05	0.0	8.590413114427043e-06	9.363550294725477e-05	7.73137180298434e-06	1.3744660983083269e-05	2.5771239343281127e-06	4.2952065572135215e-07	3.006644590049465e-06	1.202657836019786e-05	8.590413114427043e-07	2.5771239343281127e-06	1.1597057704476508e-05	5.4978643932333075e-05	3.350261114626547e-05	3.2643569834822766e-05	7.774323868556474e-05	0.0007168699743989367	2.1905553441788957e-05	9.921927147163235e-05	0.0	3.006644590049465e-06	4.4240627539299276e-05	2.0187470818903553e-05	2.4912198031838427e-05	3.607973508059358e-05	7.731371802984338e-05	0.00010437351934028856	0.00011253441179899425	0.0006704817435810306	0.0003620859127730999	0.00015505695671540814	0.00020187470818903552	0.00016923113835421276	0.002868768459562911	8.89107757343199e-05	0.0003728239291661337	0.0017412767382943616	0.0068220765748222365	0.002916445252347981	0.0024108994405639497	0.000570832951453677	0.0002925035665462408	0.0002594304760556967	0.000212183203926348	0.00027360465769450134	0.0001301447586835697	7.73137180298434e-06	2.3623636064674368e-05
	1	2	3	4	5	6	7	8	9	10	12	14	16	18	20	22	24	26	28	30	32	34	36	38	40	42	44	46	48	50	52	54	56	58	60	62	64	66	68	70	72	74	76	78	80	82	84	86	88	90	92	94	96	98	100
GLDS-375_rna-seq_FL3-1S_R2_raw	0.030871367609316466	0.007436720633159492	0.0002852017153989778	0.0006434219422705855	2.9207404589051945e-05	0.0004733317626049301	0.0006545894793193406	0.001899340339599819	0.0002250688235979885	9.8789750815911e-05	9.492406491441883e-05	0.0006412743389919787	0.001422142891093397	0.00012413146950347078	0.0006601732478437182	0.0029185928556265876	0.0015621666248585575	0.0014414713206008579	0.00413929055918667	0.003870410628705104	0.006177795591240208	0.0037278097710056156	0.0022837613264704293	0.0026132036694087066	0.0006812197599740645	0.0018559587533719627	0.002909143401200718	0.0017717727048505777	0.0026286664130146754	0.0045859920411368766	0.002406604234006736	0.0030830992667678653	0.00525389666078358	0.004380681167702071	0.004244952640494124	0.006197983062059112	0.006909269267933671	0.008299627630503688	0.005389625187991527	0.0036556503008444282	0.00402460854410907	0.003705045176252384	0.00363718091264841	0.003922812148703109	0.004148310492956819	0.004048661700829465	0.004498369827369721	0.005021096465382607	0.004816215112603522	0.005438590542743761	0.007632582052168427	0.007238711610871948	0.007827584429865921	0.007627427804299772	0.012335833232317232
	1	2	3	4	5	6	7	8	9	10	12	14	16	18	20	22	24	26	28	30	32	34	36	38	40	42	44	46	48	50	52	54	56	58	60	62	64	66	68	70	72	74	76	78	80	82	84	86	88	90	92	94	96	98	100
GLDS-375_rna-seq_FL4-1R_R1_raw	0.00028884149324361416	0.12079459659804657	0.0	0.0	0.0015410042132836253	7.743739765244347e-07	5.110868245061269e-05	0.0	8.518113741768783e-06	8.672988537073669e-05	6.969365788719913e-06	1.5100292542226477e-05	2.7103089178355215e-06	0.0	2.323121929573304e-06	9.679674706555434e-06	7.743739765244347e-07	5.807804823933261e-06	1.587466651875091e-05	6.078835715716812e-05	2.90390241196663e-05	3.910588581448396e-05	8.05348935585412e-05	0.0006764156684940937	1.8584975436586433e-05	9.834549501860322e-05	3.8718698826221736e-07	1.5487479530488694e-06	3.949307280274617e-05	1.8584975436586433e-05	2.6715902190093e-05	3.8718698826221734e-05	7.821177162896792e-05	0.00011112266563125638	9.718393405381655e-05	0.0006473766443744275	0.0003674404518608443	0.00015255167337531364	0.00019978848594330416	0.00019088318521327314	0.0026866905115515262	8.05348935585412e-05	0.0003728610696965153	0.001699363691482872	0.006550429467420194	0.0027885206894644895	0.0023130550678784867	0.0005544517671914953	0.00027064370479528994	0.00023540968886342817	0.00018856006328369987	0.0002609640300887345	0.0001091867306899453	5.807804823933261e-06	2.1295284354421955e-05
	1	2	3	4	5	6	7	8	9	10	12	14	16	18	20	22	24	26	28	30	32	34	36	38	40	42	44	46	48	50	52	54	56	58	60	62	64	66	68	70	72	74	76	78	80	82	84	86	88	90	92	94	96	98	100
GLDS-375_rna-seq_FL4-1R_R2_raw	0.03072561064053652	0.007231878566761696	0.00027335401371312543	0.0006915159610363202	2.4005593272257474e-05	0.0004700450037503319	0.0005869754742055215	0.0017206589758372941	0.00022301970523903723	0.00011034829165473194	9.950705598338987e-05	0.0005827164173346372	0.0013156613861150146	0.00012080234033781182	0.0006028501407242724	0.0027316042021899435	0.0014612436937016084	0.0013702547514599873	0.0039361429226737014	0.0036631760959488385	0.005906150318951864	0.0035671537228598085	0.0021612777684796975	0.0024400524000284937	0.0006253069860434811	0.0017365336423560448	0.0027455429337673834	0.0016683887324218947	0.0025031638791152356	0.00437056672350391	0.002313442254866749	0.002906999907872728	0.005034592408373613	0.004223048480976005	0.004112313002333011	0.005997526448181747	0.006666198376910596	0.00810033898143385	0.005189080016690237	0.0035466328124819113	0.0038141790213711037	0.003522627219209654	0.0034641619839820585	0.003775073135556619	0.004004287832607852	0.0039144604513310175	0.0043372686425133585	0.004847193906054699	0.004641984802275724	0.005232444959375605	0.007442895475364604	0.007073519088562449	0.007626422107800896	0.007465739507672075	0.012087203399569901
	1	2	3	4	5	6	7	8	9	10	12	14	16	18	20	22	24	26	28	30	32	34	36	38	40	42	44	46	48	50	52	54	56	58	60	62	64	66	68	70	72	74	76	78	80	82	84	86	88	90	92	94	96	98	100
GLDS-375_rna-seq_FL4-1S_R1_raw	0.00023881736199129078	0.11889496595078643	1.718110517922955e-06	0.0	0.0014105687352147461	2.577165776884433e-06	4.381181820703536e-05	0.0	7.7314973306533e-06	8.461694300770555e-05	1.0308663107537731e-05	1.2885828884422163e-05	2.577165776884433e-06	0.0	3.86574866532665e-06	9.879135478056992e-06	8.590552589614775e-07	4.295276294807388e-06	1.804016043819103e-05	5.7556702350419e-05	3.09259893226132e-05	3.908701428274723e-05	7.516733515912928e-05	0.0006438619165916275	2.0617326215075463e-05	9.234844033835884e-05	0.0	2.147638147403694e-06	3.693937613534354e-05	1.804016043819103e-05	2.2335436732998418e-05	3.822795902378576e-05	6.915394834639895e-05	0.00011038860077654987	0.00010007993766901214	0.0006606134941413763	0.00036166226402278205	0.0001460393940234512	0.000192428378007371	0.0001692338860154111	0.0025797429426613174	8.075119434237889e-05	0.0003449106864730333	0.0016884731114887841	0.006422726643625487	0.0027631512404495927	0.002285946044096492	0.0005893119076475737	0.0002985217024891135	0.00027489768286767286	0.00021519334236985013	0.0002847768183457298	0.00013916695195175937	8.161024960134037e-06	2.5342130139363592e-05
	1	2	3	4	5	6	7	8	9	10	12	14	16	18	20	22	24	26	28	30	32	34	36	38	40	42	44	46	48	50	52	54	56	58	60	62	64	66	68	70	72	74	76	78	80	82	84	86	88	90	92	94	96	98	100
GLDS-375_rna-seq_FL4-1S_R2_raw	0.029179529981144512	0.007194587793802376	0.00025513941191155883	0.0006520229415517615	2.0617326215075463e-05	0.0004235142426680084	0.0005755670235041899	0.001682030197046573	0.0002044551516328317	9.19189127088781e-05	8.719410878458997e-05	0.0005772851340221129	0.001277844697705198	0.00011253623892395357	0.0005579563906954796	0.0026158232635376992	0.0013981124339598047	0.001270972255633506	0.0036857765885742197	0.0034293485937742186	0.005596315484504546	0.0033125170785554573	0.0020020282810097236	0.0023061338426820866	0.0005910300181654967	0.0016201782184013468	0.0025548303401514345	0.0015398565516884484	0.0023155834505306627	0.004109720358871709	0.0021390475948140793	0.0027060240657286543	0.004760454717535029	0.003930607337378241	0.0038099100734941527	0.005607053675241564	0.006202378969701869	0.007552813836789311	0.0048420649671363685	0.0032906111694519405	0.003537589556403365	0.0032966245562646703	0.0032304773013246365	0.003483469075088792	0.0037240045475980055	0.0036423942979966653	0.0040332644408241376	0.004503597195105546	0.00433135661568377	0.004892319699785615	0.006941166492408739	0.006560605012688804	0.007147339754559494	0.006949757044998355	0.011363582965542426
	1	2	3	4	5	6	7	8	9	12	17	22	27	32	37	42	47	52	57	62	67	72	77	82	87	92	97	102	107	112	117	122	127	132	137	142	147	150
GLDS-375_rna-seq_FL5-1R_S6_L002_R1_raw	0.0021014036949834865	0.0017336580483613764	0.0	4.5968205827763766e-05	0.0	0.0	0.0	0.0	0.0	0.0	6.566886546823395e-07	0.0002633321505276181	0.0	0.0	0.0	7.880263856188074e-06	0.0003854762402985333	1.9700659640470186e-06	0.0	0.0	1.9043970985787848e-05	4.137138524498739e-05	4.596820582776376e-06	0.022293266449156062	9.850329820235094e-06	6.566886546823395e-07	1.7730593676423165e-05	5.910197892141056e-06	9.850329820235094e-06	3.940131928094037e-06	3.2834432734116978e-06	0.00038284948567980393	6.566886546823395e-07	1.313377309364679e-06	0.0	0.0	0.0003940131928094037	6.5668865468233955e-06
	1	2	3	4	5	6	7	8	9	12	17	22	27	32	37	42	47	52	57	62	67	72	77	82	87	92	97	102	107	112	117	122	127	132	137	142	147	150
GLDS-375_rna-seq_FL5-1R_S6_L002_R2_raw	0.4948050509733226	0.004862779487922724	0.0	0.0002429748022324656	0.0	1.641721636705849e-05	0.0	1.3133773093646791e-05	4.268476255435207e-05	0.0002075136148796193	1.9700659640470187e-05	1.9043970985787848e-05	5.253509237458716e-06	0.0009561386812174863	0.00020160341698747823	0.0006593154093010689	0.001465729077250982	0.002849372072666671	0.002136864882336333	0.0014801762276539932	0.010079514160719229	0.00045836868096827294	7.683257259783372e-05	1.9700659640470186e-06	0.0	0.0	5.910197892141056e-06	0.004482556756861649	9.850329820235094e-06	7.2235752015057345e-06	4.596820582776376e-06	2.4954168877928902e-05	0.0023798396845687983	9.193641165552752e-06	0.00012280077842559748	0.000353955184873781	9.850329820235094e-06	0.004355487502180617
	1	2	3	4	5	6	7	8	9	12	17	22	27	32	37	42	47	52	57	62	67	72	77	82	87	92	97	102	107	112	117	122	127	132	137	142	147	150
GLDS-375_rna-seq_FL5-1S_S5_L002_R1_raw	0.002006484771123422	0.0018152191364659734	3.6087855595744996e-06	7.57844967510645e-05	0.0	0.0	0.0	0.0	0.0	0.0	2.1652713357446997e-06	0.00026849364563234275	0.0	0.0	7.217571119149e-07	1.0826356678723499e-05	0.00038036599797915225	7.217571119149e-07	0.0	0.0	2.2374470469361897e-05	3.89748840434046e-05	3.6087855595744996e-06	0.021965955944018064	1.0826356678723499e-05	7.217571119149e-07	1.66004135740427e-05	4.330542671489399e-06	1.0104599566808599e-05	3.6087855595744996e-06	1.4435142238298e-06	0.00041573209646298233	1.4435142238298e-06	7.217571119149e-07	0.0	0.0	0.0004280019673655356	0.0
	1	2	3	4	5	6	7	8	9	12	17	22	27	32	37	42	47	52	57	62	67	72	77	82	87	92	97	102	107	112	117	122	127	132	137	142	147	150
GLDS-375_rna-seq_FL5-1S_S5_L002_R2_raw	0.49280853844437456	0.004752770581959617	3.6087855595744996e-06	0.00023817984693191697	0.0	2.5261498917021494e-05	3.6087855595744996e-06	1.80439277978725e-05	7.9393282310639e-05	0.00019415266310510808	1.80439277978725e-05	1.7322170685957597e-05	6.495814007234099e-06	0.0009361189741536252	0.0001710564355238313	0.0006315374729255374	0.001507750606790226	0.0028805326336523657	0.0021024784670081033	0.0014947589787757576	0.010307413315256687	0.00046553333718511047	8.15585536463837e-05	7.217571119149e-07	0.0	0.0	5.0522997834042995e-06	0.004459737194522167	8.661085342978799e-06	8.661085342978799e-06	6.495814007234099e-06	2.8148527364681095e-05	0.0023976771257812977	1.22698709025533e-05	0.00013929912259957568	0.0003709831555242586	8.661085342978799e-06	0.004301672387012803
	1	2	3	4	5	6	7	8	9	10	12	14	16	18	20	22	24	26	28	30	32	34	36	38	40	42	44	46	48	50	52	54	56	58	60	62	64	66	68	70	72	74	76	78	80	82	84	86	88	90	92	94	96	98	100
GLDS-375_rna-seq_FL6-1R_R1_raw	0.00027428759713734886	0.12061797084114916	1.4746645007384347e-06	0.0	0.0014702405072362192	4.423993502215304e-06	4.4239935022153034e-05	0.0	9.585319254799825e-06	7.963188303987547e-05	7.373322503692173e-06	2.0645303010338083e-05	3.3179951266614774e-06	3.6866612518460866e-07	5.529991877769129e-06	1.0691317630353651e-05	3.6866612518460866e-07	5.161325752584521e-06	1.658997563330739e-05	5.382525427695286e-05	3.059928839032252e-05	3.686661251846087e-05	7.447055728729094e-05	0.0006709723478359877	1.953930463478426e-05	0.00010396384730205963	0.0	2.5806628762922604e-06	3.170528676587634e-05	1.917063850959965e-05	2.2488633636261128e-05	3.686661251846087e-05	6.783456703396799e-05	0.00010138318442576738	0.00011723582780870556	0.0006602810302056341	0.0003550254785527781	0.0001618444289560432	0.0002164070154833653	0.00018396439646711972	0.002623059480688491	7.336455891173712e-05	0.00034359682867205523	0.0016431449199478007	0.006308983400284208	0.0027332906521186882	0.0022978959582756657	0.0005928151292968507	0.00029677623077360997	0.0002617529488810721	0.00020755902847893466	0.00026986360363513354	0.0001235031519368439	5.529991877769129e-06	1.9907970759968868e-05
	1	2	3	4	5	6	7	8	9	10	12	14	16	18	20	22	24	26	28	30	32	34	36	38	40	42	44	46	48	50	52	54	56	58	60	62	64	66	68	70	72	74	76	78	80	82	84	86	88	90	92	94	96	98	100
GLDS-375_rna-seq_FL6-1R_R2_raw	0.028547292737544985	0.007368161177939589	0.00024995563287516466	0.0006554883705782342	2.0645303010338083e-05	0.00040700740220380794	0.0005419392040213747	0.0015970616542997247	0.00020866502685448846	9.179786517096756e-05	8.258121204135233e-05	0.0005419392040213747	0.0012615754803817307	0.00010912517305464415	0.0005412018717710055	0.0025655475651596917	0.0013607466680563905	0.0012464601692491618	0.0036479513087017026	0.0033850923614450767	0.005492756599125484	0.0032601145450074937	0.0019550364618539794	0.0022728266617631126	0.0005640591715324512	0.001598536318800463	0.002545270928274538	0.0015613010401568175	0.0023074812775304653	0.004053852712529956	0.0021187242214359457	0.002682783392968397	0.004655884494956422	0.003829703708417714	0.003732375851368978	0.0054857519427469765	0.0060767237414179045	0.007416456440338772	0.004726299724866683	0.0032265659276156946	0.003515231503635243	0.003233201917869018	0.00318859331672168	0.0034160603159605835	0.0036398406539476414	0.003547674122651489	0.003924450902590159	0.004383440228444997	0.004210535815733415	0.004782336975894743	0.00683875662217449	0.0064483391956039905	0.006997283056003872	0.006816267988538229	0.01114477696433072
	1	2	3	4	5	6	7	8	9	10	12	14	16	18	20	22	24	26	28	30	32	34	36	38	40	42	44	46	48	50	52	54	56	58	60	62	64	66	68	70	72	74	76	78	80	82	84	86	88	90	92	94	96	98	100
GLDS-375_rna-seq_FL6-1S_R1_raw	0.00025215961525650716	0.12062871006314968	8.240510302500233e-07	0.0	0.001552512140991044	8.240510302500233e-07	5.191521490575147e-05	0.0	1.3184816484000372e-05	0.00010177030223587788	1.0712663393250305e-05	1.3184816484000372e-05	1.2360765453750351e-06	4.1202551512501163e-07	3.708229636125105e-06	1.1948739938625338e-05	4.1202551512501163e-07	3.708229636125105e-06	2.018925024112557e-05	6.427598035950182e-05	3.131393914950089e-05	4.037850048225114e-05	7.086838860150201e-05	0.000704975656378895	2.1013301271375594e-05	0.0001021823277510029	0.0	2.8841786058750817e-06	3.749432187637606e-05	2.1837352301625618e-05	2.1837352301625618e-05	4.037850048225114e-05	6.922028654100196e-05	0.0001100108125383781	0.00010383042981150294	0.0006662452579571439	0.0003555780195528851	0.00015038931302062926	0.00020601275756250583	0.00017593489495838	0.002690114588251201	8.075700096450228e-05	0.0003605223257343852	0.0017366875462519241	0.006606005083999312	0.0028219627530912048	0.002340304925910066	0.0006007332010522671	0.0002855336819816331	0.0002513355642262571	0.0002043646555020058	0.0002698767124068827	0.0001269038586585036	6.592408242000186e-06	2.3897479877250677e-05
	1	2	3	4	5	6	7	8	9	10	12	14	16	18	20	22	24	26	28	30	32	34	36	38	40	42	44	46	48	50	52	54	56	58	60	62	64	66	68	70	72	74	76	78	80	82	84	86	88	90	92	94	96	98	100
GLDS-375_rna-seq_FL6-1S_R2_raw	0.0299798005315261	0.007489799813942463	0.0002686406358615076	0.0006748977937747692	3.9554449452001124e-05	0.00043921919912326245	0.000596612945901017	0.0017519324903115495	0.00022826213537925646	8.776143472162749e-05	9.311776641825263e-05	0.0005788958487506413	0.001310241138097537	0.00011701524629550332	0.0005747755935993912	0.0027070076343713267	0.001451565889785416	0.0013221898780361625	0.003909710113021236	0.0036291207372211027	0.005849526238229791	0.003524878281894475	0.002133056091802185	0.0024527878915391946	0.0005957888948707669	0.0017119660153444235	0.002690114588251201	0.001656754596317672	0.0024820417031130703	0.004345633108023498	0.0022817973027623147	0.002863577330118831	0.005015174570101642	0.004143328580097118	0.004017660797983989	0.005903089555196042	0.006531428465761685	0.007950032314337099	0.00511035246409552	0.0034931523172298485	0.003763441055151857	0.003491092189654224	0.003418163673477097	0.00371193786576123	0.003935667720474111	0.0038314252651474832	0.004257459647786745	0.00476342698036026	0.004592024366068256	0.0051865771843936466	0.007266481984744706	0.006906371684525446	0.007501748553881088	0.007305212383166457	0.011859742427358336
	1	2	3	4	5	6	7	8	9	10	12	14	16	18	20	22	24	26	28	30	32	34	36	38	40	42	44	46	48	50	52	54	56	58	60	62	64	66	68	70	72	74	76	78	80	82	84	86	88	90	92	94	96	98	100
GLDS-375_rna-seq_FL7-1R_R1_raw	0.00024968956997421885	0.11920682917619851	0.0	0.0	0.0014747290226602302	1.7339553470431866e-06	5.982145947298994e-05	0.0	9.536754408737527e-06	9.406707757709287e-05	6.935821388172746e-06	1.2571176266063103e-05	3.0344218573255767e-06	8.669776735215933e-07	5.20186604112956e-06	6.50233255141195e-06	8.669776735215933e-07	4.768377204368763e-06	1.5605598123388678e-05	5.722052645242516e-05	2.9477240899734167e-05	2.9043752062973373e-05	7.499356875961782e-05	0.0006550016323455637	1.7339553470431864e-05	9.623452176089686e-05	4.3348883676079664e-07	3.9013995308471696e-06	3.771352879818931e-05	2.167444183803983e-05	2.4275374858604614e-05	4.2915394839318865e-05	8.192939014779056e-05	0.00011444105290485033	0.000102303365475548	0.0006788435183674075	0.0003632636452055476	0.00014955364868247484	0.00020417324211433524	0.00018900113282770733	0.0026291097949542315	7.976194596398658e-05	0.0003446236252248333	0.001645523624343984	0.006376620788751318	0.002784732287351358	0.002338672274324498	0.0005761066640550987	0.00029217147597677696	0.000257925857872674	0.00019637044305264087	0.0002648616792608467	0.00013394805055908616	5.635354877890356e-06	2.7743285552690985e-05
	1	2	3	4	5	6	7	8	9	10	12	14	16	18	20	22	24	26	28	30	32	34	36	38	40	42	44	46	48	50	52	54	56	58	60	62	64	66	68	70	72	74	76	78	80	82	84	86	88	90	92	94	96	98	100
GLDS-375_rna-seq_FL7-1R_R2_raw	0.029609888483782976	0.007354571604483676	0.0002670291234446507	0.0006432974337530221	2.5142352532126206e-05	0.00043522279210783985	0.0005366591799098663	0.001667198066182024	0.0002063406862981392	9.536754408737525e-05	7.976194596398658e-05	0.0005600675770949492	0.0012627529814842006	0.00011964291894597988	0.0005739392198712948	0.002669424256772986	0.001413173607840197	0.0012926637112206955	0.003779589167717386	0.003491752580108217	0.0056730684066885455	0.003379912460223931	0.0020664412848387173	0.0023568788054684512	0.0005908452845049658	0.0016533264234056785	0.0026156716410146467	0.0016052091625252298	0.002404129088675378	0.004184034252415209	0.002206024690275694	0.0027868997315351617	0.004814327021065407	0.004023643382813714	0.0039057344192147776	0.005738091732202665	0.006342375170647215	0.007715667805505419	0.004953476937665623	0.0033682082616313894	0.003681187201772685	0.003369508728141672	0.003334396132364048	0.0035901545460529176	0.0038147017634950105	0.0037327723733472195	0.004136783969208283	0.004602350979889378	0.0044250540456542125	0.005009830486444527	0.007135226253082712	0.006736850012099541	0.007338966006360287	0.007133492297735669	0.011630072001455414
	1	2	3	4	5	6	7	8	9	10	12	14	16	18	20	22	24	26	28	30	32	34	36	38	40	42	44	46	48	50	52	54	56	58	60	62	64	66	68	70	72	74	76	78	80	82	84	86	88	90	92	94	96	98	100
GLDS-375_rna-seq_FL7-1S_R1_raw	0.00026403468656102663	0.12006861566675599	1.5440624945089277e-06	0.0	0.0014012367137668518	3.0881249890178555e-06	5.0182031071540145e-05	0.0	1.2352499956071422e-05	7.990523409083701e-05	8.492343719799103e-06	1.7370703063225437e-05	1.9300781181361597e-06	3.8601562362723194e-07	3.0881249890178555e-06	9.264374967053566e-06	3.8601562362723194e-07	3.860156236272319e-06	1.2738515579698654e-05	5.365617168418524e-05	2.6635078030279007e-05	2.972320301929686e-05	7.102687474741068e-05	0.0006334516383722877	1.5440624945089277e-05	9.418781216504459e-05	0.0	2.7021093653906236e-06	3.3197343631941947e-05	1.775671868685267e-05	2.1230859299497757e-05	3.898757798635043e-05	7.295695286554684e-05	0.00011310257772277897	0.00011464664021728789	0.0006431020289629684	0.00033120140507216504	0.00014436984323658474	0.00020265820240429676	0.0001825853899756807	0.0025623717096375656	7.951921846720979e-05	0.00035127421750078106	0.0016313020254486823	0.006362309508624036	0.0027553795214511814	0.002291774757474876	0.0005574065605177229	0.00027445710839896193	0.00023739960853074764	0.00021192257737135035	0.00024087374914339273	0.00011657671833542404	4.246171859899551e-06	1.6598671815970973e-05
	1	2	3	4	5	6	7	8	9	10	12	14	16	18	20	22	24	26	28	30	32	34	36	38	40	42	44	46	48	50	52	54	56	58	60	62	64	66	68	70	72	74	76	78	80	82	84	86	88	90	92	94	96	98	100
GLDS-375_rna-seq_FL7-1S_R2_raw	0.02957651708231851	0.0074253965360934334	0.0002586304678302454	0.0006716671851113835	2.161687492312499e-05	0.0003852435923799775	0.0005658989042375221	0.0016204935879871195	0.00023469749916535704	9.380179654141736e-05	8.608148406887272e-05	0.000555862498023214	0.0012738515579698653	0.00011001445273376109	0.00055084429491606	0.0026407328812338934	0.0013522127295661935	0.0012626571048846755	0.003794919595879317	0.0034934413938264492	0.005680605917298345	0.00338033881610367	0.002053603117696874	0.0023133916323980013	0.0005933060135150555	0.0016374782754267178	0.0026283803812778223	0.0015919284318387046	0.0023554673353733692	0.004206412250665946	0.0021613014766888716	0.0027607837401819628	0.00488927388886252	0.00402035272007762	0.003904548032989451	0.005810693182460722	0.006445688883327519	0.007779758878583232	0.005010096779057844	0.003384971003587197	0.003647847643277342	0.0033695303786421076	0.003314330144463413	0.0035872431903678664	0.003798393736491962	0.0037208045961428884	0.004128823110316873	0.004651874280331772	0.004494379905891861	0.005058734747634875	0.007220036224323746	0.006787698725861247	0.007389497083096101	0.007193401146293466	0.011635282927372025
	1	2	3	4	5	6	7	8	9	10	12	14	16	18	20	22	24	26	28	30	32	34	36	38	40	42	44	46	48	50	52	54	56	58	60	62	64	66	68	70	72	74	76	78	80	82	84	86	88	90	92	94	96	98	100
GLDS-375_rna-seq_FL8-1R_R1_raw	0.0003072188367824638	0.1203510875679244	7.566966423213395e-07	0.0	0.0014967459585116096	2.2700899269640185e-06	4.9185281750887064e-05	0.0	1.2107146277141432e-05	8.3614978976508e-05	9.080359707856074e-06	1.437723620410545e-05	7.566966423213395e-07	0.0	4.540179853928037e-06	1.2863842919462772e-05	3.7834832116066976e-07	3.4051348904460276e-06	1.7782371094551477e-05	5.75089448164218e-05	2.3457595911961526e-05	2.988951737169291e-05	7.491296758981261e-05	0.000656434337213762	1.551228116758746e-05	9.458708029016744e-05	0.0	3.026786569285358e-06	3.3673000583299604e-05	2.3457595911961526e-05	1.8917416058033487e-05	4.351005693347702e-05	7.680470919561595e-05	0.00011539623795400427	0.00010404578831918418	0.0006443271909366206	0.00036434943327772493	0.0001502042835007859	0.00018198554247828214	0.00017328353109158674	0.0026995152714813786	6.848104613008122e-05	0.0003575391634968329	0.0016821366358803374	0.006576072170093601	0.002777833373961637	0.0022806836799565172	0.0005777378864123427	0.0002833828925493416	0.00023684604904657927	0.0002114967115288144	0.0002591685999950588	0.00012788173255230638	5.296876496249376e-06	2.4214292554282864e-05
	1	2	3	4	5	6	7	8	9	10	12	14	16	18	20	22	24	26	28	30	32	34	36	38	40	42	44	46	48	50	52	54	56	58	60	62	64	66	68	70	72	74	76	78	80	82	84	86	88	90	92	94	96	98	100
GLDS-375_rna-seq_FL8-1R_R2_raw	0.03039877421197517	0.007379305655917702	0.0002761942744472889	0.0006840537646584908	2.2700899269640185e-05	0.0004290469961961995	0.0005970336507915368	0.0017426723672660448	0.00025046658860836335	9.572212525364946e-05	9.156029372088207e-05	0.0005879532910836808	0.0013408664501934136	0.00011955806948677164	0.0006098974937109996	0.002739241845203249	0.0014872872504825927	0.001347298371653145	0.0038958526629914165	0.0036412242428502852	0.005854183573319043	0.003509180678765212	0.002136532969594302	0.0024774248069600654	0.0006276798648055511	0.0017324569625947067	0.0027384851485609276	0.0016624625231799828	0.0024743980203907803	0.004333980018895471	0.002270468275285179	0.0028735554992152866	0.004971875288372361	0.0040672444524772	0.003983629473500692	0.005856453663246007	0.006534832203087088	0.007951746665833795	0.005098243627640025	0.003459995397014325	0.0037331628848923286	0.0034732375882549483	0.0034032431488402242	0.003675275591754746	0.003912878337443646	0.0038186696054746394	0.004211773511160575	0.0047338941943622995	0.004538666460643394	0.005119052785303862	0.007278665002488965	0.0069041001645399015	0.007462163938251889	0.007282070137379411	0.01188051563276619
	1	2	3	4	5	6	7	8	9	10	12	14	16	18	20	22	24	26	28	30	32	34	36	38	40	42	44	46	48	50	52	54	56	58	60	62	64	66	68	70	72	74	76	78	80	82	84	86	88	90	92	94	96	98	100
GLDS-375_rna-seq_FL8-1S_R1_raw	0.0002694294892740658	0.11957526367705454	3.838026912735979e-06	0.0	0.0014093234823566517	3.838026912735979e-06	4.528871757028456e-05	0.0	9.978869973113546e-06	8.904222437547472e-05	6.9084484429247634e-06	1.688731841603831e-05	3.0704215301887836e-06	3.8380269127359794e-07	3.4542242214623817e-06	9.21126459056635e-06	3.8380269127359794e-07	6.524645751651166e-06	1.8038726489859104e-05	5.60351929259453e-05	3.2623228758255823e-05	3.76126637448126e-05	7.292251134198361e-05	0.0006620596424469565	2.072534532877429e-05	9.28802512882107e-05	0.0	1.5352107650943918e-06	3.377463683207662e-05	2.264435878514228e-05	2.3411964167689478e-05	4.145069065754858e-05	7.484152479835161e-05	0.00011821122891226818	0.00011130278046934341	0.0006628272478295037	0.0003557850948106253	0.00015505628727453358	0.0002107076775092053	0.00017386261914693988	0.002586062533801503	8.443659208019155e-05	0.00033928157908586057	0.0016426755186509994	0.00643560352727569	0.0027910131709416044	0.002355013313654797	0.0005714822073063873	0.0002855492023075569	0.0002563801977707634	0.0002014964129186389	0.0002794083592471793	0.0001297253096504761	4.989434986556773e-06	3.147182068443503e-05
	1	2	3	4	5	6	7	8	9	10	12	14	16	18	20	22	24	26	28	30	32	34	36	38	40	42	44	46	48	50	52	54	56	58	60	62	64	66	68	70	72	74	76	78	80	82	84	86	88	90	92	94	96	98	100
GLDS-375_rna-seq_FL8-1S_R2_raw	0.02937395517393355	0.0073344694302384566	0.0002494717493278386	0.0006286688083061534	2.5330977624057462e-05	0.00038687311280378675	0.0005396265839306787	0.0016242529894698664	0.00019573937254953495	9.940489703986186e-05	8.520419746273874e-05	0.0005545948888903491	0.0012776791592498077	0.00012204925582500415	0.0005707146019238401	0.002639411107888533	0.0014004960204573589	0.0012742249350283451	0.0037036959707902203	0.003418530571173937	0.0056641601178157586	0.0033160552526038866	0.0020199535641729463	0.002311259806849607	0.0006037216333733696	0.0016411403078859046	0.0025787702826673047	0.0015720558234566572	0.002338893600621306	0.004110143020848961	0.002148911268440875	0.0027192420676734413	0.004756466752953699	0.003932058572098011	0.003803484670521356	0.005663008709741938	0.006303575401477573	0.007691789735814177	0.004883121641073987	0.0033302559521810097	0.0035689812261531875	0.0033049249745569524	0.003240062319731714	0.0035037347686366757	0.003711372024615692	0.0036384495132737085	0.0040276254422251375	0.004517741478981522	0.00433620280600911	0.004924188529040262	0.0070439307929443425	0.006697356962724285	0.007272293394252134	0.007065039940964392	0.011562439877308412
	1	2	3	4	5	6	7	8	9	12	17	22	27	32	37	42	47	52	57	62	67	72	77	82	87	92	97	102	107	112	117	122	127	132	137	142	147	150
GLDS-375_rna-seq_FL9-1R_S10_L002_R1_raw	0.002294390666051668	0.0019540560505873373	3.823984443419447e-06	4.206382887761391e-05	0.0	0.0	0.0	0.0	0.0	0.0	7.647968886838893e-07	0.00026997330170541294	0.0	0.0	0.0	6.883171998155004e-06	0.0003862224287853641	7.647968886838893e-07	0.0	0.0	2.3708703549200568e-05	4.894700087576892e-05	7.647968886838893e-07	0.022415432010436113	5.353578220787226e-06	0.0	2.3708703549200568e-05	3.0591875547355573e-06	3.0591875547355573e-06	1.5295937773677787e-06	1.5295937773677787e-06	0.0003976943821156225	7.647968886838893e-07	0.0	0.0	0.0	0.00039387039767220305	9.559961108548617e-06
	1	2	3	4	5	6	7	8	9	12	17	22	27	32	37	42	47	52	57	62	67	72	77	82	87	92	97	102	107	112	117	122	127	132	137	142	147	150
GLDS-375_rna-seq_FL9-1R_S10_L002_R2_raw	0.4912481615238792	0.004959707823115022	0.0	0.00024855898882226405	0.0	1.9119922217097234e-05	0.0	1.5295937773677788e-05	6.118375109471115e-05	0.00019961198794649513	1.4531140884993898e-05	1.0707156441574451e-05	3.823984443419447e-06	0.0009766456268493265	0.0001781976750633462	0.0006179558860565826	0.0014263461973954535	0.00294370322454429	0.0021001322563259602	0.0014561732760541254	0.01038058817010643	0.00046346691454243695	9.177562664206671e-05	3.0591875547355573e-06	0.0	0.0	1.0707156441574451e-05	0.004453412282806287	6.118375109471115e-06	8.412765775522781e-06	4.588781332103336e-06	3.2886266213407245e-05	0.002412169386908987	1.223675021894223e-05	0.0001368986430744162	0.00037016169412300244	9.94235955289056e-06	0.004395670117710654
	1	2	3	4	5	6	7	8	9	12	17	22	27	32	37	42	47	52	57	62	67	72	77	82	87	92	97	102	107	112	117	122	127	132	137	142	147	150
GLDS-375_rna-seq_FL9-1S_S9_L002_R1_raw	0.0024681859234058586	0.0019415965182813105	3.230609847389868e-06	3.5536708321288545e-05	0.0	0.0	0.0	0.0	0.0	0.0	1.292243938955947e-06	0.0002778324468755286	0.0	0.0	0.0	1.098407348112555e-05	0.00040511847486268936	2.584487877911894e-06	0.0	0.0	2.3260390901207045e-05	4.5228537863458146e-05	0.0	0.022125800722803724	5.815097725301761e-06	0.0	2.6491000748596915e-05	0.0	1.9383659084339205e-06	6.461219694779735e-07	1.292243938955947e-06	0.0004044723528932114	6.461219694779735e-07	0.0	0.0	0.0	0.00042191764606911667	6.461219694779736e-06
	1	2	3	4	5	6	7	8	9	12	17	22	27	32	37	42	47	52	57	62	67	72	77	82	87	92	97	102	107	112	117	122	127	132	137	142	147	150
GLDS-375_rna-seq_FL9-1S_S9_L002_R2_raw	0.49972365363365423	0.0050106758733016845	0.0	0.00022291207946990087	0.0	1.2922439389559472e-05	0.0	3.230609847389868e-06	4.845914771084801e-05	0.0002177431037140771	2.2614268931729073e-05	2.5198756809640965e-05	7.107341664257709e-06	0.0009601372466442686	0.00019835944462973787	0.0006558137990201431	0.001513863774486892	0.002919179058101484	0.0021270335235214887	0.0014957723593415086	0.01052468076082671	0.0004445319150008457	9.562605148274008e-05	5.168975755823788e-06	0.0	0.0	1.0337951511647576e-05	0.0045325456158879845	4.522853786345814e-06	1.098407348112555e-05	2.584487877911894e-06	3.5536708321288545e-05	0.002456555727955255	1.4860805297993391e-05	0.00013762397949880836	0.0003734584983582687	7.753463633735682e-06	0.004469548723863881
	1	2	3	4	5	6	7	8	9	12	17	22	27	32	37	42	47	52	57	62	67	72	77	82	87	92	97	102	107	112	117	122	127	132	137	142	147	150
GLDS-375_rna-seq_GC1-1R_S4_L002_R1_raw	0.0021159300680532573	0.0017770148623477574	3.0532901414909917e-06	3.358619155640091e-05	0.0	0.0	0.0	0.0	0.0	0.0	1.2213160565963968e-06	0.00023388202483820997	0.0	0.0	0.0	8.549212396174778e-06	0.0003676161330355154	1.2213160565963968e-06	0.0	0.0	2.320500507533154e-05	4.0914087895979295e-05	4.274606198087389e-06	0.02292959830456905	7.327896339578381e-06	6.106580282981984e-07	1.4655792679156763e-05	4.885264226385587e-06	1.0991844509367572e-05	4.274606198087389e-06	4.885264226385587e-06	0.00038898916402595234	2.4426321131927936e-06	2.4426321131927936e-06	0.0	0.0	0.00037555468740339197	4.579935212236488e-06
	1	2	3	4	5	6	7	8	9	12	17	22	27	32	37	42	47	52	57	62	67	72	77	82	87	92	97	102	107	112	117	122	127	132	137	142	147	150
GLDS-375_rna-seq_GC1-1R_S4_L002_R2_raw	0.4929262137324472	0.004595201662943943	0.0	0.00021373030990436945	0.0	1.2213160565963967e-05	0.0	3.0532901414909917e-06	5.801251268832884e-05	0.00016976293186689913	1.4655792679156763e-05	1.2213160565963967e-05	2.4426321131927936e-06	0.000960565078513066	0.00016976293186689913	0.0006234818468924605	0.0015132105941229356	0.002846887727926201	0.002076847954242173	0.0015999240341412798	0.01036469871430532	0.00048303050038387487	8.976673015983516e-05	2.4426321131927936e-06	0.0	0.0	7.93855436787658e-06	0.004579324554208189	6.1065802829819835e-06	1.3434476622560362e-05	5.495922254683786e-06	3.2364875499804514e-05	0.002447517377419179	1.6487766764051357e-05	0.00014106200453688382	0.00037372271331849737	1.0991844509367572e-05	0.004474596702355048
	1	2	3	4	5	6	7	8	9	12	17	22	27	32	37	42	47	52	57	62	67	72	77	82	87	92	97	102	107	112	117	122	127	132	137	142	147	150
GLDS-375_rna-seq_GC1-1S_S3_L002_R1_raw	0.002170238887517206	0.0019562716732549465	3.820843111826067e-06	3.820843111826067e-05	0.0	0.0	0.0	0.0	0.0	0.0	1.528337244730427e-06	0.00027586487267384206	0.0	0.0	0.0	5.3491803565564946e-06	0.00040883021296538925	0.0	0.0	0.0	2.0632552803860764e-05	4.8906791831373666e-05	1.528337244730427e-06	0.021864392623113488	8.405854846017347e-06	7.641686223652135e-07	1.8340046936765124e-05	5.3491803565564946e-06	4.585011734191281e-06	1.528337244730427e-06	2.2925058670956405e-06	0.0003904901660286241	2.2925058670956405e-06	0.0	0.0	0.0	0.00040883021296538925	3.820843111826067e-06
	1	2	3	4	5	6	7	8	9	12	17	22	27	32	37	42	47	52	57	62	67	72	77	82	87	92	97	102	107	112	117	122	127	132	137	142	147	150
GLDS-375_rna-seq_GC1-1S_S3_L002_R2_raw	0.4946119616689963	0.004928887614255627	0.0	0.0002598173316041726	0.0	1.1462529335478202e-05	0.0	7.641686223652135e-06	4.202927423008674e-05	0.00019486299870312944	1.757587831439991e-05	1.528337244730427e-05	5.3491803565564946e-06	0.0009353423937750212	0.00020938220252806852	0.0006319674506960316	0.0014756096097872271	0.002870981514226107	0.0021595405268040936	0.0015015913429476445	0.010279596308056851	0.0004699637027546063	8.635105432726912e-05	7.641686223652135e-07	0.0	0.0	6.113348978921708e-06	0.0044253004921169506	5.3491803565564946e-06	6.113348978921708e-06	3.820843111826067e-06	3.285925076170418e-05	0.002410187834939883	1.299086658020863e-05	0.0001367861834033732	0.00039278267189571967	7.641686223652135e-06	0.004317552716363456
	1	2	3	4	5	6	7	8	9	10	12	14	16	18	20	22	24	26	28	30	32	34	36	38	40	42	44	46	48	50	52	54	56	58	60	62	64	66	68	70	72	74	76	78	80	82	84	86	88	90	92	94	96	98	100
GLDS-375_rna-seq_GC10-1R_R1_raw	0.0002852334868351299	0.12062783461427493	0.0	0.0	0.0014958088569353954	4.445197197430596e-06	5.482409876831068e-05	0.0	7.40866199571766e-06	9.001524324796958e-05	5.9269295965741276e-06	1.74103556899365e-05	2.593031698501181e-06	7.408661995717659e-07	5.9269295965741276e-06	1.222429229293414e-05	7.408661995717659e-07	3.70433099785883e-06	1.703992259015062e-05	5.44536656685248e-05	2.4819017685654157e-05	3.5191144479658884e-05	7.186402135846129e-05	0.0006567778859203705	1.74103556899365e-05	9.890563764283076e-05	0.0	2.593031698501181e-06	3.815460927794595e-05	1.96329542886518e-05	2.2596419086938863e-05	4.8156302972164796e-05	7.482748615674837e-05	9.890563764283076e-05	9.779433834347312e-05	0.0006401083964300058	0.0003456140821002288	0.00015076627161285437	0.00019669997598630384	0.00017706702169765207	0.0027271284806236707	8.51996129507531e-05	0.00036080183919145006	0.0016562063891426828	0.006547034605615697	0.0027901021075872707	0.00232409726805663	0.0005697261074706881	0.00026782313114519343	0.00022151899367195803	0.00019521824358716033	0.0002504127754552569	0.00012039075743041197	7.038228895931776e-06	1.852165498929415e-05
	1	2	3	4	5	6	7	8	9	10	12	14	16	18	20	22	24	26	28	30	32	34	36	38	40	42	44	46	48	50	52	54	56	58	60	62	64	66	68	70	72	74	76	78	80	82	84	86	88	90	92	94	96	98	100
GLDS-375_rna-seq_GC10-1R_R2_raw	0.03047182678838674	0.007361246558945067	0.00028745608543384517	0.0006430718612282928	3.556157757944477e-05	0.0004645231071314973	0.0006275136710372857	0.0017151052520086383	0.00023337285286510628	0.00010446213413961901	9.075610944754133e-05	0.0005978790230544152	0.001338745222626181	0.00012891071872548729	0.0005815799666638363	0.0027500953328103953	0.0014613585786553084	0.0013754180995049835	0.004004752241785181	0.0036691398533791712	0.005976197198845651	0.0035698637826365545	0.002181850957738851	0.002446710624085757	0.0006297362696360011	0.0017580754915838006	0.0027519474983093246	0.0016728758786330477	0.00249412606085835	0.004417044281846869	0.0022900174228763287	0.0029312371186056923	0.005095677720654607	0.0042192330065612075	0.004157000245797179	0.006133260833154864	0.006788186553576306	0.008221021783548102	0.005299786358636628	0.0035483786628489737	0.0038854727836541265	0.00357023421573634	0.003542451733252399	0.00381138616369695	0.004054019844056704	0.003948446410617727	0.004352218489384339	0.004904904674264877	0.0047100568637775024	0.005326087108721426	0.007566096063126661	0.007190847333043562	0.007825769666076565	0.007583876851916382	0.012256890405715296
	1	2	3	4	5	6	7	8	9	10	12	14	16	18	20	22	24	26	28	30	32	34	36	38	40	42	44	46	48	50	52	54	56	58	60	62	64	66	68	70	72	74	76	78	80	82	84	86	88	90	92	94	96	98	100
GLDS-375_rna-seq_GC10-1S_R1_raw	0.00025633672818363787	0.11911408962365776	0.0	0.0	0.0014652881486483381	3.547913192853119e-06	4.257495831423743e-05	0.0	1.3304674473199197e-05	9.535016705792758e-05	9.756761280346077e-06	1.8626544262478877e-05	3.547913192853119e-06	1.3304674473199197e-06	4.8783806401730385e-06	1.0643739578559357e-05	4.4348914910663985e-07	4.434891491066399e-06	1.5965609367839036e-05	7.406268790080886e-05	3.592262107763783e-05	5.055776299815694e-05	8.559340577758149e-05	0.0006807558438786922	2.6609348946398393e-05	9.756761280346076e-05	0.0	4.8783806401730385e-06	4.656636065619719e-05	2.4835392349971833e-05	3.370517533210463e-05	5.188823044547687e-05	8.603689492668814e-05	0.00011619415706593966	0.0001201855594078994	0.0006905126051590382	0.00036853948290761773	0.000160099582827497	0.0001964656930542415	0.00019513522560692153	0.00270705776614693	8.78108515231147e-05	0.00038095717908260364	0.0017349295513051752	0.006662537487029051	0.002893766697920825	0.002416128884332974	0.0006027017536359236	0.0002922593492612757	0.00025278881499078476	0.00022396202029885314	0.000282059098831823	0.00013393372303020527	6.652337236599598e-06	2.7496327244611674e-05
	1	2	3	4	5	6	7	8	9	10	12	14	16	18	20	22	24	26	28	30	32	34	36	38	40	42	44	46	48	50	52	54	56	58	60	62	64	66	68	70	72	74	76	78	80	82	84	86	88	90	92	94	96	98	100
GLDS-375_rna-seq_GC10-1S_R2_raw	0.030048163808571282	0.007303379307488146	0.0002581106847800644	0.0006448332228010544	2.4835392349971833e-05	0.00043728030101914696	0.0006049191993814569	0.0017863742926015453	0.00023416227072830585	9.135876471596782e-05	8.603689492668814e-05	0.00060713664512699	0.0013686075141430907	0.00011929858110968614	0.0006133454932144829	0.0027864423238370185	0.0014564183656662053	0.0013362328062583061	0.0039000435772437907	0.003610001673728049	0.005837204180541594	0.0035009033430478155	0.0021469309708252436	0.002437416363490093	0.0006368504181171349	0.0017171899853409098	0.0027145970816817425	0.0016586494176588332	0.002451164527112399	0.004336436899964725	0.002267116530233143	0.002848087315562841	0.005020297167887163	0.004146180054997976	0.004011802842818664	0.005943641576327188	0.006580491994444322	0.007963291161358826	0.005128065031120077	0.0034596588521808975	0.0037807449961341053	0.0034547804715407246	0.0034206318070595133	0.003685838318225284	0.0039115742951205635	0.003804249921036757	0.004224234145240745	0.0047191680356437555	0.004562616366009111	0.005161770206452182	0.007302048840040825	0.006921535150107329	0.0075206889905504	0.007314466536215812	0.011910788077557027
	1	2	3	4	5	6	7	8	9	12	17	22	27	32	37	42	47	52	57	62	67	72	77	82	87	92	97	102	107	112	117	122	127	132	137	142	147	150
GLDS-375_rna-seq_GC11-1R_S16_L002_R1_raw	0.002306583567956507	0.0017932060340226136	3.6153347460133344e-06	5.0614686444186676e-05	0.0	0.0	0.0	0.0	0.0	0.0	1.4461338984053338e-06	0.00026898090510339207	0.0	0.0	0.0	1.0122937288837336e-05	0.0003911792195186428	1.4461338984053338e-06	0.0	0.0	1.879974067926934e-05	4.555321779976801e-05	3.6153347460133344e-06	0.02231167685154669	1.0122937288837336e-05	7.230669492026669e-07	2.2415075425282673e-05	3.6153347460133344e-06	7.953736441229335e-06	2.8922677968106676e-06	2.1692008476080004e-06	0.0003774409474837921	1.4461338984053338e-06	1.4461338984053338e-06	0.0	0.0	0.0004092558932487094	1.8076673730066672e-06
	1	2	3	4	5	6	7	8	9	12	17	22	27	32	37	42	47	52	57	62	67	72	77	82	87	92	97	102	107	112	117	122	127	132	137	142	147	150
GLDS-375_rna-seq_GC11-1R_S16_L002_R2_raw	0.49230736303412775	0.0049855466147523874	3.6153347460133344e-06	0.00026030410171296004	0.0	7.230669492026669e-06	3.6153347460133344e-06	0.0	6.869136017425335e-05	0.00020752021442116539	2.1692008476080005e-05	2.1692008476080005e-05	6.507602542824001e-06	0.0009342024983698456	0.00020968941526877338	0.0006550986559776161	0.0014765027102718457	0.0028459915120616964	0.002161970178115974	0.0014880717814590883	0.01018078264477355	0.00046348591443890944	9.038336865033336e-05	1.4461338984053338e-06	0.0	0.0	9.39987033963467e-06	0.00443312346556155	6.507602542824001e-06	9.39987033963467e-06	2.8922677968106676e-06	3.0368811866512008e-05	0.0023825055976227872	1.807667373006667e-05	0.00013449045255169604	0.00037310254578857606	7.230669492026669e-06	0.0043691320405571145
	1	2	3	4	5	6	7	8	9	12	17	22	27	32	37	42	47	52	57	62	67	72	77	82	87	92	97	102	107	112	117	122	127	132	137	142	147	150
GLDS-375_rna-seq_GC11-1S_S15_L002_R1_raw	0.002098090977702932	0.001758084139419058	8.292849714240838e-06	4.146424857120419e-05	0.0	0.0	0.0	0.0	0.0	0.0	0.0	0.00024878549142722515	0.0	0.0	8.292849714240837e-07	9.122134685664922e-06	0.0003922517914835916	0.0	0.0	0.0	2.7366404056994764e-05	5.307423817114136e-05	1.6585699428481675e-06	0.022399816363135927	7.463564742816754e-06	0.0	2.0732124285602095e-05	8.292849714240837e-07	3.317139885696335e-06	8.292849714240837e-07	1.6585699428481675e-06	0.0003731782371408377	0.0	0.0	0.0	0.0	0.0004171303406263142	4.146424857120419e-06
	1	2	3	4	5	6	7	8	9	12	17	22	27	32	37	42	47	52	57	62	67	72	77	82	87	92	97	102	107	112	117	122	127	132	137	142	147	150
GLDS-375_rna-seq_GC11-1S_S15_L002_R2_raw	0.4928813763410471	0.004896927756259215	0.0	0.0002612247659985864	0.0	8.292849714240838e-06	0.0	0.0	4.146424857120419e-05	0.0002098090977702932	1.741498439990576e-05	1.8244269371329845e-05	4.9757098285445026e-06	0.0009802148362232671	0.00017000341914193717	0.0005274252418257173	0.0014106137363923666	0.002874301710955874	0.002055797444160304	0.0013500759334784083	0.010198546578573383	0.0004486431695404293	9.951419657089005e-05	2.4878549142722513e-06	0.0	0.0	1.4097844514209426e-05	0.004560238057861037	1.6585699428481675e-06	7.463564742816754e-06	8.292849714240837e-07	3.8976393656931936e-05	0.0024588299402724086	1.990283931417801e-05	0.00014097844514209424	0.0003823003718265026	1.078070462851309e-05	0.004424235322547487
	1	2	3	4	5	6	7	8	9	10	12	14	16	18	20	22	24	26	28	30	32	34	36	38	40	42	44	46	48	50	52	54	56	58	60	62	64	66	68	70	72	74	76	78	80	82	84	86	88	90	92	94	96	98	100
GLDS-375_rna-seq_GC12-1R_R1_raw	0.000282257996760811	0.12143135503454904	1.8880133562596056e-06	0.0	0.0015434509187422273	9.440066781298028e-07	6.041642740030738e-05	0.0	1.2272086815687435e-05	9.062464110046107e-05	1.038407345942783e-05	1.6992120206336448e-05	2.3600166953245067e-06	4.720033390649014e-07	2.8320200343894084e-06	9.912070120362929e-06	1.8880133562596056e-06	3.776026712519211e-06	1.4632103511011941e-05	5.5224390670593455e-05	2.9264207022023882e-05	3.3512237073608e-05	8.024056764103322e-05	0.0006801568115925228	1.7464123545401347e-05	9.534467449111007e-05	0.0	3.3040233734543095e-06	4.012028382051661e-05	2.2184156936050364e-05	2.8792203682958983e-05	4.5312320550230534e-05	8.260058433635773e-05	0.00012508088485219885	0.00011422480805370612	0.0006910128883910156	0.00037760267125192107	0.00016331315531645588	0.00020720946584949171	0.00019304936567754466	0.002790955743890762	8.165657765822794e-05	0.0003912907680848032	0.0017539644079651734	0.006739735678507727	0.0028867724217209365	0.002406745025891932	0.0005862281471186075	0.00028650602681239514	0.00026337786319821497	0.0002157055259526599	0.0002926420702202388	0.00013452095163349686	5.192036729713915e-06	2.3600166953245067e-05
	1	2	3	4	5	6	7	8	9	10	12	14	16	18	20	22	24	26	28	30	32	34	36	38	40	42	44	46	48	50	52	54	56	58	60	62	64	66	68	70	72	74	76	78	80	82	84	86	88	90	92	94	96	98	100
GLDS-375_rna-seq_GC12-1R_R2_raw	0.031488286755697696	0.00741894848342212	0.0003181302505297435	0.000703284975206703	3.58722537689325e-05	0.0004653952923179927	0.0006136043407843718	0.0017539644079651734	0.0002331696494980613	0.00010856076798492731	9.251265445672065e-05	0.0005942522038827108	0.0013645616532366297	0.00012508088485219885	0.0006386205177548116	0.002847124141239485	0.0014561303010152207	0.0013749457266960577	0.004029964508936128	0.00375573056893942	0.0061058351941435645	0.0036193216039496633	0.002209919633501868	0.002520497830606573	0.0006291804509735134	0.0017940846917856902	0.002814555910844007	0.0017256442076212792	0.002560146111088025	0.0045184879648683006	0.002326032454911834	0.002979757079516722	0.005196756763104564	0.004288150335404629	0.004165901470586819	0.006208731922059712	0.006901160820467923	0.008410155495458411	0.005331277714738061	0.003625929650696572	0.0038874195005385273	0.003627345660713767	0.003546161086394604	0.0038317231065288695	0.0040818848762332665	0.003941227881191926	0.0043990711200848805	0.004976331203761255	0.0047615696844867245	0.005402550218936861	0.0077045105035563844	0.0073363478990857624	0.00794381619646229	0.007754542857497265	0.012595881106285957
	1	2	3	4	5	6	7	8	9	10	12	14	16	18	20	22	24	26	28	30	32	34	36	38	40	42	44	46	48	50	52	54	56	58	60	62	64	66	68	70	72	74	76	78	80	82	84	86	88	90	92	94	96	98	100
GLDS-375_rna-seq_GC12-1S_R1_raw	0.0003015617682375842	0.12079186827519883	0.0	0.0	0.0014624485752134657	5.040029552717285e-06	6.384037433441894e-05	0.0	6.720039403623048e-06	8.904052209800537e-05	9.24005417998169e-06	1.806010589723694e-05	3.360019701811524e-06	8.40004925452881e-07	4.620027089990845e-06	9.66005664270813e-06	1.2600073881793212e-06	5.460032015443726e-06	1.008005910543457e-05	5.544032507989014e-05	3.150018470448303e-05	3.402019948084167e-05	8.064047284347656e-05	0.0006636038911077759	2.016011821086914e-05	9.618056396435486e-05	0.0	2.5200147763586425e-06	3.444020194356811e-05	2.100012313632202e-05	3.234018962993591e-05	4.452026104900269e-05	7.854046052984437e-05	0.00011760068956340331	0.00011886069695158265	0.000666543908346861	0.0003717021795128998	0.00014364084225244262	0.00021420125599048463	0.00017808104419601075	0.002655675571819283	8.190048023165589e-05	0.0003616221204074652	0.0017190700799393206	0.006526838270768885	0.0028358566283289257	0.002333533682908103	0.000588423450279743	0.00030744180271575437	0.0002675415687567426	0.00021504126091593753	0.0002940017239085083	0.00013482079053518737	6.720039403623048e-06	2.646015515176575e-05
	1	2	3	4	5	6	7	8	9	10	12	14	16	18	20	22	24	26	28	30	32	34	36	38	40	42	44	46	48	50	52	54	56	58	60	62	64	66	68	70	72	74	76	78	80	82	84	86	88	90	92	94	96	98	100
GLDS-375_rna-seq_GC12-1S_R2_raw	0.029424532533688964	0.007403803412941692	0.0002780416303249036	0.0006501638123005298	2.2680132987227784e-05	0.00044688262034093266	0.0005586032754261658	0.001722010097178406	0.00022596132494682495	9.45005541134491e-05	9.534055903890198e-05	0.0005766633813234027	0.0013230077575882874	0.00012642074128065857	0.000578763393637035	0.002704815859958276	0.0014498485013316725	0.001315867715721938	0.0038199223984969758	0.0035187806327221178	0.005738493648231356	0.003393619898829639	0.002069352133853172	0.0024271942320960994	0.0006178236226705939	0.001710670030684792	0.002664075621073812	0.0016367495972449385	0.0024070341138852304	0.004231944814431614	0.002254573219915532	0.0028030964362362634	0.004855648471580378	0.004027823617546564	0.003912742942759519	0.005725893574349563	0.0063617773029173924	0.0077318253363310415	0.004960229084799262	0.0033751397904696755	0.0036414213518382384	0.0033910998840532796	0.003342379598377013	0.003607401152357397	0.0038106823443169943	0.0037329818887126024	0.004145844309572693	0.004624647117080836	0.004438586026093023	0.004982489215323763	0.007048061327012398	0.006694419253396734	0.00725428253621108	0.007058561388580558	0.011534107631393507
	1	2	3	4	5	6	7	8	9	10	12	14	16	18	20	22	24	26	28	30	32	34	36	38	40	42	44	46	48	50	52	54	56	58	60	62	64	66	68	70	72	74	76	78	80	82	84	86	88	90	92	94	96	98	100
GLDS-375_rna-seq_GC2-1R_R1_raw	0.00025267205527815506	0.12060956708352276	2.318092250258303e-06	0.0	0.0014279448261591146	3.863487083763838e-06	5.872500367321035e-05	0.0	9.272369001033212e-06	9.079194646845021e-05	8.113322875904061e-06	1.6226645751808122e-05	3.477138375387454e-06	7.726974167527677e-07	3.863487083763838e-06	9.658717709409596e-06	1.1590461251291515e-06	4.636184500516606e-06	1.5453948335055354e-05	6.22021420485978e-05	3.2453291503616244e-05	3.5930429879003694e-05	6.91564187993727e-05	0.0006606562913236164	1.8158389293690042e-05	9.58144796773432e-05	0.0	2.704440958634687e-06	3.7862173420885614e-05	2.3567271210959415e-05	2.6658060877970486e-05	3.708947600413285e-05	7.147451104963101e-05	0.00010470049997000002	0.00010160971030298895	0.0006343845791540224	0.00034269130432985245	0.00015608487818405907	0.0001931743541881919	0.00017308422135261996	0.0025348338756574543	7.495164942501846e-05	0.0003338052840371957	0.0016130058574714025	0.006403729841338562	0.0027770745158094473	0.0023262055731342072	0.0005459107249358304	0.00027585297778073804	0.00024339968627712182	0.00019046991322955724	0.0002565355423619189	0.00011165477672077494	6.1815793340221415e-06	3.090789667011071e-05
	1	2	3	4	5	6	7	8	9	10	12	14	16	18	20	22	24	26	28	30	32	34	36	38	40	42	44	46	48	50	52	54	56	58	60	62	64	66	68	70	72	74	76	78	80	82	84	86	88	90	92	94	96	98	100
GLDS-375_rna-seq_GC2-1R_R2_raw	0.02924041564475823	0.007377714935155426	0.00023412731727608864	0.0006799737267424356	2.39536199193358e-05	0.0004141658153794835	0.0005354793098096681	0.0015909839810939485	0.00019008356452118085	9.504178226059042e-05	6.91564187993727e-05	0.0005072758540981921	0.0011992263908002954	0.0001077912896370111	0.0005285250330588931	0.002553764962367897	0.0013050859368954246	0.0011907267192160151	0.003648290853198193	0.0033546658348321406	0.005512809719822621	0.0032573059603212924	0.0019510609773007385	0.002216482539955314	0.0005397291456018082	0.0015623941766740963	0.0025050850251124726	0.0015048282191260152	0.0022566628056264583	0.0040145494287390044	0.0020889874661911075	0.0026534429291290044	0.00467636476618775	0.0038716004066397425	0.0037518323070430634	0.005585829625705758	0.006186215518522658	0.007531481721089226	0.004815450301203249	0.0032252390175260526	0.003503796436265425	0.0032132622075663844	0.0031499010193926573	0.003421890510089632	0.0036332232535715133	0.0035517036761040966	0.003977846301443248	0.004437987613119521	0.004269925924975795	0.004802700793826827	0.006878552403933138	0.00654822425827133	0.007109975280250593	0.006906369510936238	0.011311903832552143
	1	2	3	4	5	6	7	8	9	10	12	14	16	18	20	22	24	26	28	30	32	34	36	38	40	42	44	46	48	50	52	54	56	58	60	62	64	66	68	70	72	74	76	78	80	82	84	86	88	90	92	94	96	98	100
GLDS-375_rna-seq_GC2-1S_R1_raw	0.00031416322850132946	0.12069997988665711	0.0	0.0	0.0014750346704025836	1.5325035536650219e-06	5.440387615510827e-05	0.0	9.19502132199013e-06	8.620332489365747e-05	7.662517768325109e-06	1.647441320189898e-05	1.5325035536650219e-06	7.662517768325109e-07	4.980636549411321e-06	8.045643656741364e-06	1.9156294420812773e-06	3.8312588841625545e-06	1.647441320189898e-05	6.551452691917969e-05	3.448132995746299e-05	3.754633706479303e-05	8.08395624558299e-05	0.0006842628367114322	2.3753805081807834e-05	0.00010191148631872395	0.0	1.1493776652487663e-06	3.7163211176376776e-05	2.3753805081807834e-05	2.758506396597039e-05	3.9078840618458056e-05	6.474827514234716e-05	0.0001126390111943791	0.00010459336753763773	0.0006850290884882648	0.00036243709044177767	0.0001666597614610711	0.00021569987517835182	0.00020305672086061538	0.0027129144158755045	8.850208022415501e-05	0.0003651189716606914	0.0017225339943194844	0.006713131816829628	0.00290677611541413	0.002398368061485759	0.000574305706735967	0.00030535133306775554	0.00025631121935047486	0.00021033611274052423	0.0002792987726554502	0.00012834717261944558	7.279391879908853e-06	2.5669434523889114e-05
	1	2	3	4	5	6	7	8	9	10	12	14	16	18	20	22	24	26	28	30	32	34	36	38	40	42	44	46	48	50	52	54	56	58	60	62	64	66	68	70	72	74	76	78	80	82	84	86	88	90	92	94	96	98	100
GLDS-375_rna-seq_GC2-1S_R2_raw	0.030317517802155126	0.007497007384529286	0.0002980719411878467	0.0007072503900164075	3.52475817342955e-05	0.0004451922823396888	0.000603040148367186	0.0017738728633672626	0.0002505643310242311	0.00010689212286813527	9.156708733148505e-05	0.0006107026661355111	0.0013658437922039507	0.00014060720104876575	0.0006053389036976836	0.002796435859550248	0.001466989026745842	0.0013689087993112806	0.003932404118704445	0.003624370904417776	0.005873319869421196	0.0035251412993179665	0.0021412905903584515	0.002480357001606838	0.0006275602052258263	0.0017466709252897084	0.0027680845438074453	0.0016937995526882651	0.0024914676523709093	0.004337751308648844	0.00229185906450604	0.0028795741773365757	0.005023929774802358	0.00415500025987429	0.004057686284216561	0.005964120704975848	0.006617350344725563	0.008020740473994308	0.005170283864177367	0.003520160662768555	0.003786433155217852	0.003491043095248919	0.0034435354850853037	0.0037144054881955964	0.003933553496369695	0.003825895121724727	0.004258444249746679	0.004774897947331791	0.004591763772668821	0.005179862011387774	0.007429577228168025	0.007042620080867608	0.007645277103346376	0.0074529479073614175	0.012022873504390512
	1	2	3	4	5	6	7	8	9	10	12	14	16	18	20	22	24	26	28	30	32	34	36	38	40	42	44	46	48	50	52	54	56	58	60	62	64	66	68	70	72	74	76	78	80	82	84	86	88	90	92	94	96	98	100
GLDS-375_rna-seq_GC3-1R_R1_raw	0.0002488985742097682	0.12087452642311773	9.018064282962616e-07	0.0	0.0014870788002605355	7.214451426370093e-06	4.779574069970186e-05	0.0	5.41083856977757e-06	8.567161068814486e-05	6.763548212221963e-06	1.3977999638592055e-05	2.705419284888785e-06	0.0	3.6072257131850466e-06	9.018064282962617e-06	9.018064282962616e-07	3.156322499036916e-06	1.1723483567851402e-05	5.951922426755326e-05	2.7054192848887852e-05	3.697406356014673e-05	7.800625604762664e-05	0.000655162370157234	1.8487031780073366e-05	0.00010145322318332944	4.509032141481308e-07	1.3527096424443925e-06	3.922857963088738e-05	2.2996063921554673e-05	2.209425749325841e-05	3.291593463281355e-05	6.808638533636777e-05	0.00010145322318332944	9.198425568621869e-05	0.000620442822667828	0.0003431373459667275	0.0001713432213762897	0.00022590251028821353	0.00018847754351391868	0.002705870188102933	8.071167533251542e-05	0.0003395301202535425	0.0016638328602066029	0.0064803809937369365	0.0027698984445119674	0.0022865301989451713	0.0005388293409070164	0.00026693470277569346	0.00022996063921554673	0.0001889284467280668	0.00025430941277954577	0.00010686406175310701	4.058128927333178e-06	2.3446967135702804e-05
	1	2	3	4	5	6	7	8	9	10	12	14	16	18	20	22	24	26	28	30	32	34	36	38	40	42	44	46	48	50	52	54	56	58	60	62	64	66	68	70	72	74	76	78	80	82	84	86	88	90	92	94	96	98	100
GLDS-375_rna-seq_GC3-1R_R2_raw	0.03000670709512981	0.007446215678442232	0.00028497083134161865	0.000730463206919972	3.246503141866542e-05	0.00042114360201435424	0.0006141301776697542	0.0016863780209140093	0.00022094257493258408	9.964961032673692e-05	9.694419104184812e-05	0.0005992503716028658	0.0013107756435286164	0.0001199402549634028	0.000592937726604792	0.0026544672216900463	0.0014140324795685383	0.0012972485471041725	0.0038371863524005933	0.0035409429407052715	0.005757583141457482	0.003477816490724533	0.0021205978161386594	0.002374456325704057	0.0006001521780311621	0.001671949118061269	0.0026725033502559715	0.0016593238280651213	0.002394296067126575	0.004284031437621391	0.002254516070740654	0.0028411411523473723	0.004958131742772847	0.004073459636614214	0.003985533509855328	0.0058662508160671825	0.006488948154805751	0.007877279151167847	0.005055526837028843	0.0034412933303785346	0.003734831322788968	0.003423257201812609	0.0033754614611129076	0.003635181712462231	0.0038642405452494815	0.0037821761602745215	0.004189792665864432	0.004689393427140561	0.004512639367194493	0.005097009932730471	0.007217607748869131	0.006861394209692106	0.007444862968799789	0.007241956522433129	0.011706800148927922
	1	2	3	4	5	6	7	8	9	10	12	14	16	18	20	22	24	26	28	30	32	34	36	38	40	42	44	46	48	50	52	54	56	58	60	62	64	66	68	70	72	74	76	78	80	82	84	86	88	90	92	94	96	98	100
GLDS-375_rna-seq_GC3-1S_R1_raw	0.0002694319336995572	0.12106773351944486	3.2559750296019005e-06	0.0	0.001552286095362706	4.0699687870023755e-06	5.290959423103089e-05	0.0	1.0581918846206176e-05	8.628333828445037e-05	7.732940695304514e-06	1.7500865784110215e-05	2.4419812722014256e-06	1.2209906361007128e-06	4.0699687870023755e-06	1.3430896997107839e-05	4.0699687870023757e-07	2.4419812722014256e-06	2.157083457111259e-05	5.8200553654133965e-05	3.500173156822043e-05	3.378074093211972e-05	8.139937574004751e-05	0.0007098025564532143	1.994284705631164e-05	0.00010012123216025845	0.0	2.4419812722014256e-06	3.8664703476522566e-05	2.116383769241235e-05	2.8896778387716867e-05	4.436265977832589e-05	8.058538198264704e-05	0.0001107031510064646	0.00010907516349166367	0.0006552649747073824	0.00034187737810819957	0.00015669379829959146	0.00020268444559271834	0.0001766366453559031	0.0025876861547761104	8.01783851039468e-05	0.000351238306318305	0.0016572912900673675	0.0064122358239222434	0.002741937971803501	0.0022657516237242223	0.0005392708642778148	0.00026739694930605606	0.00021855732386202758	0.0001929165205039126	0.0002352441958887373	0.0001225060604887715	6.511950059203801e-06	2.0756840813712115e-05
	1	2	3	4	5	6	7	8	9	10	12	14	16	18	20	22	24	26	28	30	32	34	36	38	40	42	44	46	48	50	52	54	56	58	60	62	64	66	68	70	72	74	76	78	80	82	84	86	88	90	92	94	96	98	100
GLDS-375_rna-seq_GC3-1S_R2_raw	0.02838966027685637	0.007393505298468515	0.0002612919961255525	0.0006739868311275934	3.011776902381758e-05	0.00037118115337461666	0.000570609623937733	0.0016320574835879526	0.00023280221461653586	8.46553507696494e-05	9.52372696158556e-05	0.0005388638673991144	0.0012287235767960173	0.0001029702103111601	0.0005551437425471241	0.002528671607364576	0.001291808092994554	0.0012393054956422235	0.0036157602703729107	0.0033385953959780487	0.005450502199553581	0.003239288157575191	0.001956433995912042	0.002247436764182712	0.0005579927206980258	0.0015921717894753294	0.002512798729095267	0.0014916435604363707	0.0022563906955141173	0.004035374052312855	0.0020793470532795137	0.0026576896179125514	0.0046593002673603195	0.0038326896067201366	0.0037215794588349722	0.0054627121059145885	0.006058555536331736	0.0073715274670187025	0.004721163792922756	0.0031794596164062563	0.0034891842410971364	0.0031957394915542656	0.003160330763107345	0.0034090058559931896	0.0036409940768523255	0.0035331399039967627	0.003920600932519389	0.004414695143261477	0.0042234066102723655	0.004757793512005777	0.0067858589585690614	0.006437062633522957	0.00699057838855528	0.0067736490522080535	0.011019847487687633
	1	2	3	4	5	6	7	8	9	10	12	14	16	18	20	22	24	26	28	30	32	34	36	38	40	42	44	46	48	50	52	54	56	58	60	62	64	66	68	70	72	74	76	78	80	82	84	86	88	90	92	94	96	98	100
GLDS-375_rna-seq_GC4-1R_R1_raw	0.00024185752458669754	0.12091337912924077	8.546202282215461e-07	0.0	0.0015408802714834474	3.4184809128861843e-06	4.2731011411077305e-05	0.0	7.691582053993915e-06	9.058974419148388e-05	5.55503148344005e-06	2.3074746161981743e-05	1.7092404564430921e-06	8.546202282215461e-07	3.845791026996958e-06	1.281930342332319e-05	8.546202282215461e-07	2.563860684664638e-06	1.3246613537433965e-05	6.238727666017286e-05	2.521129673253561e-05	3.6321359699415707e-05	7.050616882827755e-05	0.00068540542303368	1.8801645020874012e-05	0.00010469097795713938	0.0	2.991170798775411e-06	3.80306001558588e-05	2.0083575363206332e-05	3.0339018101864885e-05	4.0167150726412664e-05	7.947968122460379e-05	0.0001239199330921242	0.00011366449035346562	0.0006281458677428363	0.00036107704642360326	0.00014272157811299818	0.00020083575363206331	0.00018929838055107247	0.002688207927870873	7.990699133871456e-05	0.0003632135969941571	0.00166394558434735	0.006571174934795468	0.0027980266271973417	0.0023267035713331594	0.0005738774832507682	0.00027860619440022404	0.00023672980321736827	0.00020339961431672796	0.00026108647972168235	0.0001170829712663518	7.264271939883142e-06	3.076632821597566e-05
	1	2	3	4	5	6	7	8	9	10	12	14	16	18	20	22	24	26	28	30	32	34	36	38	40	42	44	46	48	50	52	54	56	58	60	62	64	66	68	70	72	74	76	78	80	82	84	86	88	90	92	94	96	98	100
GLDS-375_rna-seq_GC4-1R_R2_raw	0.02994503817665475	0.007481345477851414	0.0002700599921180086	0.000677713840979686	2.22201259337602e-05	0.00043243783548010234	0.0005230275796715861	0.0016648002045755717	0.0002153642975118296	0.00010127249704425321	7.477926996938528e-05	0.0005448203954912357	0.001263128697311445	0.0001123825600111333	0.0005473842561759002	0.0026194109994990386	0.0013285071447703932	0.0012507367040022327	0.0037735756177122368	0.0034650577153242587	0.005749884895474562	0.003403952369006418	0.0020536524084163754	0.0023339678432730423	0.0005730228630225466	0.0016224965032786052	0.0026202656197272605	0.0015819020424380817	0.0023566152793209135	0.004225242408327324	0.0021797088920790532	0.0027625598877261477	0.004911075141475115	0.0040021865287615	0.003907323683428909	0.005820391064302839	0.006452810033186783	0.007908655591962186	0.0050119203284052566	0.003392414995925427	0.0036445279632507832	0.0033578028766824545	0.003312935314700823	0.003565902902254401	0.0038231435909490863	0.0037235803343612763	0.00412311529105485	0.004645288250498214	0.004464963382343467	0.005075589535407762	0.0072236774790426185	0.006886957109123328	0.007420240131533573	0.007218549757673288	0.011898022817300364
	1	2	3	4	5	6	7	8	9	10	12	14	16	18	20	22	24	26	28	30	32	34	36	38	40	42	44	46	48	50	52	54	56	58	60	62	64	66	68	70	72	74	76	78	80	82	84	86	88	90	92	94	96	98	100
GLDS-375_rna-seq_GC4-1S_R1_raw	0.0002859970537690606	0.12032634108977332	0.0	0.0	0.001586822362847691	5.381664990278022e-06	5.7660696324407375e-05	0.0	9.22571141190518e-06	8.418461663363478e-05	9.22571141190518e-06	1.845142282381036e-05	2.306427852976295e-06	0.0	4.228451063789875e-06	1.0763329980556045e-05	7.688092843254317e-07	6.919283558928886e-06	1.4607376402183205e-05	6.7655217020638e-05	3.805605957410887e-05	4.11312967114106e-05	7.76497377168686e-05	0.0007199898947707668	2.3833087814088385e-05	9.763877910932983e-05	0.0	1.9220232108135795e-06	4.266891528006146e-05	1.960463675029851e-05	2.7677134235715543e-05	4.382212920654961e-05	7.419009593740416e-05	0.0001018672301731197	0.00010455806266825872	0.0006788585980593562	0.0003651844100545801	0.0001618343543505034	0.00020027481856677495	0.00018758946537540534	0.002758872116801812	8.956628162391279e-05	0.00038056059574108873	0.0018070862228069273	0.006785126338814098	0.002923781708289617	0.0024359722173851305	0.0005758381539597483	0.00028715026769554874	0.0002444813524154873	0.00019758398607163595	0.00025486027775388064	0.00011839662978611648	6.53487891676617e-06	2.2679873887600237e-05
	1	2	3	4	5	6	7	8	9	10	12	14	16	18	20	22	24	26	28	30	32	34	36	38	40	42	44	46	48	50	52	54	56	58	60	62	64	66	68	70	72	74	76	78	80	82	84	86	88	90	92	94	96	98	100
GLDS-375_rna-seq_GC4-1S_R2_raw	0.03064243164535873	0.007562776929909271	0.00025293825454306704	0.000685777881618285	3.228998994166813e-05	0.0004474470034774012	0.0005873702932246298	0.0017321273175851977	0.00023986849670953468	0.00010225163481528242	8.610663984444836e-05	0.0005739161307489348	0.0013561795775500615	0.00012646912727153352	0.0005658436332635177	0.002691216899781174	0.0014126870599479808	0.001306975783353234	0.0038771052208531522	0.003576116386039746	0.005911374587178245	0.0034581041608957915	0.0021069218436938456	0.0023817711628401875	0.0006069749299749284	0.0016821547141040445	0.0027050554668990316	0.0016218031852844983	0.0024321281709635033	0.004330702698605157	0.0022529956077156775	0.0028146107899154056	0.00498226856707096	0.004047012072689073	0.003952064126074882	0.005895229592207411	0.006542182604967262	0.007965632994895798	0.0050864422250970565	0.003452722495905514	0.0037452544285913403	0.003438883928787656	0.003372766330335669	0.003653381719114452	0.0038525033237547385	0.0037983022692097954	0.004209999640966064	0.0047416312610771005	0.0045348215635935595	0.005142565302852812	0.007316757958925134	0.006895450471114797	0.0075116511125016315	0.0072898496339737434	0.011954984371260463
	1	2	3	4	5	6	7	8	9	12	17	22	27	32	37	42	47	52	57	62	67	72	77	82	87	92	97	102	107	112	117	122	127	132	137	142	147	150
GLDS-375_rna-seq_GC5-1R_S8_L002_R1_raw	0.0022227032845343535	0.001776069029557278	0.0	6.97866023401681e-05	0.0	0.0	0.0	0.0	0.0	0.0	0.0	0.00023448298386296478	0.0	0.0	0.0	4.885062163811767e-06	0.00036917112637948924	0.0	0.0	0.0	2.7914640936067235e-05	4.536129152110926e-05	0.0	0.022550144814178514	4.885062163811767e-06	0.0	1.8144516608443704e-05	2.0935980702050427e-06	2.0935980702050427e-06	6.978660234016809e-07	1.3957320468033619e-06	0.0003789412507071127	6.978660234016809e-07	0.0	0.0	0.0	0.0003970857673155565	3.4893301170084043e-06
	1	2	3	4	5	6	7	8	9	12	17	22	27	32	37	42	47	52	57	62	67	72	77	82	87	92	97	102	107	112	117	122	127	132	137	142	147	150
GLDS-375_rna-seq_GC5-1R_S8_L002_R2_raw	0.4974458801409522	0.004954848766151935	0.0	0.0002547210985416135	0.0	1.7446650585042025e-05	0.0	0.0	8.02545926911933e-05	0.00019958968269288076	1.3957320468033617e-05	1.674878456164034e-05	5.5829281872134475e-06	0.0009372340694284575	0.0001863302282482488	0.0005945818519382322	0.0014145744294352073	0.0029317351643104615	0.002099180998392256	0.0013699110039374998	0.010428909853714719	0.00042988547041543547	9.072258304221853e-05	3.4893301170084043e-06	0.0	0.0	7.676526257418491e-06	0.0045752096494214205	1.3957320468033619e-06	9.770124327623534e-06	1.3957320468033619e-06	3.977836333389581e-05	0.002475330785005762	1.8144516608443704e-05	0.00012561588421230256	0.0003789412507071127	9.072258304221852e-06	0.004457619224478237
	1	2	3	4	5	6	7	8	9	12	17	22	27	32	37	42	47	52	57	62	67	72	77	82	87	92	97	102	107	112	117	122	127	132	137	142	147	150
GLDS-375_rna-seq_GC5-1S_S7_L002_R1_raw	0.002192948682322423	0.0017786320419599805	8.370033138635204e-06	2.929511598522321e-05	0.0	0.0	0.0	0.0	0.0	0.0	2.511009941590561e-06	0.00027118907369178056	0.0	0.0	0.0	6.696026510908162e-06	0.00040845761716539787	8.370033138635203e-07	0.0	0.0	1.5903062963406885e-05	3.682814580999489e-05	4.185016569317602e-06	0.022084332436288982	1.0044039766362243e-05	8.370033138635203e-07	1.7577069591133926e-05	2.511009941590561e-06	6.696026510908162e-06	2.511009941590561e-06	2.511009941590561e-06	0.0004143166403624425	1.6740066277270406e-06	8.370033138635203e-07	0.0	0.0	0.0004226866735010777	2.092508284658801e-06
	1	2	3	4	5	6	7	8	9	12	17	22	27	32	37	42	47	52	57	62	67	72	77	82	87	92	97	102	107	112	117	122	127	132	137	142	147	150
GLDS-375_rna-seq_GC5-1S_S7_L002_R2_raw	0.49448063274772114	0.004950874601502722	0.0	0.00022180587817383288	0.0	1.6740066277270407e-05	0.0	8.370033138635204e-06	7.951531481703442e-05	0.00019585877544406376	1.8414072904997445e-05	1.5066059649543364e-05	3.348013255454081e-06	0.0009290736783885075	0.00017158567934202163	0.000619382452259005	0.0014170466103709397	0.002810657127953701	0.002079116231636984	0.0014003065440936695	0.010055757812756333	0.00045114478617243743	8.704834464180611e-05	8.370033138635203e-07	0.0	0.0	5.022019883181122e-06	0.004466249682775744	8.370033138635204e-06	6.696026510908162e-06	4.185016569317602e-06	3.0132119299086728e-05	0.0023645343616644447	1.1718046394089283e-05	0.0001372685434736173	0.00036158543158904075	5.022019883181122e-06	0.004375434823221552
	1	2	3	4	5	6	7	8	9	10	12	14	16	18	20	22	24	26	28	30	32	34	36	38	40	42	44	46	48	50	52	54	56	58	60	62	64	66	68	70	72	74	76	78	80	82	84	86	88	90	92	94	96	98	100
GLDS-375_rna-seq_GC6-1R_R1_raw	0.0002788922235725643	0.12097612371733825	1.5580571149305271e-06	0.0	0.001492618716103445	3.895142787326317e-06	5.842714180989477e-05	0.0	9.348342689583163e-06	7.089159872933898e-05	7.400771295920004e-06	1.986522821536422e-05	1.5580571149305271e-06	0.0	2.3370856723957907e-06	1.0127371247048426e-05	3.895142787326318e-07	7.790285574652635e-06	2.220231388776001e-05	5.4142484743835815e-05	2.2591828166492643e-05	3.1550656577343175e-05	7.361819868046741e-05	0.0006411405027939119	1.7528142542968432e-05	9.971565535555374e-05	0.0	5.453199902256845e-06	3.8561913594530545e-05	2.3370856723957908e-05	2.648697095381896e-05	4.245705638185686e-05	7.244965584426951e-05	0.00010322128386414742	0.00010555836953654322	0.0006454251598599709	0.0003287500512503412	0.0001507420258695285	0.0002056635391708296	0.00018540879667673272	0.002642075352643441	8.647216987864425e-05	0.0003688700219598023	0.0016749113985503167	0.0065072255405073465	0.0027780158359211296	0.0023308534439360684	0.0005632376470473856	0.00027694465217890116	0.0002551318525698738	0.00019826276787490957	0.00026409068098072437	0.00012542359775190743	6.62174273845474e-06	2.142328533029475e-05
	1	2	3	4	5	6	7	8	9	10	12	14	16	18	20	22	24	26	28	30	32	34	36	38	40	42	44	46	48	50	52	54	56	58	60	62	64	66	68	70	72	74	76	78	80	82	84	86	88	90	92	94	96	98	100
GLDS-375_rna-seq_GC6-1R_R2_raw	0.03029953671405396	0.007406224495822261	0.000260195538193398	0.0007011257017187372	3.271919941354107e-05	0.00040587387843940234	0.0005593425042600593	0.0017411288259348641	0.0002142328533029475	0.00010127371247048427	8.84197412723074e-05	0.0005527207615216045	0.001299030119573327	0.00011958088357091796	0.0005562263900301982	0.0026490866096606286	0.0013995248034863461	0.0012955244910647333	0.0038320414741716317	0.0035605500218949867	0.005843882723825675	0.0034214934243874374	0.0020983134195326873	0.0024025240712228727	0.0005795972467541561	0.0016838702269611672	0.002668172809318528	0.001611031056838165	0.0024036926140590708	0.00430841743706164	0.0022311377885805145	0.0028045028068749487	0.0049740973394157085	0.004120282040433779	0.004007712413880048	0.005973980492922373	0.006578117139236685	0.00803801665592659	0.005142367507828204	0.003469014166392819	0.003713239619158179	0.003421103910108705	0.0033813734536779767	0.003644685106101236	0.003896700844441248	0.0038160713887435936	0.004231293609872578	0.004751684686259376	0.00456004366112292	0.005172749621569351	0.007381685096262105	0.006975811217822703	0.00757332612139856	0.007363377925161672	0.01198847047083294
	1	2	3	4	5	6	7	8	9	10	12	14	16	18	20	22	24	26	28	30	32	34	36	38	40	42	44	46	48	50	52	54	56	58	60	62	64	66	68	70	72	74	76	78	80	82	84	86	88	90	92	94	96	98	100
GLDS-375_rna-seq_GC6-1S_R1_raw	0.00025490828327136956	0.11925418724079975	8.092326453059352e-07	0.0	0.001433960247482117	8.092326453059352e-07	4.6935493427744244e-05	0.0	9.710791743671222e-06	8.092326453059351e-05	8.496942775712319e-06	2.1040048777954313e-05	2.4276979359178054e-06	0.0	1.6184652906118705e-06	9.306175421018254e-06	2.4276979359178054e-06	4.450779549182643e-06	2.0635432455301348e-05	6.0287832075292166e-05	2.7918526263054764e-05	3.8033934329378955e-05	7.080785646426933e-05	0.0006635707691508668	1.6993885551424638e-05	9.832176640467113e-05	0.0	4.046163226529676e-06	4.167548123325566e-05	1.6589269228771672e-05	2.549082832713696e-05	4.4507795491826436e-05	7.728171762671681e-05	0.00011693411724670762	0.00010358177859915971	0.0006526461284392368	0.0003528254333533877	0.00015092188834955693	0.00020554509190770753	0.00017358040241812308	0.0025790244405900155	8.173249717589944e-05	0.00035646698025726446	0.0016747069594606327	0.006441896472957897	0.0028096557445022067	0.0023653870222292484	0.0005919536800412916	0.0002824221932117714	0.0002557175159166755	0.00020716355719831942	0.0002605729117885111	0.0001298818395716026	6.069244839794514e-06	2.1040048777954313e-05
	1	2	3	4	5	6	7	8	9	10	12	14	16	18	20	22	24	26	28	30	32	34	36	38	40	42	44	46	48	50	52	54	56	58	60	62	64	66	68	70	72	74	76	78	80	82	84	86	88	90	92	94	96	98	100
GLDS-375_rna-seq_GC6-1S_R2_raw	0.029241621638129968	0.007525054368699892	0.00025895444649789924	0.0006781369567663737	2.9941607876319603e-05	0.00039247783297337855	0.0005462320355815062	0.0016540715270053315	0.00020635432455301346	9.225252156487661e-05	8.37555787891643e-05	0.0005668674680368075	0.0012911306855856197	0.0001221941294411962	0.0005462320355815062	0.0026158445259514356	0.001359510844113971	0.0012462182737711402	0.0036727023607209864	0.0033789509104749323	0.005527058967439537	0.0032887214705233205	0.0019890938421619885	0.002297006863700897	0.0005527058967439537	0.001607945266222893	0.002562030555038591	0.0015549405279553544	0.0023115730513164037	0.0041177803156392506	0.002149321905932564	0.0026882708477063166	0.004728750962845233	0.00391183060740889	0.003753221008928927	0.005578849856739117	0.006186178957041221	0.007501991238308672	0.00480603268047195	0.0032620167932282244	0.0035310866477924483	0.0032272197894800698	0.003207798205992727	0.00346594341984532	0.0036609684873640507	0.0035897560145771285	0.004009343141168256	0.004470605748992639	0.00430997306889941	0.004875222071645606	0.006846917411933517	0.0065305074476188964	0.007059745597648979	0.006874835938196573	0.011266541504271883
	1	2	3	4	5	6	7	8	9	10	12	14	16	18	20	22	24	26	28	30	32	34	36	38	40	42	44	46	48	50	52	54	56	58	60	62	64	66	68	70	72	74	76	78	80	82	84	86	88	90	92	94	96	98	100
GLDS-375_rna-seq_GC7-1R_R1_raw	0.0002930389567273628	0.12054177556141488	2.4085393703618857e-06	0.0	0.0015976644490067178	3.211385827149181e-06	4.8170787407237714e-05	0.0	1.0437003938234838e-05	8.951737993178343e-05	6.021348425904714e-06	1.68597755925332e-05	8.028464567872952e-07	8.028464567872952e-07	3.612809055542829e-06	6.824194882692009e-06	1.2042696851809429e-06	6.021348425904714e-06	1.8866891734501438e-05	5.7804944888685264e-05	2.2881124018437918e-05	2.9303895672736276e-05	6.944621851210104e-05	0.0007169418859110546	1.5254082678958611e-05	9.834869095644367e-05	4.014232283936476e-07	8.028464567872952e-07	3.853662992579017e-05	1.9669738191288733e-05	2.5691086617193448e-05	4.1346592524545705e-05	8.309460827748506e-05	0.00011279992717861497	0.00011279992717861497	0.0006976735709481596	0.0003821549134307526	0.00015374509647476703	0.00021114861813505866	0.00018304899214750334	0.002812371138125895	9.513730512929448e-05	0.0003677036772085812	0.0018039959884010525	0.006893239677975717	0.0029271781814464784	0.0024739713565900506	0.0006013319961336842	0.00030227169098041666	0.0002565094429435408	0.0002011130374252175	0.0002725663720792867	0.0001388924370242021	3.211385827149181e-06	2.6092509845587095e-05
	1	2	3	4	5	6	7	8	9	10	12	14	16	18	20	22	24	26	28	30	32	34	36	38	40	42	44	46	48	50	52	54	56	58	60	62	64	66	68	70	72	74	76	78	80	82	84	86	88	90	92	94	96	98	100
GLDS-375_rna-seq_GC7-1R_R2_raw	0.031410564775346136	0.00757806770561528	0.0002890247244434263	0.0006976735709481596	1.68597755925332e-05	0.00044156555123301235	0.0006310373150348141	0.0017879390592653065	0.00024888240160406155	0.00010998996457985945	9.112307284535802e-05	0.0006125718465287063	0.0014033756064641921	0.00013006112599954183	0.0006093604607015571	0.0028368579550579077	0.0015033299903342103	0.0014134111871740333	0.004064811610714076	0.003782209657924948	0.006063096441657654	0.003663789805548822	0.002253590004201938	0.002565495852663802	0.0006310373150348141	0.001795164677376392	0.002832843722773971	0.0017281269982346531	0.002569911508176132	0.004511997087144599	0.002383249706973086	0.0030110756361807507	0.005170732604938575	0.0042599032997133884	0.004110172435522558	0.006108457266466137	0.0068057294141859025	0.008330334835624975	0.005302399423851692	0.0035947450102651146	0.003917087862665213	0.0036055834374317435	0.003549785608685026	0.003811914976826078	0.0040852841953621525	0.003961244417788515	0.004379928845003089	0.004925463012390056	0.004730371323390744	0.0053333090124380025	0.007550770926084512	0.007171425975252515	0.00780487182965769	0.007592920365065845	0.01245415566091292
	1	2	3	4	5	6	7	8	9	10	12	14	16	18	20	22	24	26	28	30	32	34	36	38	40	42	44	46	48	50	52	54	56	58	60	62	64	66	68	70	72	74	76	78	80	82	84	86	88	90	92	94	96	98	100
GLDS-375_rna-seq_GC7-1S_R1_raw	0.00023930539478362592	0.12023866779342356	8.195390232315957e-07	0.0	0.0013596152395412172	5.73677316262117e-06	4.343556823127457e-05	0.0	8.195390232315956e-06	7.908551574184897e-05	8.195390232315956e-06	1.6800549976247712e-05	3.2781560929263828e-06	4.0976951161579785e-07	4.507464627773776e-06	1.3522393883321326e-05	1.2293085348473934e-06	3.2781560929263828e-06	1.4751702418168721e-05	5.531888406813271e-05	2.8274096301490048e-05	3.3601099952495424e-05	7.37585120908436e-05	0.0006277668917954023	1.639078046463191e-05	0.000115555002275655	0.0	1.6390780464631914e-06	3.564994751057441e-05	2.1308014604021487e-05	2.048847558078989e-05	3.9747642626732383e-05	7.334874257922781e-05	0.00011678431081050237	0.00011678431081050237	0.0006306352783767128	0.00033928915561788056	0.0001639078046463191	0.00022332438383060982	0.00020324567776143572	0.002541800280552794	7.416828160245941e-05	0.0003524017799895861	0.0016378487379283438	0.006355115355649409	0.002744226419290998	0.0023041339638156313	0.0005712186991924221	0.0002778237288755109	0.00024791055452755766	0.00021062152897052008	0.00026839903010834757	0.0001307164742054395	4.917234139389574e-06	2.4995940208563667e-05
	1	2	3	4	5	6	7	8	9	10	12	14	16	18	20	22	24	26	28	30	32	34	36	38	40	42	44	46	48	50	52	54	56	58	60	62	64	66	68	70	72	74	76	78	80	82	84	86	88	90	92	94	96	98	100
GLDS-375_rna-seq_GC7-1S_R2_raw	0.029295241924436617	0.007414369543176246	0.0002565157142714894	0.0007384046599316677	2.7044787766642653e-05	0.00035486039705928094	0.000531061287054074	0.0015440115197683261	0.00021389968506344646	8.728090597416493e-05	8.277344134639116e-05	0.0005306515175424581	0.0012202936055918459	0.00011637454129888658	0.0005347492126586161	0.002584006540249221	0.0012973302737756159	0.0012358648470332462	0.0036809595228447117	0.0033957599427601164	0.005583109595765245	0.0032560285392991294	0.001965664347220982	0.0022623374736308196	0.0005671210040762641	0.0015649097648607318	0.0025196727269255407	0.0015444212892799418	0.002282006410188378	0.0040907290344605095	0.002101298055565811	0.002685629379129939	0.004718495926255912	0.0038842052006061475	0.0038034806068178353	0.005633511245693988	0.006270293066744938	0.007602453749007896	0.004836919315112878	0.003261355542950135	0.0035240177998958613	0.0032601262344152874	0.0032068561979052335	0.003481401770687818	0.0036924330691699542	0.003587122304684694	0.004004677437021192	0.004493532464378839	0.004325526964616362	0.004882813500413846	0.006994765563281669	0.006620236229664829	0.007176293456927467	0.006961574232840789	0.011457975083800939
	1	2	3	4	5	6	7	8	9	10	12	14	16	18	20	22	24	26	28	30	32	34	36	38	40	42	44	46	48	50	52	54	56	58	60	62	64	66	68	70	72	74	76	78	80	82	84	86	88	90	92	94	96	98	100
GLDS-375_rna-seq_GC8-1R_R1_raw	0.000253117445077058	0.12029927701438814	5.955704590048424e-07	0.0	0.0014424716517097286	3.573422754029055e-06	4.34766435073535e-05	0.0	1.1315838721092008e-05	8.248650857217069e-05	7.4446307375605315e-06	2.2036106983179172e-05	1.1911409180096849e-06	5.955704590048424e-07	3.871207983531476e-06	6.849060278555689e-06	0.0	5.360134131043582e-06	1.7271543311140433e-05	5.9259260670981826e-05	3.1863019556759074e-05	3.692536845830024e-05	7.623301875261983e-05	0.0006554252901348292	1.9951610376662224e-05	9.886469619480385e-05	0.0	2.0844966065169487e-06	3.990322075332445e-05	1.9058254688154958e-05	2.0844966065169487e-05	4.228550258934382e-05	7.027731416257142e-05	0.00010452261555534987	9.94602666538087e-05	0.000626242337643592	0.00034662200714081836	0.00015603946025926873	0.00019683603670110048	0.00017301321834090676	0.002567504248769876	8.427321994918522e-05	0.00035376885264887644	0.0016154848700506352	0.006357714649876694	0.0027560022990449086	0.0022878839182671027	0.0005565605939400253	0.0002825981827977978	0.00024090825066745879	0.00019862274807811497	0.00026562442471615976	0.00011970966225997334	5.062348901541162e-06	2.144053652417433e-05
	1	2	3	4	5	6	7	8	9	10	12	14	16	18	20	22	24	26	28	30	32	34	36	38	40	42	44	46	48	50	52	54	56	58	60	62	64	66	68	70	72	74	76	78	80	82	84	86	88	90	92	94	96	98	100
GLDS-375_rna-seq_GC8-1R_R2_raw	0.02940807812474111	0.007404727516807206	0.0002453750291099951	0.000677163611888506	2.5013959278203387e-05	0.0004288107304834866	0.0005765122043166875	0.0016515168828204283	0.00023048576763487404	9.171785068674575e-05	8.576214609669732e-05	0.0005529871711859963	0.0012760097084178752	0.00011018053491589587	0.0005488181779729624	0.002650586327801052	0.0013751721898421813	0.0012861344062209575	0.0037854458374347788	0.0034965941648174305	0.005698418151758333	0.003383733562836013	0.002075563049631876	0.0023584590176591765	0.000586041331660765	0.0016500279566729159	0.0026243812276048385	0.0016134003734441184	0.0023867486144619064	0.004175544488082951	0.002221775597317565	0.0027685092786840105	0.004868192931905583	0.0040248651619547255	0.003954290062562652	0.005810385398051243	0.006416080554859168	0.0077579007989970784	0.005005174137476696	0.0033849247037540226	0.0036395310749785924	0.0033965383277046166	0.003313158463443939	0.0036118370486348675	0.0038286246957126295	0.003747924898517474	0.004170779924410912	0.004672845821351994	0.0044858366972244735	0.005034059304738431	0.007175730675319844	0.00681719725899893	0.007387158188266564	0.007186748728811434	0.011645486970151189
	1	2	3	4	5	6	7	8	9	10	12	14	16	18	20	22	24	26	28	30	32	34	36	38	40	42	44	46	48	50	52	54	56	58	60	62	64	66	68	70	72	74	76	78	80	82	84	86	88	90	92	94	96	98	100
GLDS-375_rna-seq_GC8-1S_R1_raw	0.0002536250857290088	0.11914328496172491	0.0	0.0	0.0012996213543238096	4.97304089664723e-06	4.6415048368707486e-05	0.0	7.4595613449708455e-06	9.614545733517979e-05	8.702821569132654e-06	1.7405643138265307e-05	1.2432602241618076e-06	0.0	4.558620821926628e-06	1.0360501868015064e-05	1.2432602241618076e-06	4.558620821926628e-06	1.9063323437147718e-05	6.174859113336977e-05	3.315360597764821e-05	3.936990709845724e-05	7.873981419691449e-05	0.0006116840302876094	2.113542381075073e-05	0.00010153291830654761	4.1442007472060256e-07	3.3153605977648205e-06	4.3099687770942664e-05	1.7405643138265307e-05	2.1964263960191932e-05	3.5640126425971814e-05	7.128025285194363e-05	0.00010443385882959184	0.00010277617853070943	0.0006498106771619048	0.0003601310449322036	0.0001649391897387998	0.0001993360559406098	0.0001968495354922862	0.0024927367494444242	7.293793315082604e-05	0.00034769844269058554	0.0016149950311861881	0.006130516165341873	0.0027248119912879616	0.002300445834774065	0.0005851611455054907	0.00029258057275274537	0.00025445392587845	0.00018856113399787417	0.0002764181898386419	0.00013551536443363703	7.4595613449708455e-06	2.5694044632677357e-05
	1	2	3	4	5	6	7	8	9	10	12	14	16	18	20	22	24	26	28	30	32	34	36	38	40	42	44	46	48	50	52	54	56	58	60	62	64	66	68	70	72	74	76	78	80	82	84	86	88	90	92	94	96	98	100
GLDS-375_rna-seq_GC8-1S_R2_raw	0.029267174516918393	0.007438011501085375	0.0002751749296144801	0.0007161178891172011	2.5694044632677357e-05	0.0004119335542722789	0.0005835034652066083	0.0015731386036394073	0.00019311975481980077	9.821755770878281e-05	9.034357628909136e-05	0.0005482777588553571	0.001273098469541691	0.00011810972129537173	0.0005822602049824465	0.002641927976343841	0.0014334790384585641	0.0013534959640374878	0.0038176377283261906	0.00351428223363071	0.005625338094257459	0.003366334266955454	0.0021011097788334546	0.0023381580615736398	0.0006149993908853742	0.0017198433100905008	0.0026319818945505467	0.0016336439345486153	0.002445078440851555	0.004242832724989529	0.002225021381174915	0.0028159844077264946	0.004895958762749199	0.00406463209285967	0.004000396981277976	0.0057956647449676265	0.006392015232490574	0.007740952575706134	0.005026501086286188	0.003448389441750134	0.003683365624116715	0.003433884739134913	0.0033986590327836617	0.0036551850590357143	0.0038640527766948983	0.0038052051260845728	0.004205534918264675	0.004699523647331633	0.004542872859087245	0.005064627733160483	0.007164079831695056	0.006796903645492602	0.00735927168688846	0.007183557575206925	0.011524607857905236
	1	2	3	4	5	6	7	8	9	12	17	22	27	32	37	42	47	52	57	62	67	72	77	82	87	92	97	102	107	112	117	122	127	132	137	142	147	150
GLDS-375_rna-seq_GC9-1R_S12_L002_R1_raw	0.0022951248117561696	0.001980107680730813	2.812652955583541e-06	4.218979433375311e-05	0.0	0.0	0.0	0.0	0.0	0.0	1.6875917733501245e-06	0.0002694521531449032	0.0	0.0	0.0	6.18783650228379e-06	0.00040614708678626333	1.6875917733501245e-06	0.0	0.0	2.2501223644668326e-05	4.10647331515197e-05	4.500244728933666e-06	0.022180581207731805	6.750367093400498e-06	5.625305911167082e-07	2.4188815418018453e-05	3.375183546700249e-06	9.563020048984038e-06	3.375183546700249e-06	2.812652955583541e-06	0.0003858959855060618	5.625305911167082e-07	1.1250611822334165e-06	0.0	0.0	0.00041402251506189727	5.625305911167082e-06
	1	2	3	4	5	6	7	8	9	12	17	22	27	32	37	42	47	52	57	62	67	72	77	82	87	92	97	102	107	112	117	122	127	132	137	142	147	150
GLDS-375_rna-seq_GC9-1R_S12_L002_R2_raw	0.4967426384856091	0.005045899402316873	0.0	0.00028970325442510467	0.0	1.4063264777917703e-05	0.0	2.812652955583541e-06	5.9065712067254354e-05	0.00020813631871318205	1.6313387142384537e-05	1.6313387142384537e-05	3.375183546700249e-06	0.0010153677169656582	0.00016369640201496208	0.0006328469150062967	0.0015244579019262792	0.0028919697689309964	0.0022113077536797796	0.0015047693312371943	0.010238619288915205	0.000460712554124584	9.956791462765735e-05	2.812652955583541e-06	0.0	0.0	1.0125550640100747e-05	0.004635252070801675	9.563020048984038e-06	8.437958866750622e-06	4.500244728933666e-06	3.600195783146933e-05	0.002476822192686866	1.4625795369034413e-05	0.00013106962773019298	0.00037408284309261094	1.237567300456758e-05	0.004586030644078963
	1	2	3	4	5	6	7	8	9	12	17	22	27	32	37	42	47	52	57	62	67	72	77	82	87	92	97	102	107	112	117	122	127	132	137	142	147	150
GLDS-375_rna-seq_GC9-1S_S11_L002_R1_raw	0.0021843206063931523	0.001807237891184229	9.19713939533959e-06	5.0584266674367744e-05	0.0	0.0	0.0	0.0	0.0	0.0	0.0	0.00022349048730675201	0.0	0.0	0.0	5.518283637203753e-06	0.00033293644611129313	0.0	0.0	0.0	1.3795709093009383e-05	3.12702739441546e-05	0.0	0.022752803150130608	2.7591418186018765e-06	0.0	2.2073134548815012e-05	2.7591418186018765e-06	4.598569697669795e-06	1.8394278790679178e-06	9.197139395339589e-07	0.0003770827152089231	0.0	0.0	0.0	0.0	0.00036880528975311754	0.0
	1	2	3	4	5	6	7	8	9	12	17	22	27	32	37	42	47	52	57	62	67	72	77	82	87	92	97	102	107	112	117	122	127	132	137	142	147	150
GLDS-375_rna-seq_GC9-1S_S11_L002_R2_raw	0.48349361801300217	0.0047963081946695955	0.0	0.0002575199030695085	0.0	9.19713939533959e-06	0.0	4.598569697669795e-06	5.518283637203753e-05	0.00019957792487886906	1.4715423032543342e-05	2.3912562427882933e-05	3.6788557581358356e-06	0.000897640804985144	0.0001609499394184428	0.0006392011879761014	0.0014651043056775966	0.0028088063713367106	0.0020509620851607282	0.0015239659978077697	0.010141685611240965	0.0004322655515809607	7.633625698131859e-05	2.7591418186018765e-06	0.0	0.0	7.357711516271671e-06	0.004312538662474733	8.277425455805629e-06	9.19713939533959e-06	9.197139395339589e-07	2.483227636741689e-05	0.0023121608439883724	1.1956281213941467e-05	0.00011036567274407507	0.00033937444368803085	5.518283637203753e-06	0.004232983406705046
	1	2	3	4	5	6	7	8	9	10	12	14	16	18	20	22	24	26	28	30	32	34	36	38	40	42	44	46	48	50	52	54	56	58	60	62	64	66	68	70	72	74	76	78	80	82	84	86	88	90	92	94	96	98	100
GLDS-375_rna-seq_Plantctrl_rep1_R1_raw	0.0002771676476085502	0.12079187816898707	0.0	0.0	0.0015403130069765831	2.2173411808684017e-06	5.838998442953458e-05	0.0	6.652023542605206e-06	9.201965900603868e-05	1.1456262767820076e-05	1.6260501993034946e-05	1.4782274539122679e-06	0.0	4.065125498258737e-06	1.108670590434201e-05	1.4782274539122679e-06	2.2173411808684017e-06	1.663005885651301e-05	6.541156483561785e-05	3.547745889389443e-05	4.0281698119109304e-05	7.575915701300373e-05	0.0006748108327109503	2.4760309853030488e-05	9.682389823125355e-05	3.6955686347806697e-07	1.1086705904342009e-06	3.36296745765041e-05	1.8477843173903347e-05	2.3282082399118217e-05	3.399923143998216e-05	7.391137269561339e-05	0.0001064323766816833	0.0001119757296338543	0.0006663110248509548	0.00035144857716764167	0.00015927900815904686	0.00021064741218249818	0.00019623469450685358	0.0026693092249020778	8.49980785999554e-05	0.0003636439536624179	0.0017254609955790947	0.006579590397363505	0.0028540876566411112	0.0023692290517578875	0.0005709653540736134	0.00028123277310680895	0.00025129866716508555	0.00020843007100162977	0.0002719938515198573	0.0001385838238042751	8.130250996517473e-06	2.3282082399118217e-05
	1	2	3	4	5	6	7	8	9	10	12	14	16	18	20	22	24	26	28	30	32	34	36	38	40	42	44	46	48	50	52	54	56	58	60	62	64	66	68	70	72	74	76	78	80	82	84	86	88	90	92	94	96	98	100
GLDS-375_rna-seq_Plantctrl_rep1_R2_raw	0.0300996674165616	0.00758404595229689	0.0002490813259842171	0.0006799846287996432	2.6608094170420824e-05	0.0004604678518936715	0.0005735522521179599	0.0017302652348043096	0.0002195167769059718	9.201965900603868e-05	0.00010125858059299036	0.0005694871266197012	0.001329665594794085	0.00013008401594427957	0.000595725663926644	0.0027628071113620285	0.0014530975871957592	0.0013640343830975453	0.003956845337259663	0.003645678458211131	0.0059099533607412475	0.0035410938658468377	0.0021382560120840953	0.002427249479323944	0.0006223337580970648	0.0017457866230703885	0.002731394777966393	0.0016622667719243453	0.002484161236299566	0.0043445104870481555	0.002279057177069239	0.002899173593985435	0.0050544292217895226	0.004174514329848244	0.004103928968923934	0.006058145662995952	0.006646480189653034	0.007994254070757545	0.00520964310445031	0.0035318549442598865	0.003835630686038857	0.003521876908945978	0.0034797474265094784	0.0037731755761110635	0.004011909309917895	0.003908802945007514	0.004330467326235989	0.004849694719422673	0.00467822033476885	0.005271728657514625	0.0074092455558717645	0.007043384261028479	0.007634675242593386	0.00741774536373176	0.011874601137277247
	1	2	3	4	5	6	7	8	9	10	12	14	16	18	20	22	24	26	28	30	32	34	36	38	40	42	44	46	48	50	52	54	56	58	60	62	64	66	68	70	72	74	76	78	80	82	84	86	88	90	92	94	96	98	100
GLDS-375_rna-seq_Plantctrl_rep2_R1_raw	0.00029238735259192703	0.1203401964401746	6.706131940181812e-07	0.0	0.0015853295906589804	2.682452776072725e-06	5.2307829133418145e-05	0.0	1.07298111042909e-05	9.623299334160901e-05	1.2406344089336354e-05	2.078900901456362e-05	3.0177593730818162e-06	0.0	4.3589857611181785e-06	9.053278119245447e-06	1.005919791027272e-06	5.36490555214545e-06	1.676532985045453e-05	5.9349267670609036e-05	2.9506980536799974e-05	3.621311247698179e-05	7.410275793900903e-05	0.0006987789481669449	1.8106556238490895e-05	9.656829993861812e-05	0.0	3.3530659700909063e-06	4.392516420819087e-05	2.2465541999609072e-05	2.2800848596618165e-05	4.694292358127269e-05	7.611459752106358e-05	0.00011702200235617264	0.00011132179020701808	0.0006920728162267631	0.0003695078699040179	0.00015122327525109988	0.00020218987799648167	0.0001897835339071453	0.0028682126308157614	8.717971522236357e-05	0.00039834423724679965	0.0017871841620584528	0.006835224980030312	0.002914484941203016	0.0024034776873611617	0.0005988575822582359	0.0002964110317560361	0.0002571801599059725	0.00021660806166787257	0.00026723935781624523	0.00012238690790831807	6.0355187461636325e-06	2.14596222085818e-05
	1	2	3	4	5	6	7	8	9	10	12	14	16	18	20	22	24	26	28	30	32	34	36	38	40	42	44	46	48	50	52	54	56	58	60	62	64	66	68	70	72	74	76	78	80	82	84	86	88	90	92	94	96	98	100
GLDS-375_rna-seq_Plantctrl_rep2_R2_raw	0.030967576073371576	0.007504832254257467	0.0003037877768902361	0.0006612246093019268	3.621311247698179e-05	0.00046205249067852696	0.0006558597037497813	0.0018911292071312712	0.0002789750887115634	0.00010293912528179083	0.00010226851208777265	0.0006340647749441904	0.0014548953244224443	0.00013848162456475444	0.0006468064256305359	0.0029061022762777882	0.0015296686955554714	0.0014230411977065806	0.004097111308854079	0.0038275248048587696	0.006141140324221496	0.003695414005637188	0.002234818469065589	0.0025795136507909345	0.0006749721797792994	0.0018364742318187895	0.002915155554397034	0.0017258230548057895	0.0026133796170888525	0.004582299954726233	0.0023843652113316434	0.0030217830522459247	0.005246542323401241	0.004326796327805305	0.004182614491091397	0.006152205441922795	0.006852660923074786	0.008310238700273302	0.005346128382712941	0.003612928582772952	0.0039867954384380875	0.003669260091070479	0.0036102461299968793	0.0038724558888579876	0.004122929916823778	0.004003225461691533	0.004441806490579424	0.004976285206211914	0.004802931695558214	0.005381670881995905	0.007582623384763575	0.007188973439874903	0.007818679229057976	0.007587652983718712	0.01235604809978499
	1	2	3	4	5	6	7	8	9	10	12	14	16	18	20	22	24	26	28	30	32	34	36	38	40	42	44	46	48	50	52	54	56	58	60	62	64	66	68	70	72	74	76	78	80	82	84	86	88	90	92	94	96	98	100
GLDS-375_rna-seq_Plantctrl_rep3_R1_raw	0.00026762113235379254	0.12035724056144023	1.693804635150586e-06	0.0	0.0015599940689736895	6.775218540602344e-06	5.7024756050069726e-05	0.0	1.4679640171305077e-05	8.44079309850042e-05	6.775218540602344e-06	1.9196452531706637e-05	1.9761054076756835e-06	2.823007725250976e-07	5.363714677976855e-06	1.0445128583428612e-05	8.46902317575293e-07	2.823007725250976e-06	1.5244241716355273e-05	5.787165836764501e-05	3.020618266018545e-05	3.698140120078779e-05	7.735041167187676e-05	0.0006888138849612383	1.8631850986656446e-05	9.626456343105829e-05	0.0	2.823007725250976e-06	3.7546002745837984e-05	1.947875330423174e-05	1.9196452531706637e-05	3.811060429088818e-05	7.14220954488497e-05	0.00010445128583428614	9.795836806620889e-05	0.0006492917768077246	0.0003523113641113219	0.0001555477256613288	0.0001913999237720162	0.00017615568205566094	0.002662660886456721	7.735041167187676e-05	0.00035287596565637203	0.0016802541980693812	0.006650159298373724	0.002828089139156428	0.002338861900370434	0.0005665776504578709	0.00027467865166692	0.00024221406282653378	0.0001913999237720162	0.0002574583045428891	0.00011574331673529002	5.0814139054517575e-06	2.286636257453291e-05
	1	2	3	4	5	6	7	8	9	10	12	14	16	18	20	22	24	26	28	30	32	34	36	38	40	42	44	46	48	50	52	54	56	58	60	62	64	66	68	70	72	74	76	78	80	82	84	86	88	90	92	94	96	98	100
GLDS-375_rna-seq_Plantctrl_rep3_R2_raw	0.03001026592405303	0.007377083787625852	0.0002710087416240937	0.0006899430880513386	2.3713264892108202e-05	0.00036416799655737594	0.0005849272006720023	0.0016136312157534582	0.00022188840720472673	9.908757115630927e-05	8.29964271223787e-05	0.0005651661465952455	0.0012697888748178891	9.682916497610849e-05	0.0005422997840207126	0.0026177750636252302	0.0013366941579063373	0.0012683773709552637	0.0037314516112367403	0.003462418975020323	0.005740303908525336	0.003365589810044214	0.0020303071560005023	0.002338861900370434	0.0005750466736336239	0.0016376267814180914	0.002583616670149694	0.0015726976037373189	0.002362857466035067	0.004214750533799707	0.0021627062183147733	0.002734929884223146	0.004835247631809873	0.0039587037331194445	0.003854817048830208	0.005736633998482509	0.006354872690312472	0.007746615498861204	0.004962847580991217	0.003358532290731087	0.003626153423084879	0.0033653075092716887	0.003298684526955766	0.0035564251322711803	0.003805979015183366	0.00365833571115274	0.004104935533287444	0.004592751268210814	0.004406150457571724	0.004992206861333826	0.007090830804285402	0.006682059285669061	0.007252306846169758	0.0070363467551880585	0.011620064398678069

